year,prefecture,district,site_id,cultivar_type,Anthracnose,Mealybug,Persimmon_fruit_moth,Stink_bugs,Leafroller_moth,sample_size
1979,Wakayama,Hashimotoshi,Hashimotoshi_N_01,Non_astringent,3,0,0,3,0,90
1979,Wakayama,Hashimotoshi,Hashimotoshi_N_02,Non_astringent,0,3,0,3,3,90
1979,Wakayama,Hashimotoshi,Hashimotoshi_N_03,Non_astringent,0,0,0,0,0,90
1979,Wakayama,Hashimotoshi,Hashimotoshi_N_04,Non_astringent,0,3,0,3,18,90
1979,Wakayama,Hashimotoshi,Hashimotoshi_N_05,Non_astringent,0,0,0,0,6,90
1979,Wakayama,Hashimotoshi,Hashimotoshi_N_06,Non_astringent,0,0,0,0,0,90
1979,Wakayama,Hashimotoshi,Hashimotoshi_N_07,Non_astringent,0,0,0,9,3,90
1979,Wakayama,Kudoyamacho,Kudoyamacho_N_01,Non_astringent,0,0,0,0,0,90
1979,Wakayama,Kudoyamacho,Kudoyamacho_N_02,Non_astringent,0,0,0,0,0,90
1979,Wakayama,Kudoyamacho,Kudoyamacho_N_03,Non_astringent,3,6,0,0,6,90
1979,Wakayama,Kudoyamacho,Kudoyamacho_N_04,Non_astringent,0,0,0,0,9,90
1979,Wakayama,Koyaguchicho,Kudoyamacho_N_05,Non_astringent,0,3,0,6,0,90
1979,Wakayama,Katuragicho,Katuragicho_N_01,Non_astringent,0,59,0,15,3,90
1979,Wakayama,Katuragicho,Katuragicho_N_02,Non_astringent,0,0,0,0,6,90
1979,Wakayama,Katuragicho,Katuragicho_N_03,Non_astringent,0,0,0,0,0,90
1979,Wakayama,Kokawacho,Kokawacho_N_01,Non_astringent,0,6,0,3,6,90
1979,Wakayama,Momoyamacho,Momoyamacho_N_01,Non_astringent,0,9,0,15,9,90
1979,Wakayama,Momoyamacho,Momoyamacho_N_02,Non_astringent,0,6,0,3,15,90
1979,Wakayama,Misatocho,Misatocho_N_01,Non_astringent,0,9,0,3,15,90
1979,Wakayama,Misatocho,Misatocho_N_02,Non_astringent,0,0,0,6,0,90
1979,Wakayama,Misatocho,Misatocho_N_03,Non_astringent,0,0,0,0,6,90
1979,Wakayama,Misatocho,Misatocho_N_04,Non_astringent,3,0,0,0,3,90
1979,Wakayama,Misatocho,Misatocho_N_05,Non_astringent,3,0,3,0,3,90
1980,Wakayama,Hashimotoshi,Hashimotoshi_N_01,Non_astringent,0,0,NA,6,0,90
1980,Wakayama,Hashimotoshi,Hashimotoshi_N_02,Non_astringent,0,0,NA,0,0,90
1980,Wakayama,Hashimotoshi,Hashimotoshi_N_03,Non_astringent,0,0,NA,0,3,90
1980,Wakayama,Hashimotoshi,Hashimotoshi_N_04,Non_astringent,3,0,NA,0,3,90
1980,Wakayama,Hashimotoshi,Hashimotoshi_N_05,Non_astringent,0,0,NA,12,3,90
1980,Wakayama,Hashimotoshi,Hashimotoshi_N_06,Non_astringent,0,0,NA,0,3,90
1980,Wakayama,Hashimotoshi,Hashimotoshi_N_07,Non_astringent,0,0,NA,0,3,90
1980,Wakayama,Kudoyamacho,Kudoyamacho_N_01,Non_astringent,0,0,NA,0,3,90
1980,Wakayama,Kudoyamacho,Kudoyamacho_N_02,Non_astringent,0,0,NA,0,0,90
1980,Wakayama,Kudoyamacho,Kudoyamacho_N_03,Non_astringent,0,0,NA,0,3,90
1980,Wakayama,Kudoyamacho,Kudoyamacho_N_04,Non_astringent,0,0,NA,0,0,90
1980,Wakayama,Koyaguchicho,Koyaguchicho_N_01,Non_astringent,0,0,NA,0,3,90
1980,Wakayama,Katuragicho,Katuragicho_N_01,Non_astringent,0,9,NA,0,3,90
1980,Wakayama,Katuragicho,Katuragicho_N_02,Non_astringent,0,0,NA,0,3,90
1980,Wakayama,Katuragicho,Katuragicho_N_03,Non_astringent,0,0,NA,0,0,90
1980,Wakayama,Kokawacho,Kokawacho_N_01,Non_astringent,0,0,NA,0,6,90
1980,Wakayama,Momoyamacho,Momoyamacho_N_01,Non_astringent,0,0,NA,0,0,90
1980,Wakayama,Momoyamacho,Momoyamacho_N_02,Non_astringent,0,0,NA,0,3,90
1980,Wakayama,Misatocho,Misatocho_N_01,Non_astringent,0,0,NA,0,12,90
1980,Wakayama,Misatocho,Misatocho_N_02,Non_astringent,3,0,NA,0,3,90
1980,Wakayama,Misatocho,Misatocho_N_03,Non_astringent,0,0,NA,0,6,90
1980,Wakayama,Misatocho,Misatocho_N_04,Non_astringent,0,0,NA,0,6,90
1980,Wakayama,Misatocho,Misatocho_N_05,Non_astringent,0,0,NA,0,9,90
1981,Wakayama,Hashimotoshi,Hashimotoshi_N_01,Non_astringent,9,0,NA,6,18,90
1981,Wakayama,Hashimotoshi,Hashimotoshi_N_02,Non_astringent,0,0,NA,51,0,90
1981,Wakayama,Hashimotoshi,Hashimotoshi_N_03,Non_astringent,0,6,NA,0,0,90
1981,Wakayama,Hashimotoshi,Hashimotoshi_N_04,Non_astringent,0,0,NA,0,6,90
1981,Wakayama,Hashimotoshi,Hashimotoshi_N_05,Non_astringent,3,0,NA,0,6,90
1981,Wakayama,Hashimotoshi,Hashimotoshi_N_06,Non_astringent,0,0,NA,0,3,90
1981,Wakayama,Hashimotoshi,Hashimotoshi_N_07,Non_astringent,0,0,NA,0,6,90
1981,Wakayama,Kudoyamacho,Kudoyamacho_N_01,Non_astringent,0,0,NA,0,0,90
1981,Wakayama,Kudoyamacho,Kudoyamacho_N_02,Non_astringent,3,0,NA,0,3,90
1981,Wakayama,Kudoyamacho,Kudoyamacho_N_03,Non_astringent,0,0,NA,0,0,90
1981,Wakayama,Kudoyamacho,Kudoyamacho_N_04,Non_astringent,3,0,NA,0,3,90
1981,Wakayama,Koyaguchicho,Koyaguchicho_01,Non_astringent,0,0,NA,0,0,90
1981,Wakayama,Katuragicho,Katuragicho_N_01,Non_astringent,0,3,NA,0,0,90
1981,Wakayama,Katuragicho,Katuragicho_N_02,Non_astringent,0,0,NA,0,3,90
1981,Wakayama,Katuragicho,Katuragicho_N_03,Non_astringent,0,0,NA,0,3,90
1981,Wakayama,Kokawacho,Kokawacho_N_01,Non_astringent,3,27,NA,0,9,90
1981,Wakayama,Momoyamacho,Momoyamacho_N_01,Non_astringent,0,3,NA,0,12,90
1981,Wakayama,Momoyamacho,Momoyamacho_N_02,Non_astringent,0,3,NA,0,15,90
1981,Wakayama,Misatocho,Misatocho_N_01,Non_astringent,3,12,NA,0,0,90
1981,Wakayama,Misatocho,Misatocho_N_02,Non_astringent,0,0,NA,0,3,90
1981,Wakayama,Misatocho,Misatocho_N_03,Non_astringent,0,0,NA,0,9,90
1981,Wakayama,Misatocho,Misatocho_N_04,Non_astringent,3,0,NA,9,8,90
1981,Wakayama,Misatocho,Misatocho_N_05,Non_astringent,0,0,NA,0,8,90
1982,Wakayama,Hashimotoshi,Hashimotoshi_N_01,Non_astringent,0,0,0,NA,0,90
1982,Wakayama,Hashimotoshi,Hashimotoshi_N_02,Non_astringent,3,0,0,NA,0,90
1982,Wakayama,Hashimotoshi,Hashimotoshi_N_03,Non_astringent,0,0,0,NA,0,90
1982,Wakayama,Hashimotoshi,Hashimotoshi_N_04,Non_astringent,3,9,0,NA,0,90
1982,Wakayama,Hashimotoshi,Hashimotoshi_N_05,Non_astringent,0,0,0,NA,0,90
1982,Wakayama,Hashimotoshi,Hashimotoshi_N_06,Non_astringent,0,0,0,NA,0,90
1982,Wakayama,Hashimotoshi,Hashimotoshi_N_07,Non_astringent,0,3,0,NA,0,90
1982,Wakayama,Kudoyamacho,Kudoyamacho_N_01,Non_astringent,0,0,0,NA,3,90
1982,Wakayama,Kudoyamacho,Kudoyamacho_N_02,Non_astringent,0,0,0,NA,0,90
1982,Wakayama,Kudoyamacho,Kudoyamacho_N_03,Non_astringent,0,0,0,NA,0,90
1982,Wakayama,Kudoyamacho,Kudoyamacho_N_04,Non_astringent,0,0,0,NA,3,90
1982,Wakayama,Koyaguchicho,Koyaguchicho_01,Non_astringent,0,0,0,NA,0,90
1982,Wakayama,Katuragicho,Katuragicho_N_01,Non_astringent,0,6,0,NA,0,90
1982,Wakayama,Katuragicho,Katuragicho_N_02,Non_astringent,0,0,0,NA,0,90
1982,Wakayama,Katuragicho,Katuragicho_N_03,Non_astringent,0,0,0,NA,12,90
1982,Wakayama,Kokawacho,Kokawacho_N_01,Non_astringent,0,39,0,NA,0,90
1982,Wakayama,Momoyamacho,Momoyamacho_N_01,Non_astringent,0,0,0,NA,3,90
1982,Wakayama,Momoyamacho,Momoyamacho_N_02,Non_astringent,0,0,0,NA,0,90
1982,Wakayama,Misatocho,Misatocho_N_01,Non_astringent,0,0,15,NA,0,90
1982,Wakayama,Misatocho,Misatocho_N_02,Non_astringent,0,0,0,NA,0,90
1982,Wakayama,Misatocho,Misatocho_N_03,Non_astringent,0,0,0,NA,0,90
1982,Wakayama,Misatocho,Misatocho_N_04,Non_astringent,0,0,0,NA,0,90
1982,Wakayama,Misatocho,Misatocho_N_05,Non_astringent,0,0,0,NA,3,90
1983,Wakayama,Hashimotoshi,Hashimotoshi_N_01,Non_astringent,0,0,0,24,0,90
1983,Wakayama,Hashimotoshi,Hashimotoshi_N_02,Non_astringent,6,0,0,39,0,90
1983,Wakayama,Hashimotoshi,Hashimotoshi_N_03,Non_astringent,0,3,0,6,0,90
1983,Wakayama,Hashimotoshi,Hashimotoshi_N_04,Non_astringent,3,0,0,30,0,90
1983,Wakayama,Hashimotoshi,Hashimotoshi_N_05,Non_astringent,0,0,0,36,0,90
1983,Wakayama,Hashimotoshi,Hashimotoshi_N_06,Non_astringent,0,0,0,18,0,90
1983,Wakayama,Hashimotoshi,Hashimotoshi_N_07,Non_astringent,0,0,6,0,0,90
1983,Wakayama,Kudoyamacho,Kudoyamacho_N_01,Non_astringent,0,0,0,0,0,90
1983,Wakayama,Kudoyamacho,Kudoyamacho_N_02,Non_astringent,3,0,0,45,3,90
1983,Wakayama,Kudoyamacho,Kudoyamacho_N_03,Non_astringent,0,0,0,33,0,90
1983,Wakayama,Kudoyamacho,Kudoyamacho_N_04,Non_astringent,0,0,0,0,6,90
1983,Wakayama,Koyaguchicho,Koyaguchicho_01,Non_astringent,0,0,0,15,0,90
1983,Wakayama,Katuragicho,Katuragicho_N_01,Non_astringent,0,0,0,0,0,90
1983,Wakayama,Katuragicho,Katuragicho_N_02,Non_astringent,0,0,0,0,0,90
1983,Wakayama,Katuragicho,Katuragicho_N_03,Non_astringent,0,0,0,0,0,90
1983,Wakayama,Kokawacho,Kokawacho_N_01,Non_astringent,0,6,0,0,3,90
1983,Wakayama,Momoyamacho,Momoyamacho_N_01,Non_astringent,0,0,0,0,3,90
1983,Wakayama,Momoyamacho,Momoyamacho_N_02,Non_astringent,6,0,0,12,0,90
1983,Wakayama,Misatocho,Misatocho_N_01,Non_astringent,0,0,9,6,0,90
1983,Wakayama,Misatocho,Misatocho_N_02,Non_astringent,0,0,0,21,3,90
1983,Wakayama,Misatocho,Misatocho_N_03,Non_astringent,0,0,0,0,0,90
1983,Wakayama,Misatocho,Misatocho_N_04,Non_astringent,0,0,0,9,0,90
1983,Wakayama,Misatocho,Misatocho_N_05,Non_astringent,3,0,0,45,0,90
1984,Wakayama,Hashimotoshi,Hashimotoshi_N_01,Non_astringent,0,3,0,0,0,90
1984,Wakayama,Hashimotoshi,Hashimotoshi_N_02,Non_astringent,0,0,0,0,9,90
1984,Wakayama,Hashimotoshi,Hashimotoshi_N_03,Non_astringent,0,0,0,0,3,90
1984,Wakayama,Hashimotoshi,Hashimotoshi_N_04,Non_astringent,0,0,0,0,9,90
1984,Wakayama,Hashimotoshi,Hashimotoshi_N_05,Non_astringent,0,0,0,0,0,90
1984,Wakayama,Hashimotoshi,Hashimotoshi_N_06,Non_astringent,0,0,0,0,0,90
1984,Wakayama,Hashimotoshi,Hashimotoshi_N_07,Non_astringent,0,0,0,0,0,90
1984,Wakayama,Kudoyamacho,Kudoyamacho_N_01,Non_astringent,0,0,0,0,0,90
1984,Wakayama,Kudoyamacho,Kudoyamacho_N_02,Non_astringent,0,3,0,0,6,90
1984,Wakayama,Kudoyamacho,Kudoyamacho_N_03,Non_astringent,0,0,0,0,0,90
1984,Wakayama,Kudoyamacho,Kudoyamacho_N_04,Non_astringent,0,0,0,0,0,90
1984,Wakayama,Koyaguchicho,Koyaguchicho_01,Non_astringent,0,0,3,0,3,90
1984,Wakayama,Katuragicho,Katuragicho_N_01,Non_astringent,0,6,0,0,0,90
1984,Wakayama,Katuragicho,Katuragicho_N_02,Non_astringent,0,0,0,0,12,90
1984,Wakayama,Katuragicho,Katuragicho_N_03,Non_astringent,0,0,0,0,6,90
1984,Wakayama,Kokawacho,Kokawacho_N_01,Non_astringent,0,21,0,0,6,90
1984,Wakayama,Momoyamacho,Momoyamacho_N_01,Non_astringent,0,0,0,0,6,90
1984,Wakayama,Momoyamacho,Momoyamacho_N_02,Non_astringent,0,3,0,0,3,90
1984,Wakayama,Misatocho,Misatocho_N_01,Non_astringent,0,9,18,0,6,90
1984,Wakayama,Misatocho,Misatocho_N_02,Non_astringent,0,0,0,0,0,90
1984,Wakayama,Misatocho,Misatocho_N_03,Non_astringent,0,0,0,3,0,90
1984,Wakayama,Misatocho,Misatocho_N_04,Non_astringent,0,0,0,12,3,90
1984,Wakayama,Misatocho,Misatocho_N_05,Non_astringent,0,6,0,0,3,90
1985,Wakayama,Hashimotoshi,Hashimotoshi_N_01,Non_astringent,NA,NA,NA,NA,NA,90
1985,Wakayama,Hashimotoshi,Hashimotoshi_N_02,Non_astringent,NA,NA,NA,NA,NA,90
1985,Wakayama,Hashimotoshi,Hashimotoshi_N_03,Non_astringent,NA,NA,NA,NA,NA,90
1985,Wakayama,Hashimotoshi,Hashimotoshi_N_04,Non_astringent,NA,NA,NA,NA,NA,90
1985,Wakayama,Hashimotoshi,Hashimotoshi_N_05,Non_astringent,NA,NA,NA,NA,NA,90
1985,Wakayama,Hashimotoshi,Hashimotoshi_N_06,Non_astringent,NA,NA,NA,NA,NA,90
1985,Wakayama,Hashimotoshi,Hashimotoshi_N_07,Non_astringent,NA,NA,NA,NA,NA,90
1985,Wakayama,Kudoyamacho,Kudoyamacho_N_01,Non_astringent,NA,NA,NA,NA,NA,90
1985,Wakayama,Kudoyamacho,Kudoyamacho_N_02,Non_astringent,NA,NA,NA,NA,NA,90
1985,Wakayama,Kudoyamacho,Kudoyamacho_N_03,Non_astringent,NA,NA,NA,NA,NA,90
1985,Wakayama,Kudoyamacho,Kudoyamacho_N_04,Non_astringent,NA,NA,NA,NA,NA,90
1985,Wakayama,Koyaguchicho,Koyaguchicho_01,Non_astringent,NA,NA,NA,NA,NA,90
1985,Wakayama,Katuragicho,Katuragicho_N_01,Non_astringent,NA,NA,NA,NA,NA,90
1985,Wakayama,Katuragicho,Katuragicho_N_02,Non_astringent,NA,NA,NA,NA,NA,90
1985,Wakayama,Katuragicho,Katuragicho_N_03,Non_astringent,NA,NA,NA,NA,NA,90
1985,Wakayama,Kokawacho,Kokawacho_N_01,Non_astringent,NA,NA,NA,NA,NA,90
1985,Wakayama,Momoyamacho,Momoyamacho_N_01,Non_astringent,NA,NA,NA,NA,NA,90
1985,Wakayama,Momoyamacho,Momoyamacho_N_02,Non_astringent,NA,NA,NA,NA,NA,90
1985,Wakayama,Misatocho,Misatocho_N_01,Non_astringent,NA,NA,NA,NA,NA,90
1985,Wakayama,Misatocho,Misatocho_N_02,Non_astringent,NA,NA,NA,NA,NA,90
1985,Wakayama,Misatocho,Misatocho_N_03,Non_astringent,NA,NA,NA,NA,NA,90
1985,Wakayama,Misatocho,Misatocho_N_04,Non_astringent,NA,NA,NA,NA,NA,90
1985,Wakayama,Misatocho,Misatocho_N_05,Non_astringent,NA,NA,NA,NA,NA,90
1986,Wakayama,Hashimotoshi,Hashimotoshi_N_01,Non_astringent,0,2,0,0,2,90
1986,Wakayama,Hashimotoshi,Hashimotoshi_N_02,Non_astringent,1,6,0,4,3,90
1986,Wakayama,Hashimotoshi,Hashimotoshi_N_03,Non_astringent,0,2,0,0,1,90
1986,Wakayama,Hashimotoshi,Hashimotoshi_N_04,Non_astringent,2,6,0,0,10,90
1986,Wakayama,Hashimotoshi,Hashimotoshi_N_05,Non_astringent,0,1,0,0,1,90
1986,Wakayama,Hashimotoshi,Hashimotoshi_N_06,Non_astringent,2,0,0,2,5,90
1986,Wakayama,Hashimotoshi,Hashimotoshi_N_07,Non_astringent,0,4,0,0,2,90
1986,Wakayama,Kudoyamacho,Kudoyamacho_N_01,Non_astringent,0,0,0,0,1,90
1986,Wakayama,Kudoyamacho,Kudoyamacho_N_02,Non_astringent,0,0,0,0,1,90
1986,Wakayama,Kudoyamacho,Kudoyamacho_N_03,Non_astringent,0,1,0,3,0,90
1986,Wakayama,Kudoyamacho,Kudoyamacho_N_04,Non_astringent,0,0,0,0,4,90
1986,Wakayama,Koyaguchicho,Koyaguchicho_01,Non_astringent,0,14,0,1,0,90
1986,Wakayama,Katuragicho,Katuragicho_N_01,Non_astringent,0,2,0,0,3,90
1986,Wakayama,Katuragicho,Katuragicho_N_02,Non_astringent,0,2,0,2,8,90
1986,Wakayama,Katuragicho,Katuragicho_N_03,Non_astringent,0,1,0,0,13,90
1986,Wakayama,Kokawacho,Kokawacho_N_01,Non_astringent,0,3,0,0,7,90
1986,Wakayama,Momoyamacho,Momoyamacho_N_01,Non_astringent,0,0,0,0,13,90
1986,Wakayama,Momoyamacho,Momoyamacho_N_02,Non_astringent,0,3,0,0,13,90
1986,Wakayama,Misatocho,Misatocho_N_01,Non_astringent,0,0,0,0,3,90
1986,Wakayama,Misatocho,Misatocho_N_02,Non_astringent,0,0,0,0,1,90
1986,Wakayama,Misatocho,Misatocho_N_03,Non_astringent,0,0,0,0,0,90
1986,Wakayama,Misatocho,Misatocho_N_04,Non_astringent,0,0,0,0,0,90
1986,Wakayama,Misatocho,Misatocho_N_05,Non_astringent,0,0,0,7,0,90
1987,Wakayama,Hashimotoshi,Hashimotoshi_N_01,Non_astringent,0,17,0,14,2,90
1987,Wakayama,Hashimotoshi,Hashimotoshi_N_02,Non_astringent,0,10,0,28,0,90
1987,Wakayama,Hashimotoshi,Hashimotoshi_N_03,Non_astringent,0,3,0,16,1,90
1987,Wakayama,Hashimotoshi,Hashimotoshi_N_04,Non_astringent,0,0,0,12,2,90
1987,Wakayama,Hashimotoshi,Hashimotoshi_N_05,Non_astringent,0,0,0,38,1,90
1987,Wakayama,Hashimotoshi,Hashimotoshi_N_06,Non_astringent,0,0,0,89,1,90
1987,Wakayama,Hashimotoshi,Hashimotoshi_N_07,Non_astringent,0,4,0,16,1,90
1987,Wakayama,Kudoyamacho,Kudoyamacho_N_01,Non_astringent,0,0,0,0,1,90
1987,Wakayama,Kudoyamacho,Kudoyamacho_N_02,Non_astringent,0,3,0,15,0,90
1987,Wakayama,Kudoyamacho,Kudoyamacho_N_03,Non_astringent,0,0,0,12,0,90
1987,Wakayama,Kudoyamacho,Kudoyamacho_N_04,Non_astringent,0,0,0,1,0,90
1987,Wakayama,Koyaguchicho,Koyaguchicho_01,Non_astringent,0,3,1,1,0,90
1987,Wakayama,Katuragicho,Katuragicho_N_01,Non_astringent,0,5,0,16,0,90
1987,Wakayama,Katuragicho,Katuragicho_N_02,Non_astringent,0,0,0,4,0,90
1987,Wakayama,Katuragicho,Katuragicho_N_03,Non_astringent,0,2,0,0,2,90
1987,Wakayama,Kokawacho,Kokawacho_N_01,Non_astringent,0,10,0,0,0,90
1987,Wakayama,Momoyamacho,Momoyamacho_N_01,Non_astringent,0,0,0,0,2,90
1987,Wakayama,Momoyamacho,Momoyamacho_N_02,Non_astringent,0,12,0,0,1,90
1987,Wakayama,Misatocho,Misatocho_N_01,Non_astringent,0,21,0,0,0,90
1987,Wakayama,Misatocho,Misatocho_N_02,Non_astringent,0,0,0,8,1,90
1987,Wakayama,Misatocho,Misatocho_N_03,Non_astringent,1,0,0,28,4,90
1987,Wakayama,Misatocho,Misatocho_N_04,Non_astringent,0,0,0,48,1,90
1987,Wakayama,Misatocho,Misatocho_N_05,Non_astringent,0,0,0,82,1,90
1988,Wakayama,Hashimotoshi,Hashimotoshi_N_01,Non_astringent,0,0,NA,0,2,90
1988,Wakayama,Hashimotoshi,Hashimotoshi_N_02,Non_astringent,0,0,NA,0,1,90
1988,Wakayama,Hashimotoshi,Hashimotoshi_N_03,Non_astringent,1,0,NA,0,1,90
1988,Wakayama,Hashimotoshi,Hashimotoshi_N_04,Non_astringent,0,0,NA,0,2,90
1988,Wakayama,Hashimotoshi,Hashimotoshi_N_05,Non_astringent,0,0,NA,1,1,90
1988,Wakayama,Hashimotoshi,Hashimotoshi_N_06,Non_astringent,0,0,NA,1,1,90
1988,Wakayama,Hashimotoshi,Hashimotoshi_N_07,Non_astringent,0,6,NA,0,3,90
1988,Wakayama,Kudoyamacho,Kudoyamacho_N_01,Non_astringent,1,0,NA,0,1,90
1988,Wakayama,Kudoyamacho,Kudoyamacho_N_02,Non_astringent,0,0,NA,0,1,90
1988,Wakayama,Kudoyamacho,Kudoyamacho_N_03,Non_astringent,0,0,NA,0,0,90
1988,Wakayama,Kudoyamacho,Kudoyamacho_N_04,Non_astringent,0,0,NA,0,3,90
1988,Wakayama,Koyaguchicho,Koyaguchicho_01,Non_astringent,0,0,NA,1,0,90
1988,Wakayama,Katuragicho,Katuragicho_N_01,Non_astringent,0,1,NA,0,3,90
1988,Wakayama,Katuragicho,Katuragicho_N_02,Non_astringent,0,0,NA,0,2,90
1988,Wakayama,Katuragicho,Katuragicho_N_03,Non_astringent,0,0,NA,0,0,90
1988,Wakayama,Kokawacho,Kokawacho_N_01,Non_astringent,0,0,NA,1,3,90
1988,Wakayama,Momoyamacho,Momoyamacho_N_01,Non_astringent,0,0,NA,1,1,90
1988,Wakayama,Momoyamacho,Momoyamacho_N_02,Non_astringent,0,3,NA,0,3,90
1988,Wakayama,Misatocho,Misatocho_N_01,Non_astringent,4,0,NA,1,3,90
1988,Wakayama,Misatocho,Misatocho_N_02,Non_astringent,1,0,NA,0,1,90
1988,Wakayama,Misatocho,Misatocho_N_03,Non_astringent,0,0,NA,0,0,90
1988,Wakayama,Misatocho,Misatocho_N_04,Non_astringent,0,1,NA,0,1,90
1988,Wakayama,Misatocho,Misatocho_N_05,Non_astringent,4,0,NA,0,1,90
1989,Wakayama,Hashimotoshi,Hashimotoshi_N_01,Non_astringent,1,0,0,10,0,100
1989,Wakayama,Hashimotoshi,Hashimotoshi_N_02,Non_astringent,0,0,0,19,1,100
1989,Wakayama,Hashimotoshi,Hashimotoshi_N_03,Non_astringent,0,0,0,7,0,100
1989,Wakayama,Hashimotoshi,Hashimotoshi_N_04,Non_astringent,0,0,0,2,2,100
1989,Wakayama,Hashimotoshi,Hashimotoshi_N_05,Non_astringent,0,0,0,63,0,100
1989,Wakayama,Hashimotoshi,Hashimotoshi_N_06,Non_astringent,4,0,0,27,2,100
1989,Wakayama,Hashimotoshi,Hashimotoshi_N_07,Non_astringent,0,1,0,1,1,100
1989,Wakayama,Kudoyamacho,Kudoyamacho_N_01,Non_astringent,1,0,0,1,1,100
1989,Wakayama,Kudoyamacho,Kudoyamacho_N_02,Non_astringent,1,0,0,2,0,100
1989,Wakayama,Kudoyamacho,Kudoyamacho_N_03,Non_astringent,1,0,0,7,3,100
1989,Wakayama,Kudoyamacho,Kudoyamacho_N_04,Non_astringent,0,0,0,12,1,100
1989,Wakayama,Koyaguchicho,Koyaguchicho_01,Non_astringent,0,1,0,0,0,100
1989,Wakayama,Katuragicho,Katuragicho_N_01,Non_astringent,0,19,0,2,7,100
1989,Wakayama,Katuragicho,Katuragicho_N_02,Non_astringent,0,2,0,1,1,100
1989,Wakayama,Katuragicho,Katuragicho_N_03,Non_astringent,0,0,0,3,0,100
1989,Wakayama,Kokawacho,Kokawacho_N_01,Non_astringent,1,3,0,9,0,100
1989,Wakayama,Momoyamacho,Momoyamacho_N_01,Non_astringent,0,1,0,2,2,100
1989,Wakayama,Momoyamacho,Momoyamacho_N_02,Non_astringent,1,0,0,1,1,100
1989,Wakayama,Misatocho,Misatocho_N_01,Non_astringent,14,0,0,12,0,100
1989,Wakayama,Misatocho,Misatocho_N_02,Non_astringent,3,0,0,13,0,100
1989,Wakayama,Misatocho,Misatocho_N_03,Non_astringent,2,1,0,34,0,100
1989,Wakayama,Misatocho,Misatocho_N_04,Non_astringent,0,0,0,17,3,100
1989,Wakayama,Misatocho,Misatocho_N_05,Non_astringent,14,0,0,89,2,100
1990,Wakayama,Hashimotoshi,Hashimotoshi_N_01,Non_astringent,0,0,0,2,2,100
1990,Wakayama,Hashimotoshi,Hashimotoshi_N_02,Non_astringent,0,0,0,0,0,100
1990,Wakayama,Hashimotoshi,Hashimotoshi_N_03,Non_astringent,0,0,0,0,0,100
1990,Wakayama,Hashimotoshi,Hashimotoshi_N_04,Non_astringent,0,0,0,1,1,100
1990,Wakayama,Hashimotoshi,Hashimotoshi_N_05,Non_astringent,0,2,0,0,0,100
1990,Wakayama,Hashimotoshi,Hashimotoshi_N_06,Non_astringent,0,0,0,0,1,100
1990,Wakayama,Hashimotoshi,Hashimotoshi_N_07,Non_astringent,0,10,0,0,3,100
1990,Wakayama,Kudoyamacho,Kudoyamacho_N_01,Non_astringent,0,0,0,0,0,100
1990,Wakayama,Kudoyamacho,Kudoyamacho_N_02,Non_astringent,0,0,0,2,2,100
1990,Wakayama,Kudoyamacho,Kudoyamacho_N_03,Non_astringent,0,0,0,0,0,100
1990,Wakayama,Kudoyamacho,Kudoyamacho_N_04,Non_astringent,0,0,0,1,0,100
1990,Wakayama,Koyaguchicho,Koyaguchicho_01,Non_astringent,0,0,0,0,0,100
1990,Wakayama,Katuragicho,Katuragicho_N_01,Non_astringent,0,0,0,0,2,100
1990,Wakayama,Katuragicho,Katuragicho_N_02,Non_astringent,0,0,0,5,0,100
1990,Wakayama,Katuragicho,Katuragicho_N_03,Non_astringent,1,0,0,0,1,100
1990,Wakayama,Kokawacho,Kokawacho_N_01,Non_astringent,0,2,0,13,1,100
1990,Wakayama,Momoyamacho,Momoyamacho_N_01,Non_astringent,0,1,0,4,1,100
1990,Wakayama,Momoyamacho,Momoyamacho_N_02,Non_astringent,0,1,0,20,2,100
1990,Wakayama,Misatocho,Misatocho_N_01,Non_astringent,2,0,0,1,7,100
1990,Wakayama,Misatocho,Misatocho_N_02,Non_astringent,0,0,0,0,0,100
1990,Wakayama,Misatocho,Misatocho_N_03,Non_astringent,0,0,0,0,3,100
1990,Wakayama,Misatocho,Misatocho_N_04,Non_astringent,1,4,2,7,3,100
1990,Wakayama,Misatocho,Misatocho_N_05,Non_astringent,0,0,0,27,1,100
1991,Wakayama,Hashimotoshi,Hashimotoshi_N_01,Non_astringent,0,0,0,14,0,100
1991,Wakayama,Hashimotoshi,Hashimotoshi_N_02,Non_astringent,0,0,0,15,1,100
1991,Wakayama,Hashimotoshi,Hashimotoshi_N_03,Non_astringent,0,3,0,43,1,100
1991,Wakayama,Hashimotoshi,Hashimotoshi_N_04,Non_astringent,0,0,1,19,4,100
1991,Wakayama,Hashimotoshi,Hashimotoshi_N_05,Non_astringent,0,1,0,3,0,100
1991,Wakayama,Hashimotoshi,Hashimotoshi_N_06,Non_astringent,1,6,2,39,1,100
1991,Wakayama,Hashimotoshi,Hashimotoshi_N_07,Non_astringent,0,1,0,6,0,100
1991,Wakayama,Kudoyamacho,Kudoyamacho_N_01,Non_astringent,0,0,0,13,2,100
1991,Wakayama,Kudoyamacho,Kudoyamacho_N_02,Non_astringent,0,0,0,5,1,100
1991,Wakayama,Kudoyamacho,Kudoyamacho_N_03,Non_astringent,0,2,0,10,0,100
1991,Wakayama,Kudoyamacho,Kudoyamacho_N_04,Non_astringent,0,0,0,2,3,100
1991,Wakayama,Koyaguchicho,Koyaguchicho_01,Non_astringent,1,1,0,12,3,100
1991,Wakayama,Katuragicho,Katuragicho_N_01,Non_astringent,1,4,0,3,6,100
1991,Wakayama,Katuragicho,Katuragicho_N_02,Non_astringent,0,0,0,0,1,100
1991,Wakayama,Katuragicho,Katuragicho_N_03,Non_astringent,0,0,0,2,0,100
1991,Wakayama,Kokawacho,Kokawacho_N_01,Non_astringent,1,3,0,20,2,100
1991,Wakayama,Momoyamacho,Momoyamacho_N_01,Non_astringent,3,1,0,8,2,100
1991,Wakayama,Momoyamacho,Momoyamacho_N_02,Non_astringent,0,0,0,5,2,100
1991,Wakayama,Misatocho,Misatocho_N_01,Non_astringent,0,0,0,1,0,100
1991,Wakayama,Misatocho,Misatocho_N_02,Non_astringent,3,0,0,19,0,100
1991,Wakayama,Misatocho,Misatocho_N_03,Non_astringent,1,0,0,12,2,100
1991,Wakayama,Misatocho,Misatocho_N_04,Non_astringent,1,1,0,5,1,100
1991,Wakayama,Misatocho,Misatocho_N_05,Non_astringent,1,3,0,2,1,100
1992,Wakayama,Hashimotoshi,Hashimotoshi_N_01,Non_astringent,0,0,0,0,0,100
1992,Wakayama,Hashimotoshi,Hashimotoshi_N_02,Non_astringent,0,0,0,0,0,100
1992,Wakayama,Hashimotoshi,Hashimotoshi_N_03,Non_astringent,0,2,0,0,0,100
1992,Wakayama,Hashimotoshi,Hashimotoshi_N_04,Non_astringent,0,0,0,0,0,100
1992,Wakayama,Hashimotoshi,Hashimotoshi_N_05,Non_astringent,0,0,0,0,0,100
1992,Wakayama,Hashimotoshi,Hashimotoshi_N_06,Non_astringent,0,0,0,2,0,100
1992,Wakayama,Hashimotoshi,Hashimotoshi_N_07,Non_astringent,0,8,0,0,1,100
1992,Wakayama,Kudoyamacho,Kudoyamacho_N_01,Non_astringent,0,3,0,3,0,100
1992,Wakayama,Kudoyamacho,Kudoyamacho_N_02,Non_astringent,0,2,0,0,0,100
1992,Wakayama,Kudoyamacho,Kudoyamacho_N_03,Non_astringent,0,1,0,3,1,100
1992,Wakayama,Kudoyamacho,Kudoyamacho_N_04,Non_astringent,1,1,0,0,0,100
1992,Wakayama,Koyaguchicho,Koyaguchicho_01,Non_astringent,0,8,0,0,0,100
1992,Wakayama,Katuragicho,Katuragicho_N_01,Non_astringent,2,0,0,0,0,100
1992,Wakayama,Katuragicho,Katuragicho_N_02,Non_astringent,0,0,0,0,0,100
1992,Wakayama,Katuragicho,Katuragicho_N_03,Non_astringent,0,0,0,0,0,100
1992,Wakayama,Kokawacho,Kokawacho_N_01,Non_astringent,0,2,0,0,0,100
1992,Wakayama,Momoyamacho,Momoyamacho_N_01,Non_astringent,0,9,0,1,0,100
1992,Wakayama,Momoyamacho,Momoyamacho_N_02,Non_astringent,0,1,0,0,0,100
1992,Wakayama,Misatocho,Misatocho_N_01,Non_astringent,0,0,0,0,0,100
1992,Wakayama,Misatocho,Misatocho_N_02,Non_astringent,0,0,0,0,0,100
1992,Wakayama,Misatocho,Misatocho_N_03,Non_astringent,1,1,0,0,0,100
1992,Wakayama,Misatocho,Misatocho_N_04,Non_astringent,0,2,0,0,1,100
1992,Wakayama,Misatocho,Misatocho_N_05,Non_astringent,0,8,0,0,1,100
1993,Wakayama,Hashimotoshi,Hashimotoshi_N_01,Non_astringent,0,2,0,0,0,100
1993,Wakayama,Hashimotoshi,Hashimotoshi_N_02,Non_astringent,0,4,0,0,0,100
1993,Wakayama,Hashimotoshi,Hashimotoshi_N_03,Non_astringent,0,2,0,0,0,100
1993,Wakayama,Hashimotoshi,Hashimotoshi_N_04,Non_astringent,0,0,0,0,2,100
1993,Wakayama,Hashimotoshi,Hashimotoshi_N_05,Non_astringent,0,0,0,0,0,100
1993,Wakayama,Hashimotoshi,Hashimotoshi_N_06,Non_astringent,0,0,0,0,0,100
1993,Wakayama,Hashimotoshi,Hashimotoshi_N_07,Non_astringent,0,4,0,0,0,100
1993,Wakayama,Kudoyamacho,Kudoyamacho_N_01,Non_astringent,0,6,0,0,2,100
1993,Wakayama,Kudoyamacho,Kudoyamacho_N_02,Non_astringent,0,0,0,0,0,100
1993,Wakayama,Kudoyamacho,Kudoyamacho_N_03,Non_astringent,0,2,0,0,2,100
1993,Wakayama,Kudoyamacho,Kudoyamacho_N_04,Non_astringent,0,14,0,2,0,100
1993,Wakayama,Koyaguchicho,Koyaguchicho_01,Non_astringent,0,12,0,0,0,100
1993,Wakayama,Katuragicho,Katuragicho_N_01,Non_astringent,2,56,0,0,6,100
1993,Wakayama,Katuragicho,Katuragicho_N_02,Non_astringent,0,0,0,0,0,100
1993,Wakayama,Katuragicho,Katuragicho_N_03,Non_astringent,0,0,0,0,0,100
1993,Wakayama,Kokawacho,Kokawacho_N_01,Non_astringent,0,18,0,0,0,100
1993,Wakayama,Momoyamacho,Momoyamacho_N_01,Non_astringent,0,2,0,0,0,100
1993,Wakayama,Momoyamacho,Momoyamacho_N_02,Non_astringent,0,0,0,0,2,100
1993,Wakayama,Misatocho,Misatocho_N_01,Non_astringent,0,2,0,0,0,100
1993,Wakayama,Misatocho,Misatocho_N_02,Non_astringent,6,0,0,0,0,100
1993,Wakayama,Misatocho,Misatocho_N_03,Non_astringent,0,0,1,0,0,100
1993,Wakayama,Misatocho,Misatocho_N_04,Non_astringent,0,0,0,0,4,100
1993,Wakayama,Misatocho,Misatocho_N_05,Non_astringent,0,0,0,0,0,100
1993,Wakayama,Hashimotoshi,Hashimotoshi_A_01,Astringent,0,0,NA,0,0,100
1993,Wakayama,Hashimotoshi,Hashimotoshi_A_02,Astringent,0,0,NA,0,0,100
1993,Wakayama,Hashimotoshi,Hashimotoshi_A_03,Astringent,0,0,NA,0,0,100
1993,Wakayama,Hashimotoshi,Hashimotoshi_A_04,Astringent,0,0,NA,0,0,100
1993,Wakayama,Kudoyamacho,Kudoyamacho_A_01,Astringent,0,0,NA,0,0,100
1993,Wakayama,Kudoyamacho,Kudoyamacho_A_02,Astringent,0,0,NA,0,0,100
1993,Wakayama,Kudoyamacho,Kudoyamacho_A_03,Astringent,0,0,NA,0,0,100
1993,Wakayama,Kudoyamacho,Kudoyamacho_A_04,Astringent,0,0,NA,0,0,100
1993,Wakayama,Koyaguchicho,Koyaguchicho_01,Astringent,0,10,NA,0,0,100
1993,Wakayama,Katuragicho,Katuragicho_A_01,Astringent,0,2,NA,0,0,100
1993,Wakayama,Katuragicho,Katuragicho_A_02,Astringent,0,0,NA,0,0,100
1993,Wakayama,Kokawacho,Kokawacho_A_01,Astringent,0,8,NA,0,0,100
1993,Wakayama,Momoyamacho,Momoyamacho_A_01,Astringent,0,0,NA,0,0,100
1993,Wakayama,Momoyamacho,Momoyamacho_A_02,Astringent,0,0,NA,0,0,100
1993,Wakayama,Misatocho,Misatocho_A_01,Astringent,0,0,NA,0,0,100
1993,Wakayama,Misatocho,Misatocho_A_02,Astringent,0,0,NA,0,0,100
1994,Wakayama,Hashimotoshi,Hashimotoshi_N_01,Non_astringent,0,1,0,2,0,50
1994,Wakayama,Hashimotoshi,Hashimotoshi_N_02,Non_astringent,0,1,0,1,0,50
1994,Wakayama,Hashimotoshi,Hashimotoshi_N_03,Non_astringent,0,0,0,11,0,50
1994,Wakayama,Hashimotoshi,Hashimotoshi_N_04,Non_astringent,0,0,0,1,0,50
1994,Wakayama,Hashimotoshi,Hashimotoshi_N_05,Non_astringent,2,0,0,6,0,50
1994,Wakayama,Hashimotoshi,Hashimotoshi_N_06,Non_astringent,1,0,1,21,0,50
1994,Wakayama,Hashimotoshi,Hashimotoshi_N_07,Non_astringent,0,0,0,0,0,50
1994,Wakayama,Kudoyamacho,Kudoyamacho_N_01,Non_astringent,0,4,0,0,0,50
1994,Wakayama,Kudoyamacho,Kudoyamacho_N_02,Non_astringent,0,0,0,0,0,50
1994,Wakayama,Kudoyamacho,Kudoyamacho_N_03,Non_astringent,0,0,0,1,0,50
1994,Wakayama,Kudoyamacho,Kudoyamacho_N_04,Non_astringent,0,0,0,10,0,50
1994,Wakayama,Koyaguchicho,Koyaguchicho_01,Non_astringent,0,0,0,3,0,50
1994,Wakayama,Katuragicho,Katuragicho_N_01,Non_astringent,0,16,0,0,0,50
1994,Wakayama,Katuragicho,Katuragicho_N_02,Non_astringent,0,1,0,1,0,50
1994,Wakayama,Katuragicho,Katuragicho_N_03,Non_astringent,0,6,0,0,0,50
1994,Wakayama,Kokawacho,Kokawacho_N_01,Non_astringent,0,9,0,0,0,50
1994,Wakayama,Momoyamacho,Momoyamacho_N_01,Non_astringent,0,0,0,1,0,50
1994,Wakayama,Momoyamacho,Momoyamacho_N_02,Non_astringent,0,0,0,0,0,50
1994,Wakayama,Misatocho,Misatocho_N_01,Non_astringent,0,0,0,23,0,50
1994,Wakayama,Misatocho,Misatocho_N_02,Non_astringent,0,0,0,1,0,50
1994,Wakayama,Misatocho,Misatocho_N_03,Non_astringent,0,0,0,10,1,50
1994,Wakayama,Misatocho,Misatocho_N_04,Non_astringent,0,0,0,2,0,50
1994,Wakayama,Misatocho,Misatocho_N_05,Non_astringent,0,2,0,1,0,50
1994,Wakayama,Hashimotoshi,Hashimotoshi_A_01,Astringent,0,0,NA,1,0,50
1994,Wakayama,Hashimotoshi,Hashimotoshi_A_02,Astringent,0,0,NA,0,0,50
1994,Wakayama,Hashimotoshi,Hashimotoshi_A_03,Astringent,0,0,NA,1,0,50
1994,Wakayama,Hashimotoshi,Hashimotoshi_A_04,Astringent,0,0,NA,0,0,50
1994,Wakayama,Hashimotoshi,Hashimotoshi_A_05,Astringent,0,0,NA,0,0,50
1994,Wakayama,Kudoyamacho,Kudoyamacho_A_01,Astringent,0,0,NA,0,0,50
1994,Wakayama,Kudoyamacho,Kudoyamacho_A_02,Astringent,0,0,NA,0,0,50
1994,Wakayama,Kudoyamacho,Kudoyamacho_A_03,Astringent,0,0,NA,4,0,50
1994,Wakayama,Kudoyamacho,Kudoyamacho_A_04,Astringent,0,0,NA,2,0,50
1994,Wakayama,Koyaguchicho,Koyaguchicho_01,Astringent,0,0,NA,0,0,50
1994,Wakayama,Katuragicho,Katuragicho_A_01,Astringent,0,0,NA,0,0,50
1994,Wakayama,Katuragicho,Katuragicho_A_02,Astringent,0,1,NA,0,0,50
1994,Wakayama,Kokawacho,Kokawacho_A_01,Astringent,0,0,NA,0,0,50
1994,Wakayama,Momoyamacho,Momoyamacho_A_01,Astringent,0,0,NA,0,0,50
1994,Wakayama,Momoyamacho,Momoyamacho_A_02,Astringent,0,0,NA,1,0,50
1994,Wakayama,Misatocho,Misatocho_A_01,Astringent,0,0,NA,0,0,50
1994,Wakayama,Misatocho,Misatocho_A_02,Astringent,0,0,NA,1,0,50
1995,Wakayama,Hashimotoshi,Hashimotoshi_N_01,Non_astringent,0,0,0,0,0,50
1995,Wakayama,Hashimotoshi,Hashimotoshi_N_02,Non_astringent,0,0,0,3,0,50
1995,Wakayama,Hashimotoshi,Hashimotoshi_N_03,Non_astringent,0,0,0,3,0,50
1995,Wakayama,Hashimotoshi,Hashimotoshi_N_04,Non_astringent,0,0,0,0,0,50
1995,Wakayama,Hashimotoshi,Hashimotoshi_N_05,Non_astringent,1,0,0,1,0,50
1995,Wakayama,Hashimotoshi,Hashimotoshi_N_06,Non_astringent,0,0,0,9,0,50
1995,Wakayama,Hashimotoshi,Hashimotoshi_N_07,Non_astringent,0,0,2,0,0,50
1995,Wakayama,Kudoyamacho,Kudoyamacho_N_01,Non_astringent,0,1,0,0,0,50
1995,Wakayama,Kudoyamacho,Kudoyamacho_N_02,Non_astringent,0,0,0,0,0,50
1995,Wakayama,Kudoyamacho,Kudoyamacho_N_03,Non_astringent,0,0,0,0,0,50
1995,Wakayama,Kudoyamacho,Kudoyamacho_N_04,Non_astringent,NA,NA,NA,NA,NA,50
1995,Wakayama,Koyaguchicho,Koyaguchicho_01,Non_astringent,1,0,0,0,0,50
1995,Wakayama,Katuragicho,Katuragicho_N_01,Non_astringent,0,4,0,0,0,50
1995,Wakayama,Katuragicho,Katuragicho_N_02,Non_astringent,0,0,0,1,0,50
1995,Wakayama,Katuragicho,Katuragicho_N_03,Non_astringent,0,0,0,0,0,50
1995,Wakayama,Kokawacho,Kokawacho_N_01,Non_astringent,0,6,0,0,0,50
1995,Wakayama,Momoyamacho,Momoyamacho_N_01,Non_astringent,0,0,1,2,0,50
1995,Wakayama,Momoyamacho,Momoyamacho_N_02,Non_astringent,0,0,0,5,0,50
1995,Wakayama,Misatocho,Misatocho_N_01,Non_astringent,1,0,6,5,0,50
1995,Wakayama,Misatocho,Misatocho_N_02,Non_astringent,0,0,0,4,0,50
1995,Wakayama,Misatocho,Misatocho_N_03,Non_astringent,0,0,11,16,0,50
1995,Wakayama,Misatocho,Misatocho_N_04,Non_astringent,0,0,0,4,0,50
1995,Wakayama,Misatocho,Misatocho_N_05,Non_astringent,0,0,0,1,0,50
1995,Wakayama,Hashimotoshi,Hashimotoshi_A_01,Astringent,0,0,0,0,0,50
1995,Wakayama,Hashimotoshi,Hashimotoshi_A_02,Astringent,0,0,0,0,0,50
1995,Wakayama,Hashimotoshi,Hashimotoshi_A_03,Astringent,0,0,0,0,0,50
1995,Wakayama,Hashimotoshi,Hashimotoshi_A_04,Astringent,0,0,0,1,0,50
1995,Wakayama,Hashimotoshi,Hashimotoshi_A_05,Astringent,0,0,0,0,0,50
1995,Wakayama,Kudoyamacho,Kudoyamacho_A_01,Astringent,0,0,0,0,0,50
1995,Wakayama,Kudoyamacho,Kudoyamacho_A_02,Astringent,0,0,0,0,0,50
1995,Wakayama,Kudoyamacho,Kudoyamacho_A_03,Astringent,0,0,0,0,0,50
1995,Wakayama,Kudoyamacho,Kudoyamacho_A_04,Astringent,NA,NA,NA,NA,NA,NA
1995,Wakayama,Koyaguchicho,Koyaguchicho_01,Astringent,0,0,0,0,0,50
1995,Wakayama,Katuragicho,Katuragicho_A_01,Astringent,0,0,0,,1,50
1995,Wakayama,Katuragicho,Katuragicho_A_02,Astringent,0,0,0,0,0,50
1995,Wakayama,Kokawacho,Kokawacho_A_01,Astringent,0,2,0,0,0,50
1995,Wakayama,Momoyamacho,Momoyamacho_A_01,Astringent,0,0,0,0,0,50
1995,Wakayama,Momoyamacho,Momoyamacho_A_02,Astringent,0,0,0,0,0,50
1995,Wakayama,Misatocho,Misatocho_A_01,Astringent,0,0,0,0,0,50
1995,Wakayama,Misatocho,Misatocho_A_02,Astringent,0,0,0,0,0,50
1996,Wakayama,Hashimotoshi,Hashimotoshi_N_01,Non_astringent,0,28,0,3,0,50
1996,Wakayama,Hashimotoshi,Hashimotoshi_N_02,Non_astringent,0,1,0,0,0,50
1996,Wakayama,Hashimotoshi,Hashimotoshi_N_03,Non_astringent,0,0,0,18,0,50
1996,Wakayama,Hashimotoshi,Hashimotoshi_N_04,Non_astringent,0,0,0,4,0,50
1996,Wakayama,Kudoyamacho,Kudoyamacho_N_01,Non_astringent,0,3,0,2,0,50
1996,Wakayama,Kudoyamacho,Kudoyamacho_N_02,Non_astringent,0,0,0,2,0,50
1996,Wakayama,Koyaguchicho,Koyaguchicho_01,Non_astringent,0,0,0,5,0,50
1996,Wakayama,Katuragicho,Katuragicho_N_01,Non_astringent,0,0,0,2,0,50
1996,Wakayama,Katuragicho,Katuragicho_N_02,Non_astringent,0,1,0,4,0,50
1996,Wakayama,Katuragicho,Katuragicho_N_03,Non_astringent,0,11,0,2,0,50
1996,Wakayama,Katuragicho,Katuragicho_N_04,Non_astringent,0,6,0,0,0,50
1996,Wakayama,Kokawacho,Kokawacho_N_01,Non_astringent,0,0,0,38,0,50
1996,Wakayama,Momoyamacho,Momoyamacho_N_01,Non_astringent,0,0,0,0,0,50
1996,Wakayama,Momoyamacho,Momoyamacho_N_02,Non_astringent,0,0,0,6,0,50
1996,Wakayama,Misatocho,Misatocho_N_01,Non_astringent,0,1,0,3,0,50
1996,Wakayama,Misatocho,Misatocho_N_02,Non_astringent,0,0,0,3,0,50
1996,Wakayama,Misatocho,Misatocho_N_03,Non_astringent,0,0,1,23,0,50
1996,Wakayama,Hashimotoshi,Hashimotoshi_A_01,Astringent,1,0,0,5,0,50
1996,Wakayama,Hashimotoshi,Hashimotoshi_A_02,Astringent,1,0,0,7,0,50
1996,Wakayama,Hashimotoshi,Hashimotoshi_A_03,Astringent,0,0,0,0,0,50
1996,Wakayama,Hashimotoshi,Hashimotoshi_A_04,Astringent,0,0,0,1,0,50
1996,Wakayama,Kudoyamacho,Kudoyamacho_A_01,Astringent,0,0,0,0,0,50
1996,Wakayama,Kudoyamacho,Kudoyamacho_A_02,Astringent,0,0,0,0,0,50
1996,Wakayama,Koyaguchicho,Koyaguchicho_01,Astringent,0,0,0,3,0,50
1996,Wakayama,Katuragicho,Katuragicho_A_01,Astringent,0,0,0,0,0,50
1996,Wakayama,Katuragicho,Katuragicho_A_02,Astringent,0,0,0,3,0,50
1996,Wakayama,Katuragicho,Katuragicho_A_03,Astringent,0,0,0,2,0,50
1996,Wakayama,Katuragicho,Katuragicho_A_04,Astringent,0,0,0,1,0,50
1996,Wakayama,Katuragicho,Katuragicho_A_05,Astringent,0,3,0,0,0,50
1996,Wakayama,Kokawacho,Kokawacho_A_01,Astringent,0,0,0,2,0,50
1996,Wakayama,Momoyamacho,Momoyamacho_A_01,Astringent,0,2,0,0,0,50
1996,Wakayama,Momoyamacho,Momoyamacho_A_02,Astringent,0,0,0,0,0,50
1996,Wakayama,Misatocho,Misatocho_A_01,Astringent,0,0,0,0,0,50
1996,Wakayama,Misatocho,Misatocho_A_02,Astringent,0,0,0,0,0,50
1997,Wakayama,Hashimotoshi,Hashimotoshi_N_01,Non_astringent,0,3,0,0,0,50
1997,Wakayama,Hashimotoshi,Hashimotoshi_N_02,Non_astringent,0,0,0,0,0,50
1997,Wakayama,Hashimotoshi,Hashimotoshi_N_03,Non_astringent,0,0,0,0,0,50
1997,Wakayama,Hashimotoshi,Hashimotoshi_N_04,Non_astringent,0,0,0,0,0,50
1997,Wakayama,Kudoyamacho,Kudoyamacho_N_01,Non_astringent,0,2,0,0,0,50
1997,Wakayama,Kudoyamacho,Kudoyamacho_N_02,Non_astringent,0,0,0,0,0,50
1997,Wakayama,Koyaguchicho,Koyaguchicho_01,Non_astringent,0,0,0,0,0,50
1997,Wakayama,Katuragicho,Katuragicho_N_01,Non_astringent,0,0,0,0,0,50
1997,Wakayama,Katuragicho,Katuragicho_N_02,Non_astringent,0,0,0,0,0,50
1997,Wakayama,Katuragicho,Katuragicho_N_03,Non_astringent,0,11,0,0,0,50
1997,Wakayama,Katuragicho,Katuragicho_N_04,Non_astringent,0,21,0,0,0,50
1997,Wakayama,Kokawacho,Kokawacho_N_01,Non_astringent,0,0,0,0,0,50
1997,Wakayama,Momoyamacho,Momoyamacho_N_01,Non_astringent,0,3,0,0,0,50
1997,Wakayama,Momoyamacho,Momoyamacho_N_02,Non_astringent,0,0,0,0,2,50
1997,Wakayama,Misatocho,Misatocho_N_01,Non_astringent,0,0,0,0,0,50
1997,Wakayama,Misatocho,Misatocho_N_02,Non_astringent,0,1,0,0,0,50
1997,Wakayama,Misatocho,Misatocho_N_03,Non_astringent,0,0,0,0,0,50
1997,Wakayama,Hashimotoshi,Hashimotoshi_A_01,Astringent,0,0,0,0,0,50
1997,Wakayama,Hashimotoshi,Hashimotoshi_A_02,Astringent,0,0,0,0,0,50
1997,Wakayama,Hashimotoshi,Hashimotoshi_A_03,Astringent,0,0,0,0,0,50
1997,Wakayama,Hashimotoshi,Hashimotoshi_A_04,Astringent,0,0,0,0,0,50
1997,Wakayama,Kudoyamacho,Kudoyamacho_A_01,Astringent,0,0,0,0,0,50
1997,Wakayama,Kudoyamacho,Kudoyamacho_A_02,Astringent,0,0,0,0,0,50
1997,Wakayama,Koyaguchicho,Koyaguchicho_01,Astringent,0,8,0,0,0,50
1997,Wakayama,Katuragicho,Katuragicho_A_01,Astringent,0,5,0,0,0,50
1997,Wakayama,Katuragicho,Katuragicho_A_02,Astringent,0,0,0,0,0,50
1997,Wakayama,Katuragicho,Katuragicho_A_03,Astringent,0,0,0,0,0,50
1997,Wakayama,Katuragicho,Katuragicho_A_04,Astringent,0,0,0,0,0,50
1997,Wakayama,Katuragicho,Katuragicho_A_05,Astringent,0,6,0,0,0,50
1997,Wakayama,Kokawacho,Kokawacho_A_01,Astringent,0,0,0,0,0,50
1997,Wakayama,Momoyamacho,Momoyamacho_A_01,Astringent,0,0,0,0,0,50
1997,Wakayama,Momoyamacho,Momoyamacho_A_02,Astringent,0,0,0,0,0,50
1997,Wakayama,Misatocho,Misatocho_A_01,Astringent,0,0,0,0,0,50
1997,Wakayama,Misatocho,Misatocho_A_02,Astringent,0,0,0,0,0,50
1998,Wakayama,Hashimotoshi,Hashimotoshi_N_01,Non_astringent,0,2,0,0,0,50
1998,Wakayama,Hashimotoshi,Hashimotoshi_N_02,Non_astringent,0,1,0,0,0,50
1998,Wakayama,Hashimotoshi,Hashimotoshi_N_03,Non_astringent,1,2,0,1,0,50
1998,Wakayama,Hashimotoshi,Hashimotoshi_N_04,Non_astringent,0,1,0,0,0,50
1998,Wakayama,Kudoyamacho,Kudoyamacho_N_01,Non_astringent,0,1,0,0,0,50
1998,Wakayama,Kudoyamacho,Kudoyamacho_N_02,Non_astringent,0,0,0,1,0,50
1998,Wakayama,Koyaguchicho,Koyaguchicho_01,Non_astringent,0,2,0,2,0,50
1998,Wakayama,Katuragicho,Katuragicho_N_01,Non_astringent,0,0,1,1,0,50
1998,Wakayama,Katuragicho,Katuragicho_N_02,Non_astringent,0,3,0,0,0,50
1998,Wakayama,Katuragicho,Katuragicho_N_03,Non_astringent,0,5,0,0,0,50
1998,Wakayama,Katuragicho,Katuragicho_N_04,Non_astringent,1,16,0,0,0,50
1998,Wakayama,Kokawacho,Kokawacho_N_01,Non_astringent,0,1,0,0,0,50
1998,Wakayama,Momoyamacho,Momoyamacho_N_01,Non_astringent,0,4,0,0,0,50
1998,Wakayama,Momoyamacho,Momoyamacho_N_02,Non_astringent,0,0,0,0,0,50
1998,Wakayama,Misatocho,Misatocho_N_01,Non_astringent,0,0,0,0,0,50
1998,Wakayama,Misatocho,Misatocho_N_02,Non_astringent,0,2,0,2,0,50
1998,Wakayama,Misatocho,Misatocho_N_03,Non_astringent,0,0,3,0,0,50
1998,Wakayama,Hashimotoshi,Hashimotoshi_A_01,Astringent,0,2,0,0,0,50
1998,Wakayama,Hashimotoshi,Hashimotoshi_A_02,Astringent,0,0,0,0,0,50
1998,Wakayama,Hashimotoshi,Hashimotoshi_A_03,Astringent,0,0,0,0,0,50
1998,Wakayama,Hashimotoshi,Hashimotoshi_A_04,Astringent,0,0,0,0,0,50
1998,Wakayama,Kudoyamacho,Kudoyamacho_A_01,Astringent,0,0,0,0,0,50
1998,Wakayama,Kudoyamacho,Kudoyamacho_A_02,Astringent,0,0,0,0,0,50
1998,Wakayama,Koyaguchicho,Koyaguchicho_01,Astringent,0,0,0,0,0,50
1998,Wakayama,Katuragicho,Katuragicho_A_01,Astringent,0,0,0,0,0,50
1998,Wakayama,Katuragicho,Katuragicho_A_02,Astringent,0,0,0,0,0,50
1998,Wakayama,Katuragicho,Katuragicho_A_03,Astringent,0,0,0,0,0,50
1998,Wakayama,Katuragicho,Katuragicho_A_04,Astringent,0,0,0,0,0,50
1998,Wakayama,Katuragicho,Katuragicho_A_05,Astringent,0,0,0,0,0,50
1998,Wakayama,Kokawacho,Kokawacho_A_01,Astringent,0,0,0,0,0,50
1998,Wakayama,Momoyamacho,Momoyamacho_A_01,Astringent,0,0,0,0,0,50
1998,Wakayama,Momoyamacho,Momoyamacho_A_02,Astringent,0,0,0,0,0,50
1998,Wakayama,Misatocho,Misatocho_A_01,Astringent,0,0,0,0,0,50
1998,Wakayama,Misatocho,Misatocho_A_02,Astringent,0,0,0,0,0,50
1999,Wakayama,Hashimotoshi,Hashimotoshi_N_01,Non_astringent,0,4,0,0,0,50
1999,Wakayama,Hashimotoshi,Hashimotoshi_N_02,Non_astringent,0,1,0,0,0,50
1999,Wakayama,Hashimotoshi,Hashimotoshi_N_03,Non_astringent,0,12,0,6,0,50
1999,Wakayama,Hashimotoshi,Hashimotoshi_N_04,Non_astringent,0,2,1,0,0,50
1999,Wakayama,Kudoyamacho,Kudoyamacho_N_01,Non_astringent,0,0,0,0,0,50
1999,Wakayama,Kudoyamacho,Kudoyamacho_N_02,Non_astringent,0,4,0,0,0,50
1999,Wakayama,Koyaguchicho,Koyaguchicho_01,Non_astringent,0,7,1,0,0,50
1999,Wakayama,Katuragicho,Katuragicho_N_01,Non_astringent,0,20,1,0,0,50
1999,Wakayama,Katuragicho,Katuragicho_N_02,Non_astringent,0,0,0,0,0,50
1999,Wakayama,Katuragicho,Katuragicho_N_03,Non_astringent,0,9,0,0,0,50
1999,Wakayama,Katuragicho,Katuragicho_N_04,Non_astringent,0,9,0,0,0,50
1999,Wakayama,Kokawacho,Kokawacho_N_01,Non_astringent,0,7,0,16,0,50
1999,Wakayama,Momoyamacho,Momoyamacho_N_01,Non_astringent,1,0,0,0,0,50
1999,Wakayama,Momoyamacho,Momoyamacho_N_02,Non_astringent,0,8,0,0,0,50
1999,Wakayama,Misatocho,Misatocho_N_01,Non_astringent,0,15,0,0,0,50
1999,Wakayama,Misatocho,Misatocho_N_02,Non_astringent,0,1,0,0,0,50
1999,Wakayama,Misatocho,Misatocho_N_03,Non_astringent,1,2,1,0,0,50
1999,Wakayama,Hashimotoshi,Hashimotoshi_A_01,Astringent,0,1,3,0,0,50
1999,Wakayama,Hashimotoshi,Hashimotoshi_A_02,Astringent,1,0,0,0,0,50
1999,Wakayama,Hashimotoshi,Hashimotoshi_A_03,Astringent,0,1,0,2,0,50
1999,Wakayama,Hashimotoshi,Hashimotoshi_A_04,Astringent,0,1,0,0,0,50
1999,Wakayama,Kudoyamacho,Kudoyamacho_A_01,Astringent,0,0,0,0,0,50
1999,Wakayama,Kudoyamacho,Kudoyamacho_A_02,Astringent,0,0,0,0,0,50
1999,Wakayama,Koyaguchicho,Koyaguchicho_01,Astringent,1,3,1,1,0,50
1999,Wakayama,Katuragicho,Katuragicho_A_01,Astringent,0,21,0,0,0,50
1999,Wakayama,Katuragicho,Katuragicho_A_02,Astringent,0,0,0,0,0,50
1999,Wakayama,Katuragicho,Katuragicho_A_03,Astringent,0,0,0,0,0,50
1999,Wakayama,Katuragicho,Katuragicho_A_04,Astringent,0,0,0,0,0,50
1999,Wakayama,Katuragicho,Katuragicho_A_05,Astringent,0,1,0,0,0,50
1999,Wakayama,Kokawacho,Kokawacho_A_01,Astringent,0,0,0,0,0,50
1999,Wakayama,Momoyamacho,Momoyamacho_A_01,Astringent,0,0,0,0,0,50
1999,Wakayama,Momoyamacho,Momoyamacho_A_02,Astringent,0,0,0,0,0,50
1999,Wakayama,Misatocho,Misatocho_A_01,Astringent,0,1,0,0,0,50
1999,Wakayama,Misatocho,Misatocho_A_02,Astringent,0,0,0,0,0,50
2000,Wakayama,Hashimotoshi,Hashimotoshi_N_01,Non_astringent,0,2,2,1,0,50
2000,Wakayama,Hashimotoshi,Hashimotoshi_N_02,Non_astringent,0,1,0,1,0,50
2000,Wakayama,Hashimotoshi,Hashimotoshi_N_03,Non_astringent,0,0,0,3,0,50
2000,Wakayama,Hashimotoshi,Hashimotoshi_N_04,Non_astringent,0,1,0,0,0,50
2000,Wakayama,Kudoyamacho,Kudoyamacho_N_01,Non_astringent,0,3,0,7,0,50
2000,Wakayama,Kudoyamacho,Kudoyamacho_N_02,Non_astringent,0,1,0,0,0,50
2000,Wakayama,Koyaguchicho,Koyaguchicho_01,Non_astringent,0,0,0,2,0,50
2000,Wakayama,Katuragicho,Katuragicho_N_01,Non_astringent,0,21,0,0,0,50
2000,Wakayama,Katuragicho,Katuragicho_N_02,Non_astringent,0,3,0,0,0,50
2000,Wakayama,Katuragicho,Katuragicho_N_03,Non_astringent,0,14,0,0,0,50
2000,Wakayama,Katuragicho,Katuragicho_N_04,Non_astringent,0,1,0,0,2,50
2000,Wakayama,Kokawacho,Kokawacho_N_01,Non_astringent,0,4,0,0,0,50
2000,Wakayama,Momoyamacho,Momoyamacho_N_01,Non_astringent,0,8,0,0,0,50
2000,Wakayama,Momoyamacho,Momoyamacho_N_02,Non_astringent,0,18,0,0,0,50
2000,Wakayama,Misatocho,Misatocho_N_01,Non_astringent,1,17,0,5,0,50
2000,Wakayama,Misatocho,Misatocho_N_02,Non_astringent,0,11,0,2,0,50
2000,Wakayama,Misatocho,Misatocho_N_03,Non_astringent,1,6,0,15,0,50
2000,Wakayama,Hashimotoshi,Hashimotoshi_A_01,Astringent,0,1,1,0,0,50
2000,Wakayama,Hashimotoshi,Hashimotoshi_A_02,Astringent,0,0,0,0,0,50
2000,Wakayama,Hashimotoshi,Hashimotoshi_A_03,Astringent,0,0,0,0,0,50
2000,Wakayama,Hashimotoshi,Hashimotoshi_A_04,Astringent,0,1,0,0,0,50
2000,Wakayama,Kudoyamacho,Kudoyamacho_A_01,Astringent,0,1,0,0,0,50
2000,Wakayama,Kudoyamacho,Kudoyamacho_A_02,Astringent,0,0,0,0,0,50
2000,Wakayama,Koyaguchicho,Koyaguchicho_01,Astringent,0,2,0,0,0,50
2000,Wakayama,Katuragicho,Katuragicho_A_01,Astringent,0,14,0,0,0,50
2000,Wakayama,Katuragicho,Katuragicho_A_02,Astringent,0,1,0,0,0,50
2000,Wakayama,Katuragicho,Katuragicho_A_03,Astringent,0,0,0,0,0,50
2000,Wakayama,Katuragicho,Katuragicho_A_04,Astringent,0,0,0,0,0,50
2000,Wakayama,Katuragicho,Katuragicho_A_05,Astringent,0,0,0,0,0,50
2000,Wakayama,Kokawacho,Kokawacho_A_01,Astringent,0,1,0,0,0,50
2000,Wakayama,Momoyamacho,Momoyamacho_A_01,Astringent,0,6,0,0,0,50
2000,Wakayama,Momoyamacho,Momoyamacho_A_02,Astringent,0,1,0,0,0,50
2000,Wakayama,Misatocho,Misatocho_A_01,Astringent,0,2,0,0,0,50
2000,Wakayama,Misatocho,Misatocho_A_02,Astringent,0,0,0,0,0,50
2001,Wakayama,Hashimotoshi,Hashimotoshi_N_01,Non_astringent,1,2,10,0,1,50
2001,Wakayama,Hashimotoshi,Hashimotoshi_N_02,Non_astringent,0,0,0,0,0,50
2001,Wakayama,Hashimotoshi,Hashimotoshi_N_03,Non_astringent,0,6,0,0,0,50
2001,Wakayama,Hashimotoshi,Hashimotoshi_N_04,Non_astringent,0,1,1,0,0,50
2001,Wakayama,Kudoyamacho,Kudoyamacho_N_01,Non_astringent,0,4,0,0,0,50
2001,Wakayama,Kudoyamacho,Kudoyamacho_N_02,Non_astringent,0,6,0,0,0,50
2001,Wakayama,Koyaguchicho,Koyaguchicho_01,Non_astringent,0,2,0,0,0,50
2001,Wakayama,Katuragicho,Katuragicho_N_01,Non_astringent,0,10,0,0,0,50
2001,Wakayama,Katuragicho,Katuragicho_N_02,Non_astringent,0,8,0,0,1,50
2001,Wakayama,Katuragicho,Katuragicho_N_03,Non_astringent,0,11,0,0,0,50
2001,Wakayama,Katuragicho,Katuragicho_N_04,Non_astringent,0,3,0,2,1,50
2001,Wakayama,Kokawacho,Kokawacho_N_01,Non_astringent,0,4,0,10,0,50
2001,Wakayama,Momoyamacho,Momoyamacho_N_01,Non_astringent,0,3,4,0,4,50
2001,Wakayama,Momoyamacho,Momoyamacho_N_02,Non_astringent,0,6,1,0,1,50
2001,Wakayama,Misatocho,Misatocho_N_01,Non_astringent,2,11,1,0,0,50
2001,Wakayama,Misatocho,Misatocho_N_02,Non_astringent,0,6,0,0,0,50
2001,Wakayama,Misatocho,Misatocho_N_03,Non_astringent,1,6,9,1,5,50
2001,Wakayama,Hashimotoshi,Hashimotoshi_A_01,Astringent,0,0,1,0,0,50
2001,Wakayama,Hashimotoshi,Hashimotoshi_A_02,Astringent,0,0,0,0,0,50
2001,Wakayama,Hashimotoshi,Hashimotoshi_A_03,Astringent,0,0,0,0,0,50
2001,Wakayama,Hashimotoshi,Hashimotoshi_A_04,Astringent,0,0,0,0,0,50
2001,Wakayama,Kudoyamacho,Kudoyamacho_A_01,Astringent,0,0,0,0,0,50
2001,Wakayama,Kudoyamacho,Kudoyamacho_A_02,Astringent,0,5,0,0,0,50
2001,Wakayama,Koyaguchicho,Koyaguchicho_01,Astringent,0,1,0,0,0,50
2001,Wakayama,Katuragicho,Katuragicho_A_01,Astringent,0,4,0,0,0,50
2001,Wakayama,Katuragicho,Katuragicho_A_02,Astringent,0,0,0,0,0,50
2001,Wakayama,Katuragicho,Katuragicho_A_03,Astringent,0,1,0,0,0,50
2001,Wakayama,Katuragicho,Katuragicho_A_04,Astringent,0,0,0,0,0,50
2001,Wakayama,Katuragicho,Katuragicho_A_05,Astringent,0,0,0,0,0,50
2001,Wakayama,Kokawacho,Kokawacho_A_01,Astringent,0,0,0,0,0,50
2001,Wakayama,Momoyamacho,Momoyamacho_A_01,Astringent,0,0,1,0,0,50
2001,Wakayama,Momoyamacho,Momoyamacho_A_02,Astringent,0,0,0,0,0,50
2001,Wakayama,Misatocho,Misatocho_A_01,Astringent,0,0,0,0,0,50
2001,Wakayama,Misatocho,Misatocho_A_02,Astringent,0,0,0,0,0,50
2002,Wakayama,Hashimotoshi,Hashimotoshi_N_01,Non_astringent,0,7,13,0,0,50
2002,Wakayama,Hashimotoshi,Hashimotoshi_N_02,Non_astringent,0,0,0,0,0,50
2002,Wakayama,Hashimotoshi,Hashimotoshi_N_03,Non_astringent,3,3,0,33,0,50
2002,Wakayama,Hashimotoshi,Hashimotoshi_N_04,Non_astringent,0,4,7,5,0,50
2002,Wakayama,Kudoyamacho,Kudoyamacho_N_01,Non_astringent,0,13,0,0,0,50
2002,Wakayama,Kudoyamacho,Kudoyamacho_N_02,Non_astringent,0,7,0,0,0,50
2002,Wakayama,Koyaguchicho,Koyaguchicho_01,Non_astringent,0,4,1,1,0,50
2002,Wakayama,Katuragicho,Katuragicho_N_01,Non_astringent,0,8,1,0,0,50
2002,Wakayama,Katuragicho,Katuragicho_N_02,Non_astringent,0,10,0,1,0,50
2002,Wakayama,Katuragicho,Katuragicho_N_03,Non_astringent,0,10,0,9,1,50
2002,Wakayama,Katuragicho,Katuragicho_N_04,Non_astringent,0,5,0,6,0,50
2002,Wakayama,Kokawacho,Kokawacho_N_01,Non_astringent,0,5,0,1,0,50
2002,Wakayama,Momoyamacho,Momoyamacho_N_01,Non_astringent,5,2,0,11,0,50
2002,Wakayama,Momoyamacho,Momoyamacho_N_02,Non_astringent,0,0,1,0,0,50
2002,Wakayama,Misatocho,Misatocho_N_01,Non_astringent,0,19,0,2,0,50
2002,Wakayama,Misatocho,Misatocho_N_02,Non_astringent,0,7,0,0,0,50
2002,Wakayama,Misatocho,Misatocho_N_03,Non_astringent,2,1,2,16,0,50
2002,Wakayama,Hashimotoshi,Hashimotoshi_A_01,Astringent,1,0,1,0,0,50
2002,Wakayama,Hashimotoshi,Hashimotoshi_A_02,Astringent,0,0,1,0,0,50
2002,Wakayama,Hashimotoshi,Hashimotoshi_A_03,Astringent,0,0,0,1,0,50
2002,Wakayama,Hashimotoshi,Hashimotoshi_A_04,Astringent,0,0,0,0,0,50
2002,Wakayama,Kudoyamacho,Kudoyamacho_A_01,Astringent,0,3,0,0,0,50
2002,Wakayama,Kudoyamacho,Kudoyamacho_A_02,Astringent,0,0,0,0,0,50
2002,Wakayama,Koyaguchicho,Koyaguchicho_01,Astringent,0,0,0,0,0,50
2002,Wakayama,Katuragicho,Katuragicho_A_01,Astringent,0,1,0,0,0,50
2002,Wakayama,Katuragicho,Katuragicho_A_02,Astringent,0,2,0,0,0,50
2002,Wakayama,Katuragicho,Katuragicho_A_03,Astringent,0,1,0,0,0,50
2002,Wakayama,Katuragicho,Katuragicho_A_04,Astringent,0,0,0,0,0,50
2002,Wakayama,Katuragicho,Katuragicho_A_05,Astringent,0,3,0,0,0,50
2002,Wakayama,Kokawacho,Kokawacho_A_01,Astringent,0,4,0,0,0,50
2002,Wakayama,Momoyamacho,Momoyamacho_A_01,Astringent,0,1,0,0,0,50
2002,Wakayama,Momoyamacho,Momoyamacho_A_02,Astringent,0,0,0,0,1,50
2002,Wakayama,Misatocho,Misatocho_A_01,Astringent,0,0,0,0,0,50
2002,Wakayama,Misatocho,Misatocho_A_02,Astringent,0,0,0,0,0,50
2003,Wakayama,Hashimotoshi,Hashimotoshi_N_01,Non_astringent,2,7,0,0,1,50
2003,Wakayama,Hashimotoshi,Hashimotoshi_N_02,Non_astringent,0,2,0,0,0,50
2003,Wakayama,Hashimotoshi,Hashimotoshi_N_03,Non_astringent,3,16,0,0,0,50
2003,Wakayama,Hashimotoshi,Hashimotoshi_N_04,Non_astringent,4,3,0,0,2,50
2003,Wakayama,Kudoyamacho,Kudoyamacho_N_01,Non_astringent,1,9,0,0,0,50
2003,Wakayama,Kudoyamacho,Kudoyamacho_N_02,Non_astringent,1,9,0,0,1,50
2003,Wakayama,Koyaguchicho,Koyaguchicho_01,Non_astringent,14,8,0,0,1,50
2003,Wakayama,Katuragicho,Katuragicho_N_01,Non_astringent,10,7,0,0,0,50
2003,Wakayama,Katuragicho,Katuragicho_N_02,Non_astringent,6,9,0,0,1,50
2003,Wakayama,Katuragicho,Katuragicho_N_03,Non_astringent,3,11,0,0,6,50
2003,Wakayama,Katuragicho,Katuragicho_N_04,Non_astringent,0,4,0,0,2,50
2003,Wakayama,Kokawacho,Kokawacho_N_01,Non_astringent,0,13,0,0,2,50
2003,Wakayama,Momoyamacho,Momoyamacho_N_01,Non_astringent,3,10,0,2,0,50
2003,Wakayama,Momoyamacho,Momoyamacho_N_02,Non_astringent,0,6,0,0,0,50
2003,Wakayama,Misatocho,Misatocho_N_01,Non_astringent,0,12,0,0,0,50
2003,Wakayama,Misatocho,Misatocho_N_02,Non_astringent,1,9,0,0,0,50
2003,Wakayama,Misatocho,Misatocho_N_03,Non_astringent,10,10,0,1,0,50
2003,Wakayama,Hashimotoshi,Hashimotoshi_A_01,Astringent,6,0,0,0,0,50
2003,Wakayama,Hashimotoshi,Hashimotoshi_A_02,Astringent,1,2,0,0,0,50
2003,Wakayama,Hashimotoshi,Hashimotoshi_A_03,Astringent,0,0,0,0,0,50
2003,Wakayama,Hashimotoshi,Hashimotoshi_A_04,Astringent,1,1,0,0,0,50
2003,Wakayama,Kudoyamacho,Kudoyamacho_A_01,Astringent,0,2,0,0,0,50
2003,Wakayama,Kudoyamacho,Kudoyamacho_A_02,Astringent,0,0,0,0,1,50
2003,Wakayama,Koyaguchicho,Koyaguchicho_01,Astringent,5,1,0,0,1,50
2003,Wakayama,Katuragicho,Katuragicho_A_01,Astringent,1,0,0,0,0,50
2003,Wakayama,Katuragicho,Katuragicho_A_02,Astringent,1,0,0,0,0,50
2003,Wakayama,Katuragicho,Katuragicho_A_03,Astringent,3,0,0,0,0,50
2003,Wakayama,Katuragicho,Katuragicho_A_04,Astringent,6,0,0,0,0,50
2003,Wakayama,Katuragicho,Katuragicho_A_05,Astringent,0,9,0,0,0,50
2003,Wakayama,Kokawacho,Kokawacho_A_01,Astringent,0,0,0,0,0,50
2003,Wakayama,Momoyamacho,Momoyamacho_A_01,Astringent,1,0,0,0,0,50
2003,Wakayama,Momoyamacho,Momoyamacho_A_02,Astringent,0,1,0,0,0,50
2003,Wakayama,Misatocho,Misatocho_A_01,Astringent,0,0,0,0,0,50
2003,Wakayama,Misatocho,Misatocho_A_02,Astringent,0,0,0,0,0,50
2004,Wakayama,Hashimotoshi,Hashimotoshi_N_01,Non_astringent,0,1,1,7,0,50
2004,Wakayama,Hashimotoshi,Hashimotoshi_N_02,Non_astringent,0,0,0,15,0,50
2004,Wakayama,Hashimotoshi,Hashimotoshi_N_03,Non_astringent,0,20,0,19,0,50
2004,Wakayama,Hashimotoshi,Hashimotoshi_N_04,Non_astringent,2,0,0,21,0,50
2004,Wakayama,Kudoyamacho,Kudoyamacho_N_01,Non_astringent,0,19,0,4,0,50
2004,Wakayama,Kudoyamacho,Kudoyamacho_N_02,Non_astringent,0,16,0,8,0,50
2004,Wakayama,Koyaguchicho,Koyaguchicho_01,Non_astringent,0,12,0,21,0,50
2004,Wakayama,Katuragicho,Katuragicho_N_01,Non_astringent,0,10,0,2,3,50
2004,Wakayama,Katuragicho,Katuragicho_N_02,Non_astringent,1,0,0,14,0,50
2004,Wakayama,Katuragicho,Katuragicho_N_03,Non_astringent,1,0,1,5,2,50
2004,Wakayama,Katuragicho,Katuragicho_N_04,Non_astringent,0,3,0,15,0,50
2004,Wakayama,Kokawacho,Kokawacho_N_01,Non_astringent,1,1,0,32,0,50
2004,Wakayama,Momoyamacho,Momoyamacho_N_01,Non_astringent,1,7,1,2,0,50
2004,Wakayama,Momoyamacho,Momoyamacho_N_02,Non_astringent,0,0,0,0,0,50
2004,Wakayama,Misatocho,Misatocho_N_01,Non_astringent,0,5,0,1,0,50
2004,Wakayama,Misatocho,Misatocho_N_02,Non_astringent,0,10,0,3,0,50
2004,Wakayama,Misatocho,Misatocho_N_03,Non_astringent,1,0,1,23,0,50
2004,Wakayama,Hashimotoshi,Hashimotoshi_A_01,Astringent,0,0,0,0,0,50
2004,Wakayama,Hashimotoshi,Hashimotoshi_A_02,Astringent,0,0,0,2,0,50
2004,Wakayama,Hashimotoshi,Hashimotoshi_A_03,Astringent,0,0,0,7,0,50
2004,Wakayama,Hashimotoshi,Hashimotoshi_A_04,Astringent,0,1,0,0,0,50
2004,Wakayama,Kudoyamacho,Kudoyamacho_A_01,Astringent,0,4,0,0,0,50
2004,Wakayama,Kudoyamacho,Kudoyamacho_A_02,Astringent,0,6,0,0,0,50
2004,Wakayama,Koyaguchicho,Koyaguchicho_01,Astringent,0,30,0,2,0,50
2004,Wakayama,Katuragicho,Katuragicho_A_01,Astringent,0,0,0,1,0,50
2004,Wakayama,Katuragicho,Katuragicho_A_02,Astringent,0,0,0,0,0,50
2004,Wakayama,Katuragicho,Katuragicho_A_03,Astringent,0,0,0,2,0,50
2004,Wakayama,Katuragicho,Katuragicho_A_04,Astringent,0,0,0,3,0,50
2004,Wakayama,Katuragicho,Katuragicho_A_05,Astringent,0,3,0,0,0,50
2004,Wakayama,Kokawacho,Kokawacho_A_01,Astringent,0,0,0,6,0,50
2004,Wakayama,Momoyamacho,Momoyamacho_A_01,Astringent,0,0,0,0,0,50
2004,Wakayama,Momoyamacho,Momoyamacho_A_02,Astringent,0,0,0,0,0,50
2004,Wakayama,Misatocho,Misatocho_A_01,Astringent,0,0,0,0,0,50
2004,Wakayama,Misatocho,Misatocho_A_02,Astringent,0,0,0,0,0,50
2005,Wakayama,Hashimotoshi,Hashimotoshi_N_01,Non_astringent,0,9,14,0,3,50
2005,Wakayama,Hashimotoshi,Hashimotoshi_N_02,Non_astringent,0,2,0,0,0,50
2005,Wakayama,Hashimotoshi,Hashimotoshi_N_03,Non_astringent,0,23,0,0,0,50
2005,Wakayama,Hashimotoshi,Hashimotoshi_N_04,Non_astringent,0,3,2,0,0,50
2005,Wakayama,Kudoyamacho,Kudoyamacho_N_01,Non_astringent,0,19,0,0,2,50
2005,Wakayama,Kudoyamacho,Kudoyamacho_N_02,Non_astringent,0,5,0,0,0,50
2005,Wakayama,Koyaguchicho,Koyaguchicho_01,Non_astringent,0,7,0,0,0,50
2005,Wakayama,Katuragicho,Katuragicho_N_01,Non_astringent,0,12,0,0,0,50
2005,Wakayama,Katuragicho,Katuragicho_N_02,Non_astringent,0,12,0,0,2,50
2005,Wakayama,Katuragicho,Katuragicho_N_03,Non_astringent,0,8,0,0,0,50
2005,Wakayama,Katuragicho,Katuragicho_N_04,Non_astringent,0,7,0,0,3,50
2005,Wakayama,Kokawacho,Kokawacho_N_01,Non_astringent,2,8,0,0,8,50
2005,Wakayama,Momoyamacho,Momoyamacho_N_01,Non_astringent,0,10,0,0,1,50
2005,Wakayama,Momoyamacho,Momoyamacho_N_02,Non_astringent,0,7,0,0,3,50
2005,Wakayama,Misatocho,Misatocho_N_01,Non_astringent,0,35,0,0,0,50
2005,Wakayama,Misatocho,Misatocho_N_02,Non_astringent,0,42,0,0,0,50
2005,Wakayama,Misatocho,Misatocho_N_03,Non_astringent,0,11,1,0,1,50
2005,Wakayama,Hashimotoshi,Hashimotoshi_A_01,Astringent,0,0,1,0,0,50
2005,Wakayama,Hashimotoshi,Hashimotoshi_A_02,Astringent,0,0,0,0,0,50
2005,Wakayama,Hashimotoshi,Hashimotoshi_A_03,Astringent,0,2,0,0,0,50
2005,Wakayama,Hashimotoshi,Hashimotoshi_A_04,Astringent,0,1,0,0,0,50
2005,Wakayama,Kudoyamacho,Kudoyamacho_A_01,Astringent,0,5,0,0,0,50
2005,Wakayama,Kudoyamacho,Kudoyamacho_A_02,Astringent,0,5,0,0,0,50
2005,Wakayama,Koyaguchicho,Koyaguchicho_01,Astringent,0,9,0,0,0,50
2005,Wakayama,Katuragicho,Katuragicho_A_01,Astringent,0,2,0,0,0,50
2005,Wakayama,Katuragicho,Katuragicho_A_02,Astringent,0,0,0,0,0,50
2005,Wakayama,Katuragicho,Katuragicho_A_03,Astringent,0,1,0,0,0,50
2005,Wakayama,Katuragicho,Katuragicho_A_04,Astringent,0,0,0,0,0,50
2005,Wakayama,Katuragicho,Katuragicho_A_05,Astringent,0,5,0,0,0,50
2005,Wakayama,Kokawacho,Kokawacho_A_01,Astringent,0,0,0,0,1,50
2005,Wakayama,Momoyamacho,Momoyamacho_A_01,Astringent,0,2,0,0,0,50
2005,Wakayama,Momoyamacho,Momoyamacho_A_02,Astringent,0,1,0,0,1,50
2005,Wakayama,Misatocho,Misatocho_A_01,Astringent,0,0,0,0,0,50
2005,Wakayama,Misatocho,Misatocho_A_02,Astringent,0,1,0,0,0,50
2006,Wakayama,Hashimotoshi,Hashimotoshi_N_01,Non_astringent,0,2,15,0,0,50
2006,Wakayama,Hashimotoshi,Hashimotoshi_N_02,Non_astringent,1,1,0,5,0,50
2006,Wakayama,Hashimotoshi,Hashimotoshi_N_03,Non_astringent,1,21,1,6,1,50
2006,Wakayama,Hashimotoshi,Hashimotoshi_N_04,Non_astringent,0,6,10,6,0,50
2006,Wakayama,Kudoyamacho,Kudoyamacho_N_01,Non_astringent,0,1,0,0,2,50
2006,Wakayama,Kudoyamacho,Kudoyamacho_N_02,Non_astringent,0,1,0,0,0,50
2006,Wakayama,Katuragicho,Katuragicho_N_01,Non_astringent,0,25,0,1,1,50
2006,Wakayama,Katuragicho,Katuragicho_N_02,Non_astringent,0,11,0,0,0,50
2006,Wakayama,Katuragicho,Katuragicho_N_03,Non_astringent,0,28,0,0,2,50
2006,Wakayama,Katuragicho,Katuragicho_N_04,Non_astringent,0,1,0,0,0,50
2006,Wakayama,Kokawacho,Kokawacho_N_01,Non_astringent,0,0,0,1,4,50
2006,Wakayama,Momoyamacho,Momoyamacho_N_01,Non_astringent,0,19,0,0,3,50
2006,Wakayama,Momoyamacho,Momoyamacho_N_02,Non_astringent,0,2,0,0,6,50
2006,Wakayama,Misatocho,Misatocho_N_01,Non_astringent,0,41,0,0,1,50
2006,Wakayama,Misatocho,Misatocho_N_02,Non_astringent,0,41,0,0,1,50
2006,Wakayama,Misatocho,Misatocho_N_03,Non_astringent,0,21,4,0,9,50
2006,Wakayama,Hashimotoshi,Hashimotoshi_A_01,Astringent,0,7,0,0,0,50
2006,Wakayama,Hashimotoshi,Hashimotoshi_A_02,Astringent,0,0,0,0,0,50
2006,Wakayama,Hashimotoshi,Hashimotoshi_A_03,Astringent,0,3,0,1,1,50
2006,Wakayama,Hashimotoshi,Hashimotoshi_A_04,Astringent,0,2,0,0,0,50
2006,Wakayama,Kudoyamacho,Kudoyamacho_A_01,Astringent,0,1,0,0,0,50
2006,Wakayama,Kudoyamacho,Kudoyamacho_A_02,Astringent,0,0,0,0,0,50
2006,Wakayama,Katuragicho,Katuragicho_A_01,Astringent,0,11,0,1,0,50
2006,Wakayama,Katuragicho,Katuragicho_A_02,Astringent,0,0,0,0,0,50
2006,Wakayama,Katuragicho,Katuragicho_A_03,Astringent,0,6,0,1,0,50
2006,Wakayama,Katuragicho,Katuragicho_A_04,Astringent,0,5,0,0,0,50
2006,Wakayama,Katuragicho,Katuragicho_A_05,Astringent,0,8,0,0,0,50
2006,Wakayama,Kokawacho,Kokawacho_A_01,Astringent,0,0,0,0,0,50
2006,Wakayama,Momoyamacho,Momoyamacho_A_01,Astringent,0,4,0,0,1,50
2006,Wakayama,Momoyamacho,Momoyamacho_A_02,Astringent,0,0,0,0,0,50
2006,Wakayama,Misatocho,Misatocho_A_01,Astringent,0,0,0,0,0,50
2006,Wakayama,Misatocho,Misatocho_A_02,Astringent,0,3,0,0,0,50
2007,Wakayama,Hashimotoshi,Hashimotoshi_N_01,Non_astringent,0,6,24,0,1,50
2007,Wakayama,Hashimotoshi,Hashimotoshi_N_02,Non_astringent,0,0,0,0,0,50
2007,Wakayama,Hashimotoshi,Hashimotoshi_N_03,Non_astringent,0,8,0,0,0,50
2007,Wakayama,Hashimotoshi,Hashimotoshi_N_04,Non_astringent,0,0,2,1,2,50
2007,Wakayama,Kudoyamacho,Kudoyamacho_N_01,Non_astringent,0,0,0,0,0,50
2007,Wakayama,Kudoyamacho,Kudoyamacho_N_02,Non_astringent,0,1,0,0,0,50
2007,Wakayama,Koyaguchicho,Koyaguchicho_01,Non_astringent,0,6,0,0,0,50
2007,Wakayama,Katuragicho,Katuragicho_N_01,Non_astringent,0,8,4,0,0,50
2007,Wakayama,Katuragicho,Katuragicho_N_02,Non_astringent,0,16,0,0,1,50
2007,Wakayama,Katuragicho,Katuragicho_N_03,Non_astringent,0,18,0,0,1,50
2007,Wakayama,Katuragicho,Katuragicho_N_04,Non_astringent,0,6,0,0,0,50
2007,Wakayama,Kokawacho,Kokawacho_N_01,Non_astringent,0,7,0,0,2,50
2007,Wakayama,Momoyamacho,Momoyamacho_N_01,Non_astringent,0,18,3,0,2,50
2007,Wakayama,Momoyamacho,Momoyamacho_N_02,Non_astringent,0,16,0,0,0,50
2007,Wakayama,Misatocho,Misatocho_N_01,Non_astringent,0,30,0,0,0,50
2007,Wakayama,Misatocho,Misatocho_N_02,Non_astringent,0,26,0,0,0,50
2007,Wakayama,Misatocho,Misatocho_N_03,Non_astringent,0,13,16,0,0,50
2007,Wakayama,Hashimotoshi,Hashimotoshi_A_01,Astringent,0,0,3,0,0,50
2007,Wakayama,Hashimotoshi,Hashimotoshi_A_02,Astringent,0,0,0,0,0,50
2007,Wakayama,Hashimotoshi,Hashimotoshi_A_03,Astringent,0,0,0,0,0,50
2007,Wakayama,Hashimotoshi,Hashimotoshi_A_04,Astringent,0,0,0,0,0,50
2007,Wakayama,Kudoyamacho,Kudoyamacho_A_01,Astringent,0,0,0,0,0,50
2007,Wakayama,Kudoyamacho,Kudoyamacho_A_02,Astringent,0,0,0,0,0,50
2007,Wakayama,Koyaguchicho,Koyaguchicho_01,Astringent,0,0,0,0,0,50
2007,Wakayama,Katuragicho,Katuragicho_A_01,Astringent,0,0,1,0,0,50
2007,Wakayama,Katuragicho,Katuragicho_A_02,Astringent,0,0,0,0,0,50
2007,Wakayama,Katuragicho,Katuragicho_A_03,Astringent,0,0,0,0,0,50
2007,Wakayama,Katuragicho,Katuragicho_A_04,Astringent,0,0,0,0,0,50
2007,Wakayama,Katuragicho,Katuragicho_A_05,Astringent,0,5,0,0,0,50
2007,Wakayama,Kokawacho,Kokawacho_A_01,Astringent,0,0,0,0,0,50
2007,Wakayama,Momoyamacho,Momoyamacho_A_01,Astringent,0,0,0,0,0,50
2007,Wakayama,Momoyamacho,Momoyamacho_A_02,Astringent,0,12,0,0,0,50
2007,Wakayama,Misatocho,Misatocho_A_01,Astringent,0,2,0,0,0,50
2007,Wakayama,Misatocho,Misatocho_A_02,Astringent,0,0,0,0,0,50
2008,Wakayama,Hashimotoshi,Hashimotoshi_N_01,Non_astringent,2,2,15,35,1,50
2008,Wakayama,Hashimotoshi,Hashimotoshi_N_02,Non_astringent,0,0,0,31,0,50
2008,Wakayama,Hashimotoshi,Hashimotoshi_N_03,Non_astringent,0,9,0,20,0,50
2008,Wakayama,Hashimotoshi,Hashimotoshi_N_04,Non_astringent,0,0,2,39,0,50
2008,Wakayama,Kudoyamacho,Kudoyamacho_N_01,Non_astringent,0,1,0,1,1,50
2008,Wakayama,Kudoyamacho,Kudoyamacho_N_02,Non_astringent,0,0,0,11,0,50
2008,Wakayama,Koyaguchicho,Koyaguchicho_01,Non_astringent,0,3,0,11,0,50
2008,Wakayama,Katuragicho,Katuragicho_N_01,Non_astringent,0,20,0,1,2,50
2008,Wakayama,Katuragicho,Katuragicho_N_02,Non_astringent,0,5,0,5,0,50
2008,Wakayama,Katuragicho,Katuragicho_N_03,Non_astringent,0,8,0,8,0,50
2008,Wakayama,Katuragicho,Katuragicho_N_04,Non_astringent,0,5,0,38,3,50
2008,Wakayama,Kokawacho,Kokawacho_N_01,Non_astringent,0,3,0,7,5,50
2008,Wakayama,Momoyamacho,Momoyamacho_N_01,Non_astringent,0,15,1,0,0,50
2008,Wakayama,Momoyamacho,Momoyamacho_N_02,Non_astringent,0,14,0,0,1,50
2008,Wakayama,Misatocho,Misatocho_N_01,Non_astringent,0,9,0,1,0,50
2008,Wakayama,Misatocho,Misatocho_N_02,Non_astringent,0,12,0,2,0,50
2008,Wakayama,Misatocho,Misatocho_N_03,Non_astringent,0,27,9,8,2,50
2008,Wakayama,Hashimotoshi,Hashimotoshi_A_01,Astringent,0,0,4,1,0,50
2008,Wakayama,Hashimotoshi,Hashimotoshi_A_02,Astringent,0,0,0,0,0,50
2008,Wakayama,Hashimotoshi,Hashimotoshi_A_03,Astringent,0,0,1,0,0,50
2008,Wakayama,Hashimotoshi,Hashimotoshi_A_04,Astringent,0,0,0,1,0,50
2008,Wakayama,Kudoyamacho,Kudoyamacho_A_01,Astringent,0,0,0,0,0,50
2008,Wakayama,Kudoyamacho,Kudoyamacho_A_02,Astringent,0,0,0,0,0,50
2008,Wakayama,Koyaguchicho,Koyaguchicho_01,Astringent,0,0,0,1,0,50
2008,Wakayama,Katuragicho,Katuragicho_A_01,Astringent,0,0,0,0,0,50
2008,Wakayama,Katuragicho,Katuragicho_A_02,Astringent,0,0,0,0,0,50
2008,Wakayama,Katuragicho,Katuragicho_A_03,Astringent,0,0,0,0,0,50
2008,Wakayama,Katuragicho,Katuragicho_A_04,Astringent,0,0,0,5,0,50
2008,Wakayama,Katuragicho,Katuragicho_A_05,Astringent,0,8,0,0,0,50
2008,Wakayama,Kokawacho,Kokawacho_A_01,Astringent,0,0,0,1,1,50
2008,Wakayama,Momoyamacho,Momoyamacho_A_01,Astringent,0,0,1,0,0,50
2008,Wakayama,Momoyamacho,Momoyamacho_A_02,Astringent,0,7,0,0,1,50
2008,Wakayama,Misatocho,Misatocho_A_01,Astringent,0,1,0,3,0,50
2008,Wakayama,Misatocho,Misatocho_A_02,Astringent,0,2,1,2,0,50
2009,Wakayama,Hashimotoshi,Hashimotoshi_N_01,Non_astringent,0,1,8,0,2,50
2009,Wakayama,Hashimotoshi,Hashimotoshi_N_02,Non_astringent,0,1,0,0,0,50
2009,Wakayama,Hashimotoshi,Hashimotoshi_N_03,Non_astringent,0,29,0,0,1,50
2009,Wakayama,Hashimotoshi,Hashimotoshi_N_04,Non_astringent,0,5,4,0,0,50
2009,Wakayama,Kudoyamacho,Kudoyamacho_N_01,Non_astringent,0,8,0,0,0,50
2009,Wakayama,Kudoyamacho,Kudoyamacho_N_02,Non_astringent,0,16,0,0,0,50
2009,Wakayama,Koyaguchicho,Koyaguchicho_01,Non_astringent,0,2,0,0,0,50
2009,Wakayama,Katuragicho,Katuragicho_N_01,Non_astringent,0,16,0,0,1,50
2009,Wakayama,Katuragicho,Katuragicho_N_02,Non_astringent,0,8,0,0,1,50
2009,Wakayama,Katuragicho,Katuragicho_N_03,Non_astringent,0,30,0,0,2,50
2009,Wakayama,Katuragicho,Katuragicho_N_04,Non_astringent,0,10,0,0,3,50
2009,Wakayama,Kokawacho,Kokawacho_N_01,Non_astringent,0,21,1,0,0,50
2009,Wakayama,Momoyamacho,Momoyamacho_N_01,Non_astringent,0,10,4,0,1,50
2009,Wakayama,Momoyamacho,Momoyamacho_N_02,Non_astringent,0,12,2,0,0,50
2009,Wakayama,Misatocho,Misatocho_N_01,Non_astringent,0,21,0,0,0,50
2009,Wakayama,Misatocho,Misatocho_N_02,Non_astringent,0,14,0,0,1,50
2009,Wakayama,Misatocho,Misatocho_N_03,Non_astringent,0,12,11,0,0,50
2009,Wakayama,Hashimotoshi,Hashimotoshi_A_01,Astringent,0,2,6,0,0,50
2009,Wakayama,Hashimotoshi,Hashimotoshi_A_02,Astringent,0,0,0,0,0,50
2009,Wakayama,Hashimotoshi,Hashimotoshi_A_03,Astringent,0,11,0,0,0,50
2009,Wakayama,Hashimotoshi,Hashimotoshi_A_04,Astringent,0,2,0,0,1,50
2009,Wakayama,Kudoyamacho,Kudoyamacho_A_01,Astringent,0,6,0,0,0,50
2009,Wakayama,Kudoyamacho,Kudoyamacho_A_02,Astringent,0,3,0,0,0,50
2009,Wakayama,Koyaguchicho,Koyaguchicho_01,Astringent,0,0,0,0,0,50
2009,Wakayama,Katuragicho,Katuragicho_A_01,Astringent,0,1,0,0,1,50
2009,Wakayama,Katuragicho,Katuragicho_A_02,Astringent,0,0,0,0,1,50
2009,Wakayama,Katuragicho,Katuragicho_A_03,Astringent,0,1,0,0,0,50
2009,Wakayama,Katuragicho,Katuragicho_A_04,Astringent,0,0,0,0,0,50
2009,Wakayama,Katuragicho,Katuragicho_A_05,Astringent,0,6,0,0,0,50
2009,Wakayama,Kokawacho,Kokawacho_A_01,Astringent,0,5,0,0,1,50
2009,Wakayama,Momoyamacho,Momoyamacho_A_01,Astringent,0,1,0,0,0,50
2009,Wakayama,Momoyamacho,Momoyamacho_A_02,Astringent,0,5,0,0,0,50
2009,Wakayama,Misatocho,Misatocho_A_01,Astringent,0,5,0,0,0,50
2009,Wakayama,Misatocho,Misatocho_A_02,Astringent,0,0,0,0,0,50
2010,Wakayama,Hashimotoshi,Hashimotoshi_N_01,Non_astringent,0,7,2,8,8,50
2010,Wakayama,Hashimotoshi,Hashimotoshi_N_02,Non_astringent,0,0,0,0,0,50
2010,Wakayama,Hashimotoshi,Hashimotoshi_N_03,Non_astringent,0,8,0,32,1,50
2010,Wakayama,Hashimotoshi,Hashimotoshi_N_04,Non_astringent,0,1,0,22,3,50
2010,Wakayama,Kudoyamacho,Kudoyamacho_N_01,Non_astringent,0,7,0,0,1,50
2010,Wakayama,Kudoyamacho,Kudoyamacho_N_02,Non_astringent,0,5,0,2,2,50
2010,Wakayama,Koyaguchicho,Koyaguchicho_01,Non_astringent,0,0,0,0,5,50
2010,Wakayama,Katuragicho,Katuragicho_N_01,Non_astringent,0,9,1,0,2,50
2010,Wakayama,Katuragicho,Katuragicho_N_02,Non_astringent,0,1,0,1,2,50
2010,Wakayama,Katuragicho,Katuragicho_N_03,Non_astringent,0,16,0,6,3,50
2010,Wakayama,Katuragicho,Katuragicho_N_04,Non_astringent,0,0,0,0,11,50
2010,Wakayama,Kokawacho,Kokawacho_N_01,Non_astringent,0,2,0,2,6,50
2010,Wakayama,Momoyamacho,Momoyamacho_N_01,Non_astringent,1,5,37,16,14,50
2010,Wakayama,Momoyamacho,Momoyamacho_N_02,Non_astringent,0,13,1,1,0,50
2010,Wakayama,Misatocho,Misatocho_N_01,Non_astringent,0,6,0,3,0,50
2010,Wakayama,Misatocho,Misatocho_N_02,Non_astringent,0,18,0,8,1,50
2010,Wakayama,Misatocho,Misatocho_N_03,Non_astringent,0,9,8,24,3,50
2010,Wakayama,Hashimotoshi,Hashimotoshi_A_01,Astringent,0,0,0,0,0,50
2010,Wakayama,Hashimotoshi,Hashimotoshi_A_02,Astringent,0,NA,NA,NA,NA,50
2010,Wakayama,Hashimotoshi,Hashimotoshi_A_03,Astringent,0,0,0,2,0,50
2010,Wakayama,Hashimotoshi,Hashimotoshi_A_04,Astringent,0,0,0,1,0,50
2010,Wakayama,Kudoyamacho,Kudoyamacho_A_01,Astringent,0,6,0,0,0,50
2010,Wakayama,Kudoyamacho,Kudoyamacho_A_02,Astringent,0,0,0,0,0,50
2010,Wakayama,Koyaguchicho,Koyaguchicho_01,Astringent,0,0,0,1,0,50
2010,Wakayama,Katuragicho,Katuragicho_A_01,Astringent,0,1,1,0,2,50
2010,Wakayama,Katuragicho,Katuragicho_A_02,Astringent,0,2,0,0,0,50
2010,Wakayama,Katuragicho,Katuragicho_A_03,Astringent,0,0,0,0,0,50
2010,Wakayama,Katuragicho,Katuragicho_A_04,Astringent,NA,NA,NA,NA,NA,50
2010,Wakayama,Katuragicho,Katuragicho_A_05,Astringent,0,6,0,0,3,50
2010,Wakayama,Kokawacho,Kokawacho_A_01,Astringent,0,2,0,0,1,50
2010,Wakayama,Momoyamacho,Momoyamacho_A_01,Astringent,0,0,0,0,0,50
2010,Wakayama,Momoyamacho,Momoyamacho_A_02,Astringent,0,8,0,0,2,50
2010,Wakayama,Misatocho,Misatocho_A_01,Astringent,0,0,0,0,1,50
2010,Wakayama,Misatocho,Misatocho_A_02,Astringent,0,0,0,1,2,50
2011,Wakayama,Hashimotoshi,Hashimotoshi_N_01,Non_astringent,0,3,6,0,3,50
2011,Wakayama,Hashimotoshi,Hashimotoshi_N_02,Non_astringent,0,1,0,0,2,50
2011,Wakayama,Hashimotoshi,Hashimotoshi_N_03,Non_astringent,0,4,0,0,3,50
2011,Wakayama,Hashimotoshi,Hashimotoshi_N_04,Non_astringent,0,0,0,0,2,50
2011,Wakayama,Kudoyamacho,Kudoyamacho_N_01,Non_astringent,0,13,0,0,0,50
2011,Wakayama,Kudoyamacho,Kudoyamacho_N_02,Non_astringent,0,7,0,0,2,50
2011,Wakayama,Koyaguchicho,Koyaguchicho_01,Non_astringent,0,2,1,0,1,50
2011,Wakayama,Katuragicho,Katuragicho_N_01,Non_astringent,0,14,0,0,2,50
2011,Wakayama,Katuragicho,Katuragicho_N_02,Non_astringent,0,1,0,0,3,50
2011,Wakayama,Katuragicho,Katuragicho_N_03,Non_astringent,0,14,0,0,2,50
2011,Wakayama,Katuragicho,Katuragicho_N_04,Non_astringent,0,4,0,0,4,50
2011,Wakayama,Kokawacho,Kokawacho_N_01,Non_astringent,0,24,0,0,0,50
2011,Wakayama,Momoyamacho,Momoyamacho_N_01,Non_astringent,0,14,1,0,0,50
2011,Wakayama,Momoyamacho,Momoyamacho_N_02,Non_astringent,0,26,0,0,1,50
2011,Wakayama,Misatocho,Misatocho_N_01,Non_astringent,1,35,0,0,0,50
2011,Wakayama,Misatocho,Misatocho_N_02,Non_astringent,0,16,0,0,1,50
2011,Wakayama,Misatocho,Misatocho_N_03,Non_astringent,1,10,4,0,1,50
2011,Wakayama,Hashimotoshi,Hashimotoshi_A_01,Astringent,0,1,6,0,2,50
2011,Wakayama,Hashimotoshi,Hashimotoshi_A_02,Astringent,0,0,0,0,2,50
2011,Wakayama,Hashimotoshi,Hashimotoshi_A_03,Astringent,0,0,0,0,0,50
2011,Wakayama,Hashimotoshi,Hashimotoshi_A_04,Astringent,0,0,0,0,0,50
2011,Wakayama,Kudoyamacho,Kudoyamacho_A_01,Astringent,0,3,0,0,1,50
2011,Wakayama,Kudoyamacho,Kudoyamacho_A_02,Astringent,0,0,0,0,1,50
2011,Wakayama,Koyaguchicho,Koyaguchicho_01,Astringent,0,0,0,0,0,50
2011,Wakayama,Katuragicho,Katuragicho_A_01,Astringent,0,0,0,0,0,50
2011,Wakayama,Katuragicho,Katuragicho_A_02,Astringent,0,2,0,0,0,50
2011,Wakayama,Katuragicho,Katuragicho_A_03,Astringent,0,0,0,0,1,50
2011,Wakayama,Katuragicho,Katuragicho_A_04,Astringent,0,0,0,0,0,50
2011,Wakayama,Katuragicho,Katuragicho_A_05,Astringent,0,4,0,0,0,50
2011,Wakayama,Kokawacho,Kokawacho_A_01,Astringent,0,0,0,0,0,50
2011,Wakayama,Momoyamacho,Momoyamacho_A_01,Astringent,0,1,0,0,0,50
2011,Wakayama,Momoyamacho,Momoyamacho_A_02,Astringent,0,11,0,0,0,50
2011,Wakayama,Misatocho,Misatocho_A_01,Astringent,0,2,0,0,1,50
2011,Wakayama,Misatocho,Misatocho_A_02,Astringent,0,2,0,0,2,50
2012,Wakayama,Hashimotoshi,Hashimotoshi_N_01,Non_astringent,0,5,3,22,0,50
2012,Wakayama,Hashimotoshi,Hashimotoshi_N_02,Non_astringent,0,0,0,0,2,50
2012,Wakayama,Hashimotoshi,Hashimotoshi_N_03,Non_astringent,1,2,0,30,0,50
2012,Wakayama,Hashimotoshi,Hashimotoshi_N_04,Non_astringent,1,0,0,3,0,50
2012,Wakayama,Kudoyamacho,Kudoyamacho_N_01,Non_astringent,0,4,0,1,0,50
2012,Wakayama,Kudoyamacho,Kudoyamacho_N_02,Non_astringent,0,1,0,15,0,50
2012,Wakayama,Koyaguchicho,Koyaguchicho_01,Non_astringent,0,2,0,0,1,50
2012,Wakayama,Katuragicho,Katuragicho_N_01,Non_astringent,0,6,0,0,1,50
2012,Wakayama,Katuragicho,Katuragicho_N_02,Non_astringent,0,4,0,4,0,50
2012,Wakayama,Katuragicho,Katuragicho_N_03,Non_astringent,5,14,0,14,1,50
2012,Wakayama,Katuragicho,Katuragicho_N_04,Non_astringent,0,2,0,1,2,50
2012,Wakayama,Kokawacho,Kokawacho_N_01,Non_astringent,0,3,0,0,0,50
2012,Wakayama,Momoyamacho,Momoyamacho_N_01,Non_astringent,0,4,0,0,2,50
2012,Wakayama,Momoyamacho,Momoyamacho_N_02,Non_astringent,0,17,0,4,1,50
2012,Wakayama,Misatocho,Misatocho_N_01,Non_astringent,3,22,0,3,0,50
2012,Wakayama,Misatocho,Misatocho_N_02,Non_astringent,7,17,0,16,2,50
2012,Wakayama,Misatocho,Misatocho_N_03,Non_astringent,7,10,0,2,1,50
2012,Wakayama,Hashimotoshi,Hashimotoshi_A_01,Astringent,0,2,0,3,0,50
2012,Wakayama,Hashimotoshi,Hashimotoshi_A_02,Astringent,0,0,0,1,0,50
2012,Wakayama,Hashimotoshi,Hashimotoshi_A_03,Astringent,0,0,0,2,0,50
2012,Wakayama,Hashimotoshi,Hashimotoshi_A_04,Astringent,0,0,0,5,0,50
2012,Wakayama,Kudoyamacho,Kudoyamacho_A_01,Astringent,0,0,0,1,0,50
2012,Wakayama,Kudoyamacho,Kudoyamacho_A_02,Astringent,0,0,0,1,0,50
2012,Wakayama,Koyaguchicho,Koyaguchicho_01,Astringent,0,0,0,0,0,50
2012,Wakayama,Katuragicho,Katuragicho_A_01,Astringent,0,0,0,1,0,50
2012,Wakayama,Katuragicho,Katuragicho_A_02,Astringent,0,1,0,0,0,50
2012,Wakayama,Katuragicho,Katuragicho_A_03,Astringent,0,0,0,0,0,50
2012,Wakayama,Katuragicho,Katuragicho_A_04,Astringent,0,0,1,0,1,50
2012,Wakayama,Katuragicho,Katuragicho_A_05,Astringent,0,5,0,1,0,50
2012,Wakayama,Kokawacho,Kokawacho_A_01,Astringent,0,0,0,0,0,50
2012,Wakayama,Momoyamacho,Momoyamacho_A_01,Astringent,0,0,0,5,0,50
2012,Wakayama,Momoyamacho,Momoyamacho_A_02,Astringent,0,7,0,6,0,50
2012,Wakayama,Misatocho,Misatocho_A_01,Astringent,0,0,0,0,0,50
2012,Wakayama,Misatocho,Misatocho_A_02,Astringent,0,0,0,3,0,50
2013,Wakayama,Hashimotoshi,Hashimotoshi_N_01,Non_astringent,0,5,6,0,5,50
2013,Wakayama,Hashimotoshi,Hashimotoshi_N_02,Non_astringent,0,0,0,0,0,50
2013,Wakayama,Hashimotoshi,Hashimotoshi_N_03,Non_astringent,0,5,0,0,0,50
2013,Wakayama,Hashimotoshi,Hashimotoshi_N_04,Non_astringent,0,3,0,0,0,50
2013,Wakayama,Koyaguchicho,Koyaguchicho_01,Non_astringent,0,4,0,0,0,50
2013,Wakayama,Kudoyamacho,Kudoyamacho_N_01,Non_astringent,0,0,0,0,0,50
2013,Wakayama,Kudoyamacho,Kudoyamacho_N_02,Non_astringent,0,4,0,0,0,50
2013,Wakayama,Katuragicho,Katuragicho_N_01,Non_astringent,0,4,0,0,0,50
2013,Wakayama,Katuragicho,Katuragicho_N_02,Non_astringent,0,6,0,1,0,50
2013,Wakayama,Katuragicho,Katuragicho_N_03,Non_astringent,0,20,0,0,0,50
2013,Wakayama,Katuragicho,Katuragicho_N_04,Non_astringent,0,3,0,0,0,50
2013,Wakayama,Kokawacho,Kokawacho_N_01,Non_astringent,0,3,0,0,1,50
2013,Wakayama,Momoyamacho,Momoyamacho_N_01,Non_astringent,1,6,0,0,2,50
2013,Wakayama,Momoyamacho,Momoyamacho_N_02,Non_astringent,0,14,0,0,3,50
2013,Wakayama,Misatocho,Misatocho_N_01,Non_astringent,0,13,0,0,1,50
2013,Wakayama,Misatocho,Misatocho_N_02,Non_astringent,0,14,0,0,2,50
2013,Wakayama,Misatocho,Misatocho_N_03,Non_astringent,3,8,1,0,4,50
2013,Wakayama,Hashimotoshi,Hashimotoshi_A_01,Astringent,0,3,0,0,0,50
2013,Wakayama,Hashimotoshi,Hashimotoshi_A_02,Astringent,0,0,0,0,0,50
2013,Wakayama,Hashimotoshi,Hashimotoshi_A_03,Astringent,0,0,0,0,0,50
2013,Wakayama,Hashimotoshi,Hashimotoshi_A_04,Astringent,0,1,0,0,0,50
2013,Wakayama,Koyaguchicho,Koyaguchicho_01,Astringent,0,2,0,0,0,50
2013,Wakayama,Kudoyamacho,Kudoyamacho_A_01,Astringent,0,0,0,0,0,50
2013,Wakayama,Kudoyamacho,Kudoyamacho_A_02,Astringent,0,2,0,0,0,50
2013,Wakayama,Katuragicho,Katuragicho_A_01,Astringent,0,1,0,0,0,50
2013,Wakayama,Katuragicho,Katuragicho_A_02,Astringent,0,0,0,0,0,50
2013,Wakayama,Katuragicho,Katuragicho_A_03,Astringent,0,2,0,0,0,50
2013,Wakayama,Katuragicho,Katuragicho_A_04,Astringent,0,0,0,0,1,50
2013,Wakayama,Katuragicho,Katuragicho_A_05,Astringent,0,0,0,0,0,50
2013,Wakayama,Kokawacho,Kokawacho_A_01,Astringent,0,0,0,0,0,50
2013,Wakayama,Momoyamacho,Momoyamacho_A_01,Astringent,0,2,0,0,0,50
2013,Wakayama,Momoyamacho,Momoyamacho_A_02,Astringent,0,3,0,0,1,50
2013,Wakayama,Misatocho,Misatocho_A_01,Astringent,0,0,0,0,2,50
2013,Wakayama,Misatocho,Misatocho_A_02,Astringent,0,1,0,0,1,50
2014,Wakayama,Hashimotoshi,Hashimotoshi_N_01,Non_astringent,6,5,6,0,5,50
2014,Wakayama,Hashimotoshi,Hashimotoshi_N_02,Non_astringent,0,0,0,0,0,50
2014,Wakayama,Hashimotoshi,Hashimotoshi_N_03,Non_astringent,5,5,0,0,0,50
2014,Wakayama,Hashimotoshi,Hashimotoshi_N_04,Non_astringent,1,3,0,0,0,50
2014,Wakayama,Kudoyamacho,Kudoyamacho_N_01,Non_astringent,0,0,0,0,0,50
2014,Wakayama,Kudoyamacho,Kudoyamacho_N_02,Non_astringent,0,4,0,0,0,50
2014,Wakayama,Koyaguchicho,Koyaguchicho_01,Non_astringent,0,4,0,0,0,50
2014,Wakayama,Katuragicho,Katuragicho_N_01,Non_astringent,0,4,0,0,0,50
2014,Wakayama,Katuragicho,Katuragicho_N_02,Non_astringent,0,6,0,1,0,50
2014,Wakayama,Katuragicho,Katuragicho_N_03,Non_astringent,3,20,0,0,0,50
2014,Wakayama,Katuragicho,Katuragicho_N_04,Non_astringent,3,3,0,0,0,50
2014,Wakayama,Kokawacho,Kokawacho_N_01,Non_astringent,0,3,0,0,1,50
2014,Wakayama,Momoyamacho,Momoyamacho_N_01,Non_astringent,0,6,0,0,2,50
2014,Wakayama,Momoyamacho,Momoyamacho_N_02,Non_astringent,1,14,0,0,3,50
2014,Wakayama,Misatocho,Misatocho_N_01,Non_astringent,1,13,0,0,1,50
2014,Wakayama,Misatocho,Misatocho_N_02,Non_astringent,2,14,0,0,2,50
2014,Wakayama,Misatocho,Misatocho_N_03,Non_astringent,3,8,1,0,4,50
2014,Wakayama,Hashimotoshi,Hashimotoshi_A_01,Astringent,0,3,0,0,0,50
2014,Wakayama,Hashimotoshi,Hashimotoshi_A_02,Astringent,0,0,0,0,0,50
2014,Wakayama,Hashimotoshi,Hashimotoshi_A_03,Astringent,0,0,0,0,0,50
2014,Wakayama,Hashimotoshi,Hashimotoshi_A_04,Astringent,0,1,0,0,0,50
2014,Wakayama,Kudoyamacho,Kudoyamacho_A_01,Astringent,0,0,0,0,0,50
2014,Wakayama,Kudoyamacho,Kudoyamacho_A_02,Astringent,0,2,0,0,0,50
2014,Wakayama,Koyaguchicho,Koyaguchicho_01,Astringent,0,2,0,0,0,50
2014,Wakayama,Katuragicho,Katuragicho_A_01,Astringent,0,1,0,0,0,50
2014,Wakayama,Katuragicho,Katuragicho_A_02,Astringent,0,0,0,0,0,50
2014,Wakayama,Katuragicho,Katuragicho_A_03,Astringent,0,2,0,0,0,50
2014,Wakayama,Katuragicho,Katuragicho_A_04,Astringent,1,0,0,0,1,50
2014,Wakayama,Katuragicho,Katuragicho_A_05,Astringent,0,0,0,0,0,50
2014,Wakayama,Kokawacho,Kokawacho_A_01,Astringent,0,0,0,0,0,50
2014,Wakayama,Momoyamacho,Momoyamacho_A_01,Astringent,0,2,0,0,0,50
2014,Wakayama,Momoyamacho,Momoyamacho_A_02,Astringent,0,3,0,0,1,50
2014,Wakayama,Misatocho,Misatocho_A_01,Astringent,0,0,0,0,2,50
2014,Wakayama,Misatocho,Misatocho_A_02,Astringent,0,1,0,0,1,50
2015,Wakayama,Hashimotoshi,Hashimotoshi_N_01,Non_astringent,0,5,1,6,0,50
2015,Wakayama,Hashimotoshi,Hashimotoshi_N_02,Non_astringent,0,0,0,0,0,50
2015,Wakayama,Hashimotoshi,Hashimotoshi_N_03,Non_astringent,0,0,0,14,0,50
2015,Wakayama,Hashimotoshi,Hashimotoshi_N_04,Non_astringent,0,2,2,0,2,50
2015,Wakayama,Koyaguchicho,Koyaguchicho_01,Non_astringent,1,15,1,9,2,50
2015,Wakayama,Kudoyamacho,Kudoyamacho_N_01,Non_astringent,0,0,0,0,0,50
2015,Wakayama,Kudoyamacho,Kudoyamacho_N_02,Non_astringent,0,0,0,0,1,50
2015,Wakayama,Katuragicho,Katuragicho_N_01,Non_astringent,0,9,0,1,0,50
2015,Wakayama,Katuragicho,Katuragicho_N_02,Non_astringent,0,7,0,0,0,50
2015,Wakayama,Katuragicho,Katuragicho_N_03,Non_astringent,1,11,0,0,3,50
2015,Wakayama,Katuragicho,Katuragicho_N_04,Non_astringent,0,4,0,0,1,50
2015,Wakayama,Kokawacho,Kokawacho_N_01,Non_astringent,0,7,0,0,0,50
2015,Wakayama,Momoyamacho,Momoyamacho_N_01,Non_astringent,0,7,0,0,2,50
2015,Wakayama,Momoyamacho,Momoyamacho_N_02,Non_astringent,0,12,0,0,0,50
2015,Wakayama,Misatocho,Misatocho_N_01,Non_astringent,0,9,0,0,0,50
2015,Wakayama,Misatocho,Misatocho_N_02,Non_astringent,1,2,0,2,2,50
2015,Wakayama,Misatocho,Misatocho_N_03,Non_astringent,2,6,0,6,0,50
2015,Wakayama,Hashimotoshi,Hashimotoshi_A_01,Astringent,0,0,0,0,0,50
2015,Wakayama,Hashimotoshi,Hashimotoshi_A_02,Astringent,0,1,0,0,0,50
2015,Wakayama,Hashimotoshi,Hashimotoshi_A_03,Astringent,0,1,0,0,0,50
2015,Wakayama,Hashimotoshi,Hashimotoshi_A_04,Astringent,0,0,0,0,0,50
2015,Wakayama,Koyaguchicho,Koyaguchicho_01,Astringent,0,5,0,2,1,50
2015,Wakayama,Kudoyamacho,Kudoyamacho_A_01,Astringent,0,0,0,0,0,50
2015,Wakayama,Kudoyamacho,Kudoyamacho_A_02,Astringent,0,0,0,1,1,50
2015,Wakayama,Katuragicho,Katuragicho_A_01,Astringent,0,1,0,0,0,50
2015,Wakayama,Katuragicho,Katuragicho_A_02,Astringent,0,0,0,0,0,50
2015,Wakayama,Katuragicho,Katuragicho_A_03,Astringent,0,2,0,0,0,50
2015,Wakayama,Katuragicho,Katuragicho_A_04,Astringent,0,1,0,1,0,50
2015,Wakayama,Katuragicho,Katuragicho_A_05,Astringent,0,4,0,0,0,50
2015,Wakayama,Kokawacho,Kokawacho_A_01,Astringent,0,0,0,0,0,50
2015,Wakayama,Momoyamacho,Momoyamacho_A_01,Astringent,0,0,0,0,1,50
2015,Wakayama,Momoyamacho,Momoyamacho_A_02,Astringent,0,2,0,0,0,50
2015,Wakayama,Misatocho,Misatocho_A_01,Astringent,0,0,0,0,0,50
2015,Wakayama,Misatocho,Misatocho_A_02,Astringent,0,0,0,0,0,50
2016,Wakayama,Hashimotoshi,Hashimotoshi_N_01,Non_astringent,1,0,0,0,0,50
2016,Wakayama,Hashimotoshi,Hashimotoshi_N_02,Non_astringent,0,0,0,0,1,50
2016,Wakayama,Hashimotoshi,Hashimotoshi_N_03,Non_astringent,0,1,0,0,1,50
2016,Wakayama,Hashimotoshi,Hashimotoshi_N_04,Non_astringent,0,0,0,0,1,50
2016,Wakayama,Koyaguchicho,Koyaguchicho_01,Non_astringent,0,3,0,0,1,50
2016,Wakayama,Kudoyamacho,Kudoyamacho_N_01,Non_astringent,0,0,0,0,0,50
2016,Wakayama,Kudoyamacho,Kudoyamacho_N_02,Non_astringent,1,0,1,0,0,50
2016,Wakayama,Katuragicho,Katuragicho_N_01,Non_astringent,0,8,0,0,6,50
2016,Wakayama,Katuragicho,Katuragicho_N_02,Non_astringent,0,0,0,0,1,50
2016,Wakayama,Katuragicho,Katuragicho_N_03,Non_astringent,3,3,1,0,1,50
2016,Wakayama,Katuragicho,Katuragicho_N_04,Non_astringent,0,3,0,0,1,50
2016,Wakayama,Kokawacho,Kokawacho_N_01,Non_astringent,0,1,0,0,5,50
2016,Wakayama,Momoyamacho,Momoyamacho_N_01,Non_astringent,0,3,0,0,2,50
2016,Wakayama,Momoyamacho,Momoyamacho_N_02,Non_astringent,0,6,0,0,1,50
2016,Wakayama,Misatocho,Misatocho_N_01,Non_astringent,0,0,0,0,4,50
2016,Wakayama,Misatocho,Misatocho_N_02,Non_astringent,0,1,0,0,3,50
2016,Wakayama,Misatocho,Misatocho_N_03,Non_astringent,0,7,0,0,2,50
2016,Wakayama,Hashimotoshi,Hashimotoshi_A_01,Astringent,0,0,0,0,0,50
2016,Wakayama,Hashimotoshi,Hashimotoshi_A_02,Astringent,0,0,0,0,2,50
2016,Wakayama,Hashimotoshi,Hashimotoshi_A_03,Astringent,0,0,0,0,0,50
2016,Wakayama,Hashimotoshi,Hashimotoshi_A_04,Astringent,0,0,0,0,0,50
2016,Wakayama,Koyaguchicho,Koyaguchicho_01,Astringent,0,0,0,0,0,50
2016,Wakayama,Kudoyamacho,Kudoyamacho_A_01,Astringent,0,0,0,0,0,50
2016,Wakayama,Kudoyamacho,Kudoyamacho_A_02,Astringent,0,4,0,0,0,50
2016,Wakayama,Katuragicho,Katuragicho_A_01,Astringent,0,1,0,0,1,50
2016,Wakayama,Katuragicho,Katuragicho_A_02,Astringent,0,0,0,0,0,50
2016,Wakayama,Katuragicho,Katuragicho_A_03,Astringent,0,0,0,0,0,50
2016,Wakayama,Katuragicho,Katuragicho_A_04,Astringent,0,0,0,0,0,50
2016,Wakayama,Katuragicho,Katuragicho_A_05,Astringent,0,1,0,0,0,50
2016,Wakayama,Kokawacho,Kokawacho_A_01,Astringent,0,0,0,0,0,50
2016,Wakayama,Momoyamacho,Momoyamacho_A_01,Astringent,0,0,0,0,0,50
2016,Wakayama,Momoyamacho,Momoyamacho_A_02,Astringent,0,0,0,1,0,50
2016,Wakayama,Misatocho,Misatocho_A_01,Astringent,0,0,0,0,0,50
2016,Wakayama,Misatocho,Misatocho_A_02,Astringent,0,0,0,0,0,50
2017,Wakayama,Hashimotoshi,Hashimotoshi_N_01,Non_astringent,0,2,0,0,0,50
2017,Wakayama,Hashimotoshi,Hashimotoshi_N_02,Non_astringent,0,0,0,0,0,50
2017,Wakayama,Hashimotoshi,Hashimotoshi_N_03,Non_astringent,1,0,0,1,0,50
2017,Wakayama,Hashimotoshi,Hashimotoshi_N_04,Non_astringent,0,0,0,0,0,50
2017,Wakayama,Koyaguchicho,Koyaguchicho_01,Non_astringent,0,10,0,0,0,50
2017,Wakayama,Kudoyamacho,Kudoyamacho_N_01,Non_astringent,0,0,0,0,0,50
2017,Wakayama,Kudoyamacho,Kudoyamacho_N_02,Non_astringent,0,0,0,0,0,50
2017,Wakayama,Katuragicho,Katuragicho_N_01,Non_astringent,0,7,0,0,0,50
2017,Wakayama,Katuragicho,Katuragicho_N_02,Non_astringent,0,0,0,0,0,50
2017,Wakayama,Katuragicho,Katuragicho_N_03,Non_astringent,2,3,0,0,1,50
2017,Wakayama,Katuragicho,Katuragicho_N_04,Non_astringent,0,4,0,0,0,50
2017,Wakayama,Kokawacho,Kokawacho_N_01,Non_astringent,0,3,0,0,1,50
2017,Wakayama,Momoyamacho,Momoyamacho_N_01,Non_astringent,0,8,0,0,0,50
2017,Wakayama,Momoyamacho,Momoyamacho_N_02,Non_astringent,0,3,0,0,0,50
2017,Wakayama,Misatocho,Misatocho_N_01,Non_astringent,0,6,0,0,0,50
2017,Wakayama,Misatocho,Misatocho_N_02,Non_astringent,0,5,0,0,0,50
2017,Wakayama,Misatocho,Misatocho_N_03,Non_astringent,1,14,0,0,0,50
2017,Wakayama,Hashimotoshi,Hashimotoshi_A_01,Astringent,0,0,0,0,0,50
2017,Wakayama,Hashimotoshi,Hashimotoshi_A_02,Astringent,0,0,0,0,0,50
2017,Wakayama,Hashimotoshi,Hashimotoshi_A_03,Astringent,0,0,0,0,0,50
2017,Wakayama,Hashimotoshi,Hashimotoshi_A_04,Astringent,0,0,0,0,0,50
2017,Wakayama,Koyaguchicho,Koyaguchicho_01,Astringent,0,2,0,0,0,50
2017,Wakayama,Kudoyamacho,Kudoyamacho_A_01,Astringent,0,0,0,0,0,50
2017,Wakayama,Kudoyamacho,Kudoyamacho_A_02,Astringent,0,0,0,0,0,50
2017,Wakayama,Katuragicho,Katuragicho_A_01,Astringent,0,0,0,0,0,50
2017,Wakayama,Katuragicho,Katuragicho_A_02,Astringent,0,0,0,0,0,50
2017,Wakayama,Katuragicho,Katuragicho_A_03,Astringent,0,0,0,0,0,50
2017,Wakayama,Katuragicho,Katuragicho_A_04,Astringent,0,0,0,0,1,50
2017,Wakayama,Katuragicho,Katuragicho_A_05,Astringent,0,0,0,0,0,50
2017,Wakayama,Kokawacho,Kokawacho_A_01,Astringent,0,0,0,0,0,50
2017,Wakayama,Momoyamacho,Momoyamacho_A_01,Astringent,0,1,0,0,1,50
2017,Wakayama,Momoyamacho,Momoyamacho_A_02,Astringent,0,0,0,0,0,50
2017,Wakayama,Misatocho,Misatocho_A_01,Astringent,0,0,0,0,0,50
2017,Wakayama,Misatocho,Misatocho_A_02,Astringent,0,0,0,0,0,50
2018,Wakayama,Hashimotoshi,Hashimotoshi_N_01,Non_astringent,1,0,0,8,0,50
2018,Wakayama,Hashimotoshi,Hashimotoshi_N_02,Non_astringent,0,0,0,0,0,50
2018,Wakayama,Hashimotoshi,Hashimotoshi_N_03,Non_astringent,0,0,0,6,0,50
2018,Wakayama,Hashimotoshi,Hashimotoshi_N_04,Non_astringent,0,0,0,14,1,50
2018,Wakayama,Koyaguchicho,Koyaguchicho_01,Non_astringent,2,3,0,15,0,50
2018,Wakayama,Kudoyamacho,Kudoyamacho_N_01,Non_astringent,0,0,0,0,0,50
2018,Wakayama,Kudoyamacho,Kudoyamacho_N_02,Non_astringent,0,0,0,2,0,50
2018,Wakayama,Katuragicho,Katuragicho_N_01,Non_astringent,1,0,0,0,0,50
2018,Wakayama,Katuragicho,Katuragicho_N_02,Non_astringent,1,2,0,29,2,50
2018,Wakayama,Katuragicho,Katuragicho_N_03,Non_astringent,1,4,0,1,1,50
2018,Wakayama,Katuragicho,Katuragicho_N_04,Non_astringent,0,0,0,0,0,50
2018,Wakayama,Kokawacho,Kokawacho_N_01,Non_astringent,0,6,0,2,1,50
2018,Wakayama,Momoyamacho,Momoyamacho_N_01,Non_astringent,0,4,0,2,0,50
2018,Wakayama,Momoyamacho,Momoyamacho_N_02,Non_astringent,0,2,0,1,0,50
2018,Wakayama,Misatocho,Misatocho_N_01,Non_astringent,0,5,0,9,1,50
2018,Wakayama,Misatocho,Misatocho_N_02,Non_astringent,0,1,0,3,0,50
2018,Wakayama,Misatocho,Misatocho_N_03,Non_astringent,3,0,0,11,0,50
2018,Wakayama,Hashimotoshi,Hashimotoshi_A_01,Astringent,0,0,0,0,0,50
2018,Wakayama,Hashimotoshi,Hashimotoshi_A_02,Astringent,0,0,0,0,0,50
2018,Wakayama,Hashimotoshi,Hashimotoshi_A_03,Astringent,0,0,0,0,0,50
2018,Wakayama,Hashimotoshi,Hashimotoshi_A_04,Astringent,0,0,0,0,0,50
2018,Wakayama,Koyaguchicho,Koyaguchicho_01,Astringent,0,0,0,3,0,50
2018,Wakayama,Kudoyamacho,Kudoyamacho_A_01,Astringent,0,0,0,0,0,50
2018,Wakayama,Kudoyamacho,Kudoyamacho_A_02,Astringent,1,0,0,1,0,50
2018,Wakayama,Katuragicho,Katuragicho_A_01,Astringent,0,0,0,0,0,50
2018,Wakayama,Katuragicho,Katuragicho_A_02,Astringent,0,0,0,0,0,50
2018,Wakayama,Katuragicho,Katuragicho_A_03,Astringent,0,0,0,0,0,50
2018,Wakayama,Katuragicho,Katuragicho_A_04,Astringent,0,0,0,0,0,50
2018,Wakayama,Katuragicho,Katuragicho_A_05,Astringent,0,0,0,0,0,50
2018,Wakayama,Kokawacho,Kokawacho_A_01,Astringent,0,0,0,0,0,50
2018,Wakayama,Momoyamacho,Momoyamacho_A_01,Astringent,0,0,0,0,0,50
2018,Wakayama,Momoyamacho,Momoyamacho_A_02,Astringent,1,0,0,0,0,50
2018,Wakayama,Misatocho,Misatocho_A_01,Astringent,0,0,0,0,0,50
2018,Wakayama,Misatocho,Misatocho_A_02,Astringent,0,0,0,2,0,50
2019,Wakayama,Hashimotoshi,Hashimotoshi_N_01,Non_astringent,0,4,0,0,0,50
2019,Wakayama,Hashimotoshi,Hashimotoshi_N_02,Non_astringent,0,0,0,0,1,50
2019,Wakayama,Hashimotoshi,Hashimotoshi_N_03,Non_astringent,0,1,0,0,0,50
2019,Wakayama,Hashimotoshi,Hashimotoshi_N_04,Non_astringent,0,0,0,0,0,50
2019,Wakayama,Koyaguchicho,Koyaguchicho_01,Non_astringent,0,6,0,1,0,50
2019,Wakayama,Kudoyamacho,Kudoyamacho_N_01,Non_astringent,0,0,0,0,0,50
2019,Wakayama,Kudoyamacho,Kudoyamacho_N_02,Non_astringent,1,0,0,0,1,50
2019,Wakayama,Katuragicho,Katuragicho_N_01,Non_astringent,0,0,0,0,0,50
2019,Wakayama,Katuragicho,Katuragicho_N_02,Non_astringent,0,0,0,0,0,50
2019,Wakayama,Katuragicho,Katuragicho_N_03,Non_astringent,3,7,0,0,0,50
2019,Wakayama,Katuragicho,Katuragicho_N_04,Non_astringent,0,8,0,0,1,50
2019,Wakayama,Kokawacho,Kokawacho_N_01,Non_astringent,0,1,0,0,1,50
2019,Wakayama,Momoyamacho,Momoyamacho_N_01,Non_astringent,0,6,0,0,0,50
2019,Wakayama,Momoyamacho,Momoyamacho_N_02,Non_astringent,0,12,2,0,3,50
2019,Wakayama,Misatocho,Misatocho_N_01,Non_astringent,0,4,0,0,0,50
2019,Wakayama,Misatocho,Misatocho_N_02,Non_astringent,0,1,0,0,1,50
2019,Wakayama,Misatocho,Misatocho_N_03,Non_astringent,4,2,1,0,1,50
2019,Wakayama,Hashimotoshi,Hashimotoshi_A_01,Astringent,0,0,1,0,0,50
2019,Wakayama,Hashimotoshi,Hashimotoshi_A_02,Astringent,0,0,0,0,1,50
2019,Wakayama,Hashimotoshi,Hashimotoshi_A_03,Astringent,0,0,0,0,0,50
2019,Wakayama,Hashimotoshi,Hashimotoshi_A_04,Astringent,0,1,0,0,0,50
2019,Wakayama,Koyaguchicho,Koyaguchicho_01,Astringent,0,1,0,0,0,50
2019,Wakayama,Kudoyamacho,Kudoyamacho_A_01,Astringent,0,0,0,0,0,50
2019,Wakayama,Kudoyamacho,Kudoyamacho_A_02,Astringent,2,0,0,0,0,50
2019,Wakayama,Katuragicho,Katuragicho_A_01,Astringent,0,0,0,0,0,50
2019,Wakayama,Katuragicho,Katuragicho_A_02,Astringent,0,0,0,0,1,50
2019,Wakayama,Katuragicho,Katuragicho_A_03,Astringent,0,0,0,0,0,50
2019,Wakayama,Katuragicho,Katuragicho_A_04,Astringent,0,0,0,0,0,50
2019,Wakayama,Katuragicho,Katuragicho_A_05,Astringent,0,1,0,0,0,50
2019,Wakayama,Kokawacho,Kokawacho_A_01,Astringent,0,0,0,0,0,50
2019,Wakayama,Momoyamacho,Momoyamacho_A_01,Astringent,0,0,0,0,1,50
2019,Wakayama,Momoyamacho,Momoyamacho_A_02,Astringent,0,9,0,0,2,50
2019,Wakayama,Misatocho,Misatocho_A_01,Astringent,0,0,0,0,1,50
2019,Wakayama,Misatocho,Misatocho_A_02,Astringent,0,0,0,0,0,50
2020,Wakayama,Hashimotoshi,Hashimotoshi_N_01,Non_astringent,0,2,0,12,0,50
2020,Wakayama,Hashimotoshi,Hashimotoshi_N_02,Non_astringent,0,0,0,1,0,50
2020,Wakayama,Hashimotoshi,Hashimotoshi_N_03,Non_astringent,0,0,0,6,0,50
2020,Wakayama,Hashimotoshi,Hashimotoshi_N_04,Non_astringent,0,0,0,5,0,50
2020,Wakayama,Koyaguchicho,Koyaguchicho_01,Non_astringent,2,0,0,42,2,50
2020,Wakayama,Kudoyamacho,Kudoyamacho_N_01,Non_astringent,0,0,0,0,0,50
2020,Wakayama,Kudoyamacho,Kudoyamacho_N_02,Non_astringent,0,2,0,7,0,50
2020,Wakayama,Katuragicho,Katuragicho_N_01,Non_astringent,0,5,0,2,0,50
2020,Wakayama,Katuragicho,Katuragicho_N_02,Non_astringent,1,3,0,7,0,50
2020,Wakayama,Katuragicho,Katuragicho_N_03,Non_astringent,1,2,0,1,0,50
2020,Wakayama,Katuragicho,Katuragicho_N_04,Non_astringent,0,0,0,6,0,50
2020,Wakayama,Kokawacho,Kokawacho_N_01,Non_astringent,0,12,0,0,1,50
2020,Wakayama,Momoyamacho,Momoyamacho_N_01,Non_astringent,0,14,0,0,0,50
2020,Wakayama,Momoyamacho,Momoyamacho_N_02,Non_astringent,0,11,0,0,1,50
2020,Wakayama,Misatocho,Misatocho_N_01,Non_astringent,3,15,0,2,1,50
2020,Wakayama,Misatocho,Misatocho_N_02,Non_astringent,1,2,1,2,0,50
2020,Wakayama,Misatocho,Misatocho_N_03,Non_astringent,2,6,2,5,0,50
2020,Wakayama,Hashimotoshi,Hashimotoshi_A_01,Astringent,0,0,0,2,0,50
2020,Wakayama,Hashimotoshi,Hashimotoshi_A_02,Astringent,0,0,0,0,0,50
2020,Wakayama,Hashimotoshi,Hashimotoshi_A_03,Astringent,0,0,0,1,0,50
2020,Wakayama,Hashimotoshi,Hashimotoshi_A_04,Astringent,0,1,0,3,1,50
2020,Wakayama,Koyaguchicho,Koyaguchicho_01,Astringent,6,0,0,7,0,50
2020,Wakayama,Kudoyamacho,Kudoyamacho_A_01,Astringent,0,0,0,0,0,50
2020,Wakayama,Kudoyamacho,Kudoyamacho_A_02,Astringent,0,0,0,0,0,50
2020,Wakayama,Katuragicho,Katuragicho_A_01,Astringent,0,1,0,0,0,50
2020,Wakayama,Katuragicho,Katuragicho_A_02,Astringent,0,1,0,0,0,50
2020,Wakayama,Katuragicho,Katuragicho_A_03,Astringent,0,0,0,0,0,50
2020,Wakayama,Katuragicho,Katuragicho_A_04,Astringent,1,1,0,0,0,50
2020,Wakayama,Katuragicho,Katuragicho_A_05,Astringent,0,0,0,0,0,50
2020,Wakayama,Kokawacho,Kokawacho_A_01,Astringent,0,0,0,0,0,50
2020,Wakayama,Momoyamacho,Momoyamacho_A_01,Astringent,0,6,0,0,0,50
2020,Wakayama,Momoyamacho,Momoyamacho_A_02,Astringent,0,0,0,0,1,50
2020,Wakayama,Misatocho,Misatocho_A_01,Astringent,0,0,0,0,2,50
2020,Wakayama,Misatocho,Misatocho_A_02,Astringent,0,0,0,0,0,50
2021,Wakayama,Hashimotoshi,Hashimotoshi_N_01,Non_astringent,0,2,0,4,0,50
2021,Wakayama,Hashimotoshi,Hashimotoshi_N_02,Non_astringent,0,0,0,1,0,50
2021,Wakayama,Hashimotoshi,Hashimotoshi_N_03,Non_astringent,0,0,0,1,0,50
2021,Wakayama,Hashimotoshi,Hashimotoshi_N_04,Non_astringent,0,0,0,1,0,50
2021,Wakayama,Koyaguchicho,Koyaguchicho_01,Non_astringent,0,4,0,0,0,50
2021,Wakayama,Kudoyamacho,Kudoyamacho_N_01,Non_astringent,0,0,0,0,0,50
2021,Wakayama,Kudoyamacho,Kudoyamacho_N_02,Non_astringent,1,0,0,0,0,50
2021,Wakayama,Katuragicho,Katuragicho_N_01,Non_astringent,0,0,0,0,0,50
2021,Wakayama,Katuragicho,Katuragicho_N_02,Non_astringent,0,2,0,0,0,50
2021,Wakayama,Katuragicho,Katuragicho_N_03,Non_astringent,3,0,0,0,0,50
2021,Wakayama,Katuragicho,Katuragicho_N_04,Non_astringent,0,0,0,0,0,50
2021,Wakayama,Kokawacho,Kokawacho_N_01,Non_astringent,0,9,0,0,1,50
2021,Wakayama,Momoyamacho,Momoyamacho_N_01,Non_astringent,0,0,0,0,0,50
2021,Wakayama,Momoyamacho,Momoyamacho_N_02,Non_astringent,1,2,0,0,1,50
2021,Wakayama,Misatocho,Misatocho_N_01,Non_astringent,5,4,0,0,1,50
2021,Wakayama,Misatocho,Misatocho_N_02,Non_astringent,3,0,0,0,2,50
2021,Wakayama,Misatocho,Misatocho_N_03,Non_astringent,14,9,0,2,0,50
2021,Wakayama,Hashimotoshi,Hashimotoshi_A_01,Astringent,0,0,0,0,0,50
2021,Wakayama,Hashimotoshi,Hashimotoshi_A_02,Astringent,0,0,0,0,1,50
2021,Wakayama,Hashimotoshi,Hashimotoshi_A_03,Astringent,0,0,0,0,0,50
2021,Wakayama,Hashimotoshi,Hashimotoshi_A_04,Astringent,0,0,0,0,0,50
2021,Wakayama,Koyaguchicho,Koyaguchicho_01,Astringent,0,1,0,0,0,50
2021,Wakayama,Kudoyamacho,Kudoyamacho_A_01,Astringent,0,0,0,0,1,50
2021,Wakayama,Kudoyamacho,Kudoyamacho_A_02,Astringent,0,0,0,0,0,50
2021,Wakayama,Katuragicho,Katuragicho_A_01,Astringent,0,0,0,0,0,50
2021,Wakayama,Katuragicho,Katuragicho_A_02,Astringent,0,0,0,0,1,50
2021,Wakayama,Katuragicho,Katuragicho_A_03,Astringent,0,0,0,0,0,50
2021,Wakayama,Katuragicho,Katuragicho_A_04,Astringent,0,0,0,0,0,50
2021,Wakayama,Katuragicho,Katuragicho_A_05,Astringent,0,0,0,0,0,50
2021,Wakayama,Kokawacho,Kokawacho_A_01,Astringent,0,0,0,0,0,50
2021,Wakayama,Momoyamacho,Momoyamacho_A_01,Astringent,0,2,0,0,1,50
2021,Wakayama,Momoyamacho,Momoyamacho_A_02,Astringent,0,1,0,0,0,50
2021,Wakayama,Misatocho,Misatocho_A_01,Astringent,0,0,0,0,0,50
2021,Wakayama,Misatocho,Misatocho_A_02,Astringent,0,0,0,0,0,50
2022,Wakayama,Hashimotoshi,Hashimotoshi_N_01,Non_astringent,3,13,0,16,0,50
2022,Wakayama,Hashimotoshi,Hashimotoshi_N_02,Non_astringent,0,0,0,10,1,50
2022,Wakayama,Hashimotoshi,Hashimotoshi_N_03,Non_astringent,5,1,0,19,0,50
2022,Wakayama,Hashimotoshi,Hashimotoshi_N_04,Non_astringent,0,0,0,30,0,50
2022,Wakayama,Koyaguchicho,Koyaguchicho_01,Non_astringent,2,4,0,7,0,50
2022,Wakayama,Kudoyamacho,Kudoyamacho_N_01,Non_astringent,0,5,0,0,0,50
2022,Wakayama,Kudoyamacho,Kudoyamacho_N_02,Non_astringent,0,1,0,0,0,50
2022,Wakayama,Katuragicho,Katuragicho_N_01,Non_astringent,4,6,0,5,0,50
2022,Wakayama,Katuragicho,Katuragicho_N_02,Non_astringent,1,13,0,0,0,50
2022,Wakayama,Katuragicho,Katuragicho_N_03,Non_astringent,0,3,0,10,0,50
2022,Wakayama,Katuragicho,Katuragicho_N_04,Non_astringent,1,5,0,6,0,50
2022,Wakayama,Kokawacho,Kokawacho_N_01,Non_astringent,0,4,0,1,0,50
2022,Wakayama,Momoyamacho,Momoyamacho_N_01,Non_astringent,0,0,0,13,0,50
2022,Wakayama,Momoyamacho,Momoyamacho_N_02,Non_astringent,0,0,0,0,0,50
2022,Wakayama,Misatocho,Misatocho_N_01,Non_astringent,2,0,0,6,0,50
2022,Wakayama,Misatocho,Misatocho_N_02,Non_astringent,0,0,0,14,0,50
2022,Wakayama,Misatocho,Misatocho_N_03,Non_astringent,NA,NA,NA,NA,NA,50
2022,Wakayama,Hashimotoshi,Hashimotoshi_A_01,Astringent,0,2,0,3,0,50
2022,Wakayama,Hashimotoshi,Hashimotoshi_A_02,Astringent,0,0,0,0,0,50
2022,Wakayama,Hashimotoshi,Hashimotoshi_A_03,Astringent,0,2,0,0,0,50
2022,Wakayama,Hashimotoshi,Hashimotoshi_A_04,Astringent,0,0,0,3,0,50
2022,Wakayama,Koyaguchicho,Koyaguchicho_01,Astringent,0,0,0,3,0,50
2022,Wakayama,Kudoyamacho,Kudoyamacho_A_01,Astringent,0,0,0,0,1,50
2022,Wakayama,Kudoyamacho,Kudoyamacho_A_02,Astringent,0,0,0,0,0,50
2022,Wakayama,Katuragicho,Katuragicho_A_01,Astringent,0,1,0,0,0,50
2022,Wakayama,Katuragicho,Katuragicho_A_02,Astringent,0,0,0,0,0,50
2022,Wakayama,Katuragicho,Katuragicho_A_03,Astringent,0,1,0,0,0,50
2022,Wakayama,Katuragicho,Katuragicho_A_04,Astringent,0,1,0,1,0,50
2022,Wakayama,Katuragicho,Katuragicho_A_05,Astringent,0,0,0,0,0,50
2022,Wakayama,Kokawacho,Kokawacho_A_01,Astringent,0,0,0,3,0,50
2022,Wakayama,Momoyamacho,Momoyamacho_A_01,Astringent,0,1,0,4,0,50
2022,Wakayama,Momoyamacho,Momoyamacho_A_02,Astringent,0,0,0,0,0,50
2022,Wakayama,Misatocho,Misatocho_A_01,Astringent,0,0,0,0,1,50
2022,Wakayama,Misatocho,Misatocho_A_02,Astringent,0,0,0,1,0,50
2023,Wakayama,Hashimotoshi,Hashimotoshi_N_01,Non_astringent,0,0,0,0,0,50
2023,Wakayama,Hashimotoshi,Hashimotoshi_N_02,Non_astringent,0,0,0,0,0,50
2023,Wakayama,Hashimotoshi,Hashimotoshi_N_03,Non_astringent,3,1,0,0,0,50
2023,Wakayama,Hashimotoshi,Hashimotoshi_N_04,Non_astringent,1,0,0,0,0,50
2023,Wakayama,Koyaguchicho,Koyaguchicho_01,Non_astringent,0,1,0,1,0,50
2023,Wakayama,Kudoyamacho,Kudoyamacho_N_01,Non_astringent,0,0,0,0,0,50
2023,Wakayama,Kudoyamacho,Kudoyamacho_N_02,Non_astringent,0,0,0,0,0,50
2023,Wakayama,Katuragicho,Katuragicho_N_01,Non_astringent,0,5,0,0,0,50
2023,Wakayama,Katuragicho,Katuragicho_N_02,Non_astringent,0,0,0,0,0,50
2023,Wakayama,Katuragicho,Katuragicho_N_03,Non_astringent,0,0,0,0,0,50
2023,Wakayama,Katuragicho,Katuragicho_N_04,Non_astringent,0,0,0,0,0,50
2023,Wakayama,Kokawacho,Kokawacho_N_01,Non_astringent,0,2,0,0,0,50
2023,Wakayama,Kokawacho,Kokawacho_N_02,Non_astringent,0,2,0,0,1,50
2023,Wakayama,Momoyamacho,Momoyamacho_N_01,Non_astringent,0,2,0,0,0,50
2023,Wakayama,Misatocho,Misatocho_N_01,Non_astringent,0,0,0,0,0,50
2023,Wakayama,Misatocho,Misatocho_N_02,Non_astringent,2,1,0,1,0,50
2023,Wakayama,Hashimotoshi,Hashimotoshi_A_01,Astringent,0,0,0,0,0,50
2023,Wakayama,Hashimotoshi,Hashimotoshi_A_02,Astringent,0,1,0,0,0,50
2023,Wakayama,Hashimotoshi,Hashimotoshi_A_03,Astringent,0,0,0,0,0,50
2023,Wakayama,Hashimotoshi,Hashimotoshi_A_04,Astringent,0,1,0,0,0,50
2023,Wakayama,Koyaguchicho,Koyaguchicho_01,Astringent,0,0,0,0,0,50
2023,Wakayama,Kudoyamacho,Kudoyamacho_A_01,Astringent,0,0,0,0,0,50
2023,Wakayama,Kudoyamacho,Kudoyamacho_A_02,Astringent,0,0,0,0,1,50
2023,Wakayama,Katuragicho,Katuragicho_A_01,Astringent,0,3,0,0,0,50
2023,Wakayama,Katuragicho,Katuragicho_A_02,Astringent,0,0,0,0,0,50
2023,Wakayama,Katuragicho,Katuragicho_A_03,Astringent,0,0,0,0,0,50
2023,Wakayama,Katuragicho,Katuragicho_A_04,Astringent,0,0,0,0,0,50
2023,Wakayama,Katuragicho,Katuragicho_A_05,Astringent,0,0,0,0,0,50
2023,Wakayama,Kokawacho,Kokawacho_A_01,Astringent,0,0,0,0,0,50
2023,Wakayama,Kokawacho,Kokawacho_A_02,Astringent,0,1,0,0,0,50
2023,Wakayama,Momoyamacho,Momoyamacho_A_01,Astringent,0,0,0,0,0,50
2023,Wakayama,Misatocho,Misatocho_A_01,Astringent,0,0,0,0,0,50
2023,Wakayama,Misatocho,Misatocho_A_02,Astringent,0,0,0,0,0,50
2024,Wakayama,Hashimotoshi,Hashimotoshi_N_01,Non_astringent,0,0,0,27,0,50
2024,Wakayama,Hashimotoshi,Hashimotoshi_N_02,Non_astringent,1,0,0,2,0,50
2024,Wakayama,Hashimotoshi,Hashimotoshi_N_03,Non_astringent,0,0,0,40,0,50
2024,Wakayama,Hashimotoshi,Hashimotoshi_N_04,Non_astringent,0,0,0,7,0,50
2024,Wakayama,Koyaguchicho,Koyaguchicho_01,Non_astringent,2,0,0,12,0,50
2024,Wakayama,Kudoyamacho,Kudoyamacho_N_01,Non_astringent,0,0,0,1,0,50
2024,Wakayama,Kudoyamacho,Kudoyamacho_N_02,Non_astringent,0,1,0,9,0,50
2024,Wakayama,Katuragicho,Katuragicho_N_01,Non_astringent,2,0,0,16,2,50
2024,Wakayama,Katuragicho,Katuragicho_N_02,Non_astringent,0,0,0,14,0,50
2024,Wakayama,Katuragicho,Katuragicho_N_03,Non_astringent,0,0,0,8,0,50
2024,Wakayama,Katuragicho,Katuragicho_N_04,Non_astringent,0,0,0,3,0,50
2024,Wakayama,Kokawacho,Kokawacho_N_01,Non_astringent,0,0,0,4,3,50
2024,Wakayama,Kokawacho,Kokawacho_N_02,Non_astringent,0,0,0,17,2,50
2024,Wakayama,Momoyamacho,Momoyamacho_N_01,Non_astringent,0,1,0,0,1,50
2024,Wakayama,Misatocho,Misatocho_N_01,Non_astringent,2,0,0,49,0,50
2024,Wakayama,Misatocho,Misatocho_N_02,Non_astringent,1,0,0,22,0,50
2024,Wakayama,Hashimotoshi,Hashimotoshi_A_01,Astringent,0,0,0,2,0,50
2024,Wakayama,Hashimotoshi,Hashimotoshi_A_02,Astringent,0,0,0,0,0,50
2024,Wakayama,Hashimotoshi,Hashimotoshi_A_03,Astringent,0,0,0,0,0,50
2024,Wakayama,Hashimotoshi,Hashimotoshi_A_04,Astringent,0,0,0,0,0,50
2024,Wakayama,Koyaguchicho,Koyaguchicho_01,Astringent,0,0,0,15,0,50
2024,Wakayama,Kudoyamacho,Kudoyamacho_A_01,Astringent,0,0,0,1,0,50
2024,Wakayama,Kudoyamacho,Kudoyamacho_A_02,Astringent,0,0,0,22,0,50
2024,Wakayama,Katuragicho,Katuragicho_A_01,Astringent,0,0,0,0,0,50
2024,Wakayama,Katuragicho,Katuragicho_A_02,Astringent,0,0,0,0,0,50
2024,Wakayama,Katuragicho,Katuragicho_A_03,Astringent,0,0,0,0,0,50
2024,Wakayama,Katuragicho,Katuragicho_A_04,Astringent,0,0,0,0,0,50
2024,Wakayama,Katuragicho,Katuragicho_A_05,Astringent,0,0,0,2,0,50
2024,Wakayama,Kokawacho,Kokawacho_A_01,Astringent,0,1,0,1,0,50
2024,Wakayama,Kokawacho,Kokawacho_A_02,Astringent,0,0,0,1,0,50
2024,Wakayama,Momoyamacho,Momoyamacho_A_01,Astringent,0,0,0,0,0,50
2024,Wakayama,Misatocho,Misatocho_A_01,Astringent,0,0,0,11,1,50
2024,Wakayama,Misatocho,Misatocho_A_02,Astringent,0,0,0,6,0,50
2025,Wakayama,Hashimotoshi,Hashimotoshi_N_01,Non_astringent,0,4,0,0,0,50
2025,Wakayama,Hashimotoshi,Hashimotoshi_N_02,Non_astringent,0,0,0,0,0,50
2025,Wakayama,Hashimotoshi,Hashimotoshi_N_03,Non_astringent,0,2,0,0,1,50
2025,Wakayama,Hashimotoshi,Hashimotoshi_N_04,Non_astringent,0,1,0,0,1,50
2025,Wakayama,Koyaguchicho,Koyaguchicho_01,Non_astringent,0,2,1,1,0,50
2025,Wakayama,Kudoyamacho,Kudoyamacho_N_01,Non_astringent,0,1,0,0,0,50
2025,Wakayama,Kudoyamacho,Kudoyamacho_N_02,Non_astringent,0,0,0,0,0,50
2025,Wakayama,Katuragicho,Katuragicho_N_01,Non_astringent,0,2,1,0,2,50
2025,Wakayama,Katuragicho,Katuragicho_N_02,Non_astringent,0,2,0,0,0,50
2025,Wakayama,Katuragicho,Katuragicho_N_03,Non_astringent,0,2,0,0,1,50
2025,Wakayama,Katuragicho,Katuragicho_N_04,Non_astringent,0,3,0,0,0,50
2025,Wakayama,Kokawacho,Kokawacho_N_01,Non_astringent,0,0,0,0,0,50
2025,Wakayama,Kokawacho,Kokawacho_N_02,Non_astringent,0,0,0,0,0,50
2025,Wakayama,Momoyamacho,Momoyamacho_N_01,Non_astringent,0,2,0,0,0,50
2025,Wakayama,Misatocho,Misatocho_N_01,Non_astringent,NA,NA,NA,NA,NA,NA
2025,Wakayama,Misatocho,Misatocho_N_02,Non_astringent,0,0,0,0,1,50
2025,Wakayama,Hashimotoshi,Hashimotoshi_A_01,Astringent,0,0,0,0,0,50
2025,Wakayama,Hashimotoshi,Hashimotoshi_A_02,Astringent,0,1,0,0,0,50
2025,Wakayama,Hashimotoshi,Hashimotoshi_A_03,Astringent,0,0,0,0,0,50
2025,Wakayama,Hashimotoshi,Hashimotoshi_A_04,Astringent,0,0,0,0,0,50
2025,Wakayama,Koyaguchicho,Koyaguchicho_01,Astringent,0,0,0,0,1,50
2025,Wakayama,Kudoyamacho,Kudoyamacho_A_01,Astringent,0,0,0,0,0,50
2025,Wakayama,Kudoyamacho,Kudoyamacho_A_02,Astringent,0,0,0,0,0,50
2025,Wakayama,Katuragicho,Katuragicho_A_01,Astringent,0,0,0,0,0,50
2025,Wakayama,Katuragicho,Katuragicho_A_02,Astringent,0,0,0,0,0,50
2025,Wakayama,Katuragicho,Katuragicho_A_03,Astringent,0,0,0,0,0,50
2025,Wakayama,Katuragicho,Katuragicho_A_04,Astringent,0,0,0,0,0,50
2025,Wakayama,Katuragicho,Katuragicho_A_05,Astringent,0,0,0,0,0,50
2025,Wakayama,Kokawacho,Kokawacho_A_01,Astringent,0,0,0,0,0,50
2025,Wakayama,Kokawacho,Kokawacho_A_02,Astringent,0,0,0,0,0,50
2025,Wakayama,Momoyamacho,Momoyamacho_A_01,Astringent,0,0,0,0,0,50
2025,Wakayama,Misatocho,Misatocho_A_01,Astringent,0,0,0,0,2,50
2025,Wakayama,Misatocho,Misatocho_A_02,Astringent,0,0,0,0,0,50
