year,prefecture,period,tem_mean,tem_max,tem_min,precipitation
1970,Wakayama,January_Pentad1,4.7,10.2,-0.8,0
1970,Wakayama,January_Pentad2,4,9.4,-1.5,0
1970,Wakayama,January_Pentad3,3.7,8.5,-1.1,3.8
1970,Wakayama,January_Pentad4,0.9,5.2,-3.4,1.6
1970,Wakayama,January_Pentad5,4.2,10.3,-1.9,0
1970,Wakayama,January_Pentad6,5.4,11,-0.3,68
1970,Wakayama,February_Pentad1,3.3,8.1,-1.6,0.1
1970,Wakayama,February_Pentad2,2.5,7.3,-2.8,9.9
1970,Wakayama,February_Pentad3,6.5,13.2,-0.2,0
1970,Wakayama,February_Pentad4,8.3,16.1,0.4,22.2
1970,Wakayama,February_Pentad5,8.6,14,3.1,3.2
1970,Wakayama,February_Pentad6,5.8,8.1,3.4,7.1
1970,Wakayama,March_Pentad1,3,6.7,-0.8,22.3
1970,Wakayama,March_Pentad2,5.3,10.8,-0.3,9.1
1970,Wakayama,March_Pentad3,4.2,8.9,-0.5,10.1
1970,Wakayama,March_Pentad4,4.8,9.4,0.1,10.5
1970,Wakayama,March_Pentad5,3.8,9.9,-2.4,4.5
1970,Wakayama,March_Pentad6,10.6,17.3,3.9,0.7
1970,Wakayama,April_Pentad1,9.8,14.4,5.1,17.8
1970,Wakayama,April_Pentad2,13.2,19.3,7,23.4
1970,Wakayama,April_Pentad3,11.3,16.6,5.9,28.5
1970,Wakayama,April_Pentad4,17.7,22.5,12.9,136.4
1970,Wakayama,April_Pentad5,15.2,20.5,9.8,26
1970,Wakayama,April_Pentad6,16.1,21.3,10.8,6.3
1970,Wakayama,May_Pentad1,17,21.5,12.4,7.5
1970,Wakayama,May_Pentad2,18.3,22,14.5,53.1
1970,Wakayama,May_Pentad3,17.9,24.7,11.1,3.9
1970,Wakayama,May_Pentad4,19.6,26.6,12.6,40.1
1970,Wakayama,May_Pentad5,20,26.6,13.3,13
1970,Wakayama,May_Pentad6,22.1,28.4,15.8,14
1970,Wakayama,June_Pentad1,19.7,24.5,14.8,36.8
1970,Wakayama,June_Pentad2,20.4,26.1,14.6,19.1
1970,Wakayama,June_Pentad3,22.5,25.7,19.2,114
1970,Wakayama,June_Pentad4,21.8,25.2,18.4,66.1
1970,Wakayama,June_Pentad5,20.6,23.1,18.1,70.5
1970,Wakayama,June_Pentad6,22.7,27,18.4,24.3
1970,Wakayama,July_Pentad1,24.5,30.7,18.2,53.6
1970,Wakayama,July_Pentad2,24.8,29.4,20.1,4.5
1970,Wakayama,July_Pentad3,26.3,30.4,22.2,35.6
1970,Wakayama,July_Pentad4,28,33.2,22.7,1.4
1970,Wakayama,July_Pentad5,29.3,35.3,23.2,0
1970,Wakayama,July_Pentad6,28.4,34,22.7,15.3
1970,Wakayama,August_Pentad1,29.1,34.7,23.4,0.6
1970,Wakayama,August_Pentad2,28.9,33.9,13.9,1
1970,Wakayama,August_Pentad3,26.8,32.1,21.4,51.2
1970,Wakayama,August_Pentad4,26.8,31.2,22.4,65.3
1970,Wakayama,August_Pentad5,27.3,32.3,22.2,23.3
1970,Wakayama,August_Pentad6,28.3,34.3,22.2,15.7
1970,Wakayama,September_Pentad1,28.3,34,22.5,1
1970,Wakayama,September_Pentad2,27.5,33.4,21.5,21.5
1970,Wakayama,September_Pentad3,27,31.7,22.3,1.9
1970,Wakayama,September_Pentad4,24.9,29,20.8,71.4
1970,Wakayama,September_Pentad5,24.3,28.7,19.9,56.4
1970,Wakayama,September_Pentad6,20.8,24.7,16.8,7.4
1970,Wakayama,October_Pentad1,17.4,20.9,13.8,10.8
1970,Wakayama,October_Pentad2,21.3,28.8,13.7,8.2
1970,Wakayama,October_Pentad3,20.8,25.3,16.3,31
1970,Wakayama,October_Pentad4,16.9,20.7,13.1,27.5
1970,Wakayama,October_Pentad5,18.9,26.8,11,5.9
1970,Wakayama,October_Pentad6,13.3,18.2,8.4,0.1
1970,Wakayama,November_Pentad1,13.8,21,6.5,0
1970,Wakayama,November_Pentad2,12.6,18.7,6.4,1.3
1970,Wakayama,November_Pentad3,12.6,17.9,7.3,40.1
1970,Wakayama,November_Pentad4,11.6,16.1,7,83.7
1970,Wakayama,November_Pentad5,10.3,16.5,4.1,9.6
1970,Wakayama,November_Pentad6,9.6,13.2,5.9,12.7
1970,Wakayama,December_Pentad1,7.2,10.9,3.4,7.6
1970,Wakayama,December_Pentad2,6.5,11.2,1.7,0.3
1970,Wakayama,December_Pentad3,7.7,12.6,2.8,10.8
1970,Wakayama,December_Pentad4,7.5,12.7,2.3,0
1970,Wakayama,December_Pentad5,7.3,11.8,2.8,5
1970,Wakayama,December_Pentad6,5.6,9.8,1.3,16.8
1971,Wakayama,January_Pentad1,4.2,9.1,-0.8,4.2
1971,Wakayama,January_Pentad2,4,9.5,-1.5,0.2
1971,Wakayama,January_Pentad3,5.7,12.2,-0.9,0.9
1971,Wakayama,January_Pentad4,6.7,11.6,1.7,7.7
1971,Wakayama,January_Pentad5,5.6,8.9,2.2,6.2
1971,Wakayama,January_Pentad6,3.2,8.4,-2.1,0.9
1971,Wakayama,February_Pentad1,2,6.3,-2.3,12.5
1971,Wakayama,February_Pentad2,2.7,7.1,-1.8,0.7
1971,Wakayama,February_Pentad3,5.3,9.9,0.7,7.7
1971,Wakayama,February_Pentad4,6.6,12.2,0.9,6.3
1971,Wakayama,February_Pentad5,8.6,13.9,3.2,18.4
1971,Wakayama,February_Pentad6,7.7,12.1,3.3,3.1
1971,Wakayama,March_Pentad1,6.3,14.6,2,22.2
1971,Wakayama,March_Pentad2,3.1,8.4,-2.2,0
1971,Wakayama,March_Pentad3,3.9,9,-1.2,1.4
1971,Wakayama,March_Pentad4,8.3,15.1,1.5,5.3
1971,Wakayama,March_Pentad5,9.1,15.5,2.6,2.8
1971,Wakayama,March_Pentad6,13.3,18.4,8.1,69.4
1971,Wakayama,April_Pentad1,13.5,20.2,6.8,6.8
1971,Wakayama,April_Pentad2,13.6,18.8,8.3,38.6
1971,Wakayama,April_Pentad3,12.9,19.9,5.9,0
1971,Wakayama,April_Pentad4,12.8,17.4,8.2,9.6
1971,Wakayama,April_Pentad5,16,23.2,8.8,8.9
1971,Wakayama,April_Pentad6,15.6,21.6,9.5,22.3
1971,Wakayama,May_Pentad1,15.7,21.5,9.9,21.2
1971,Wakayama,May_Pentad2,14.9,21.1,8.6,9.6
1971,Wakayama,May_Pentad3,19.1,25.4,12.7,11
1971,Wakayama,May_Pentad4,19,24.3,13.7,39.7
1971,Wakayama,May_Pentad5,19.3,26.6,12,36.1
1971,Wakayama,May_Pentad6,20.4,25.3,15.5,78.4
1971,Wakayama,June_Pentad1,21.5,26.6,16.4,75
1971,Wakayama,June_Pentad2,21.7,26.8,16.5,15.8
1971,Wakayama,June_Pentad3,23,25.9,20.1,53.7
1971,Wakayama,June_Pentad4,22.2,26.3,18,2.5
1971,Wakayama,June_Pentad5,22.8,26.9,18.6,1.8
1971,Wakayama,June_Pentad6,24.9,30.4,19.3,35.2
1971,Wakayama,July_Pentad1,26.9,31.6,22.2,12.9
1971,Wakayama,July_Pentad2,27.8,32.2,23.4,37.2
1971,Wakayama,July_Pentad3,28,32.9,23.1,10.6
1971,Wakayama,July_Pentad4,26.4,31.6,21.2,26.6
1971,Wakayama,July_Pentad5,26,30.4,21.6,101.3
1971,Wakayama,July_Pentad6,28.4,33.4,23.3,1.2
1971,Wakayama,August_Pentad1,29.3,34.8,23.7,2.7
1971,Wakayama,August_Pentad2,28.6,34.1,23,8
1971,Wakayama,August_Pentad3,27.6,33.5,21.6,0
1971,Wakayama,August_Pentad4,24.7,30.1,19.2,17.7
1971,Wakayama,August_Pentad5,27.2,31.9,22.4,1.7
1971,Wakayama,August_Pentad6,26.4,30.9,21.9,89.6
1971,Wakayama,September_Pentad1,24.6,28.9,20.3,32.5
1971,Wakayama,September_Pentad2,24.7,28.3,21,11.1
1971,Wakayama,September_Pentad3,23.2,28,18.3,39.9
1971,Wakayama,September_Pentad4,23.3,27.3,19.3,17.7
1971,Wakayama,September_Pentad5,24.6,29.4,19.8,0
1971,Wakayama,September_Pentad6,20.2,24.5,15.9,64.3
1971,Wakayama,October_Pentad1,17.6,20.6,14.5,44.5
1971,Wakayama,October_Pentad2,18,22.8,13.1,8.3
1971,Wakayama,October_Pentad3,16,18.8,13.1,30.2
1971,Wakayama,October_Pentad4,16.6,22.7,10.5,0.6
1971,Wakayama,October_Pentad5,17.4,23.2,11.6,25.6
1971,Wakayama,October_Pentad6,13.3,17,9.6,18.6
1971,Wakayama,November_Pentad1,14.9,20.8,8.9,0
1971,Wakayama,November_Pentad2,11.5,15.5,7.5,6.3
1971,Wakayama,November_Pentad3,13.8,18.9,8.6,12.8
1971,Wakayama,November_Pentad4,11.5,15.3,7.6,0
1971,Wakayama,November_Pentad5,11.2,17.6,4.7,2.8
1971,Wakayama,November_Pentad6,10.3,15.5,5,0
1971,Wakayama,December_Pentad1,8.8,14.3,3.2,1.6
1971,Wakayama,December_Pentad2,7,10.8,1.2,3.7
1971,Wakayama,December_Pentad3,14.6,13,1.6,0.1
1971,Wakayama,December_Pentad4,9,15,3,0.6
1971,Wakayama,December_Pentad5,5.9,10.9,0.9,21.7
1971,Wakayama,December_Pentad6,7.3,11.5,3.1,62.8
1972,Wakayama,January_Pentad1,6.6,11.5,1.6,45.5
1972,Wakayama,January_Pentad2,6.7,11.3,2.1,13.4
1972,Wakayama,January_Pentad3,9.3,12.5,6.1,28.8
1972,Wakayama,January_Pentad4,6.8,12.2,1.4,1.1
1972,Wakayama,January_Pentad5,9.1,15.2,2.9,14.9
1972,Wakayama,January_Pentad6,6.8,12,1.6,18.3
1972,Wakayama,February_Pentad1,7.2,11.5,2.9,15.2
1972,Wakayama,February_Pentad2,3.8,6.4,1.2,30.2
1972,Wakayama,February_Pentad3,6.3,11.8,0.8,24.4
1972,Wakayama,February_Pentad4,7.1,11.6,2.5,5.2
1972,Wakayama,February_Pentad5,4.3,9.1,-0.5,1
1972,Wakayama,February_Pentad6,5.8,10.4,1.2,21.9
1972,Wakayama,March_Pentad1,3.6,9.1,-1.9,0.6
1972,Wakayama,March_Pentad2,5.8,11.5,0.1,7.6
1972,Wakayama,March_Pentad3,5.4,10.7,0.1,0.1
1972,Wakayama,March_Pentad4,13.4,20,6.8,32.9
1972,Wakayama,March_Pentad5,10.4,15.6,5.2,58.3
1972,Wakayama,March_Pentad6,13.3,18.4,8.1,11.8
1972,Wakayama,April_Pentad1,10.1,15.6,4.6,6.1
1972,Wakayama,April_Pentad2,11.5,14.3,8.7,25.6
1972,Wakayama,April_Pentad3,11.7,17.6,5.7,34.4
1972,Wakayama,April_Pentad4,19.1,25.6,12.5,48.1
1972,Wakayama,April_Pentad5,14.8,21.5,8,0.2
1972,Wakayama,April_Pentad6,18.4,23.9,12.8,42.5
1972,Wakayama,May_Pentad1,17.4,22.7,12,54.8
1972,Wakayama,May_Pentad2,18.7,24,13.4,13.6
1972,Wakayama,May_Pentad3,20.6,25.5,15.6,16.7
1972,Wakayama,May_Pentad4,17.1,22.4,11.7,26.3
1972,Wakayama,May_Pentad5,16.5,23.3,9.6,0.1
1972,Wakayama,May_Pentad6,19.7,24.6,14.7,37
1972,Wakayama,June_Pentad1,19.8,25.7,13.9,39.8
1972,Wakayama,June_Pentad2,21.9,28.1,15.6,31.9
1972,Wakayama,June_Pentad3,22.4,28.6,16.2,46.4
1972,Wakayama,June_Pentad4,23.4,27.9,18.9,39.6
1972,Wakayama,June_Pentad5,20,25.4,14.8,15.5
1972,Wakayama,June_Pentad6,21.6,28.4,18.1,25.5
1972,Wakayama,July_Pentad1,26.4,31,21.8,67.6
1972,Wakayama,July_Pentad2,26.6,30.4,22.8,21.9
1972,Wakayama,July_Pentad3,24.6,28.2,20.9,204.9
1972,Wakayama,July_Pentad4,26.5,31.2,21.7,4.1
1972,Wakayama,July_Pentad5,27.5,33.6,21.3,2.7
1972,Wakayama,July_Pentad6,26.8,32.5,21,7.1
1972,Wakayama,August_Pentad1,29.1,35.5,22.6,0
1972,Wakayama,August_Pentad2,28.7,33.9,23.5,42.1
1972,Wakayama,August_Pentad3,25.6,31.3,19.6,11.7
1972,Wakayama,August_Pentad4,26.9,33,20.7,68.7
1972,Wakayama,August_Pentad5,23.5,27.6,19.4,32.9
1972,Wakayama,August_Pentad6,26.4,31.2,21.6,25.8
1972,Wakayama,September_Pentad1,26.6,32.5,20.7,0.2
1972,Wakayama,September_Pentad2,25.6,28.8,22.3,69.1
1972,Wakayama,September_Pentad3,22.8,27.3,18.3,41.6
1972,Wakayama,September_Pentad4,21.6,26.5,16.7,148.1
1972,Wakayama,September_Pentad5,21.4,26.3,16.5,0
1972,Wakayama,September_Pentad6,18.2,23.7,12.6,6.7
1972,Wakayama,October_Pentad1,18.7,25.8,11.6,0
1972,Wakayama,October_Pentad2,18.5,25.6,11.4,16.6
1972,Wakayama,October_Pentad3,17.7,23.9,11.5,1.9
1972,Wakayama,October_Pentad4,17.7,22,13.4,16.6
1972,Wakayama,October_Pentad5,17.2,21.9,12.4,23.1
1972,Wakayama,October_Pentad6,16.1,21,11.2,14.2
1972,Wakayama,November_Pentad1,14.9,20.1,9.7,10.1
1972,Wakayama,November_Pentad2,14.3,19,9.6,32.5
1972,Wakayama,November_Pentad3,13,18,8,15.6
1972,Wakayama,November_Pentad4,14.9,18.8,10.9,3
1972,Wakayama,November_Pentad5,8.3,11.8,4.7,1
1972,Wakayama,November_Pentad6,6.9,11.4,2.3,0.8
1972,Wakayama,December_Pentad1,7.8,12.7,2.9,0.3
1972,Wakayama,December_Pentad2,11.1,17,5.2,5.1
1972,Wakayama,December_Pentad3,6.5,11,2,24.7
1972,Wakayama,December_Pentad4,6.1,12.2,0,0
1972,Wakayama,December_Pentad5,7.7,12.8,2.5,19.7
1972,Wakayama,December_Pentad6,7.6,11.2,3.9,4
1973,Wakayama,January_Pentad1,4.3,8.3,0.2,25.2
1973,Wakayama,January_Pentad2,7.3,11.7,2.9,23
1973,Wakayama,January_Pentad3,4,7.6,0.4,13.8
1973,Wakayama,January_Pentad4,5.8,10.8,2.8,24.1
1973,Wakayama,January_Pentad5,9,14.3,3.6,13.7
1973,Wakayama,January_Pentad6,5.2,9.6,0.8,1
1973,Wakayama,February_Pentad1,7,12.4,1.5,7
1973,Wakayama,February_Pentad2,4.8,8.2,1.3,0.7
1973,Wakayama,February_Pentad3,6.2,11.8,0.5,1.1
1973,Wakayama,February_Pentad4,10.2,14.3,6,40
1973,Wakayama,February_Pentad5,6.5,10.8,2.1,5.1
1973,Wakayama,February_Pentad6,6.6,12,1.2,3.9
1973,Wakayama,March_Pentad1,5.1,9.8,0.3,0.8
1973,Wakayama,March_Pentad2,4.9,10.1,-0.4,0.5
1973,Wakayama,March_Pentad3,7.4,12.9,1.8,2.7
1973,Wakayama,March_Pentad4,6.3,12.6,-0.1,9.3
1973,Wakayama,March_Pentad5,8.2,13.7,2.6,4.6
1973,Wakayama,March_Pentad6,11.4,18.8,3.9,7.9
1973,Wakayama,April_Pentad1,12.6,17.9,7.3,12.5
1973,Wakayama,April_Pentad2,15.7,22.3,9.1,21.8
1973,Wakayama,April_Pentad3,16.3,20.6,11.9,38.9
1973,Wakayama,April_Pentad4,15.8,20.7,10.9,59
1973,Wakayama,April_Pentad5,17.9,24.8,13.1,74.7
1973,Wakayama,April_Pentad6,17.8,24.7,10.9,27.5
1973,Wakayama,May_Pentad1,16.7,21.4,12,54.5
1973,Wakayama,May_Pentad2,17.8,22.5,13.1,59.2
1973,Wakayama,May_Pentad3,16.3,23.9,8.6,0
1973,Wakayama,May_Pentad4,19.7,24.6,14.7,16.8
1973,Wakayama,May_Pentad5,16.8,23,10.6,0
1973,Wakayama,May_Pentad6,21.1,26.2,16,1.9
1973,Wakayama,June_Pentad1,21.7,25.1,14.2,11.4
1973,Wakayama,June_Pentad2,19,23.5,14.4,11.9
1973,Wakayama,June_Pentad3,22.6,28.4,16.7,0.8
1973,Wakayama,June_Pentad4,22.1,26.7,17.5,5.2
1973,Wakayama,June_Pentad5,23.3,28.7,17.9,13.6
1973,Wakayama,June_Pentad6,25.4,30.2,20.6,54.1
1973,Wakayama,July_Pentad1,25.9,31.5,20.3,36.2
1973,Wakayama,July_Pentad2,27.3,33.6,20.9,0
1973,Wakayama,July_Pentad3,28.1,34,22.2,0
1973,Wakayama,July_Pentad4,28.4,34.5,22.2,1.1
1973,Wakayama,July_Pentad5,29,33.5,24.4,0
1973,Wakayama,July_Pentad6,27.5,33.3,21.7,10
1973,Wakayama,August_Pentad1,29.2,33.7,24.6,1.8
1973,Wakayama,August_Pentad2,29.6,36,23.2,0
1973,Wakayama,August_Pentad3,27.7,32.3,23.1,45.4
1973,Wakayama,August_Pentad4,28.1,32.4,23.7,27.6
1973,Wakayama,August_Pentad5,26.7,31.3,22.1,30.2
1973,Wakayama,August_Pentad6,27.5,32.1,22.8,12.1
1973,Wakayama,September_Pentad1,26.8,30.9,22.7,40.3
1973,Wakayama,September_Pentad2,25.1,29.5,20.1,7.2
1973,Wakayama,September_Pentad3,23.3,28,18.6,18.7
1973,Wakayama,September_Pentad4,21.2,25.3,17.1,28.6
1973,Wakayama,September_Pentad5,21.2,25.8,16.6,13.7
1973,Wakayama,September_Pentad6,20.1,25.4,14.8,31.9
1973,Wakayama,October_Pentad1,21.2,26.6,15.7,1
1973,Wakayama,October_Pentad2,17.4,22,12.8,19.1
1973,Wakayama,October_Pentad3,19.1,22,16.1,54.1
1973,Wakayama,October_Pentad4,16.2,21.5,10.8,32.1
1973,Wakayama,October_Pentad5,16,20.6,11.3,44.6
1973,Wakayama,October_Pentad6,14.6,19.7,9.4,45.7
1973,Wakayama,November_Pentad1,16.2,20.2,12.2,0
1973,Wakayama,November_Pentad2,13.2,17.6,8.7,7.6
1973,Wakayama,November_Pentad3,11.1,16.9,5.3,0
1973,Wakayama,November_Pentad4,9.7,13.9,5.5,3
1973,Wakayama,November_Pentad5,8.8,13.1,4.5,3.1
1973,Wakayama,November_Pentad6,8.8,14.9,2.6,0.3
1973,Wakayama,December_Pentad1,6.4,11.4,1.4,1.2
1973,Wakayama,December_Pentad2,4.3,10,-1.4,0.9
1973,Wakayama,December_Pentad3,6.2,12.7,-0.4,0.8
1973,Wakayama,December_Pentad4,5.6,10.8,0.3,2.9
1973,Wakayama,December_Pentad5,3.4,6.9,-0.1,6.4
1973,Wakayama,December_Pentad6,3.6,9,-1.8,0
1974,Wakayama,January_Pentad1,5.5,12.7,-1.8,0
1974,Wakayama,January_Pentad2,4.9,8.5,1.3,0
1974,Wakayama,January_Pentad3,2.5,7.3,-2.3,0
1974,Wakayama,January_Pentad4,3.4,8.1,-1.4,0.6
1974,Wakayama,January_Pentad5,4.4,8.8,0,18.3
1974,Wakayama,January_Pentad6,1.8,7.4,-3.9,0
1974,Wakayama,February_Pentad1,4.1,8.8,-0.7,46
1974,Wakayama,February_Pentad2,2.7,5.6,0.3,20.4
1974,Wakayama,February_Pentad3,2.8,7.3,-1.7,1.9
1974,Wakayama,February_Pentad4,8.8,14.5,3,10.5
1974,Wakayama,February_Pentad5,6.3,10.6,2,18.2
1974,Wakayama,February_Pentad6,2.4,7.7,-3,0.3
1974,Wakayama,March_Pentad1,9.2,15.3,3.1,6.4
1974,Wakayama,March_Pentad2,10.7,14.3,7,62.5
1974,Wakayama,March_Pentad3,4.7,10.1,-0.7,6.6
1974,Wakayama,March_Pentad4,6.3,10.7,1.8,11
1974,Wakayama,March_Pentad5,6.9,11.2,2.6,0
1974,Wakayama,March_Pentad6,10.3,17.7,2.8,17.8
1974,Wakayama,April_Pentad1,11.7,17.2,6.2,0
1974,Wakayama,April_Pentad2,14.4,19.6,9.2,131.3
1974,Wakayama,April_Pentad3,15.5,21.3,9.6,51.1
1974,Wakayama,April_Pentad4,24,22.3,10.2,1.5
1974,Wakayama,April_Pentad5,17,21.4,12.5,10.1
1974,Wakayama,April_Pentad6,15.7,21.1,10.3,14.2
1974,Wakayama,May_Pentad1,16.7,23.1,10.3,0
1974,Wakayama,May_Pentad2,17.3,24.1,10.5,11.2
1974,Wakayama,May_Pentad3,18.7,25.2,12.1,48.2
1974,Wakayama,May_Pentad4,20.5,27.5,13.4,30
1974,Wakayama,May_Pentad5,20.4,24.4,16.3,27.5
1974,Wakayama,May_Pentad6,21,27.4,14.6,8.5
1974,Wakayama,June_Pentad1,22.5,28.8,16.2,21.5
1974,Wakayama,June_Pentad2,23,30,15.9,3.9
1974,Wakayama,June_Pentad3,23.5,29.1,17.9,4.1
1974,Wakayama,June_Pentad4,23.8,29.9,17.7,41
1974,Wakayama,June_Pentad5,23.7,28.1,18.6,97.1
1974,Wakayama,June_Pentad6,21,26.2,15.7,62.9
1974,Wakayama,July_Pentad1,24.2,28.6,19.8,94.9
1974,Wakayama,July_Pentad2,26.9,31.3,22.4,119.7
1974,Wakayama,July_Pentad3,25.8,29.4,22.2,15.7
1974,Wakayama,July_Pentad4,27,30.7,23.2,21.1
1974,Wakayama,July_Pentad5,24.3,29,19.5,40.6
1974,Wakayama,July_Pentad6,25.3,29.1,21.5,0
1974,Wakayama,August_Pentad1,28.2,34.2,22.1,0
1974,Wakayama,August_Pentad2,27.7,34.4,21,0
1974,Wakayama,August_Pentad3,28.3,34,22.6,52.2
1974,Wakayama,August_Pentad4,28.4,33.9,22.8,7.7
1974,Wakayama,August_Pentad5,27.8,32.8,22.8,61.5
1974,Wakayama,August_Pentad6,26.7,31.5,21.8,38
1974,Wakayama,September_Pentad1,26.9,31.2,22.5,31
1974,Wakayama,September_Pentad2,24.9,29.2,20.5,98.3
1974,Wakayama,September_Pentad3,23.3,28,18.6,118.9
1974,Wakayama,September_Pentad4,21.5,26.1,16.9,0.8
1974,Wakayama,September_Pentad5,20,23.8,16.1,13.9
1974,Wakayama,September_Pentad6,21.6,26.1,17,26.9
1974,Wakayama,October_Pentad1,19.5,25.4,13.6,40.1
1974,Wakayama,October_Pentad2,18.8,24,13.6,8.3
1974,Wakayama,October_Pentad3,16.9,21.2,12.5,8.4
1974,Wakayama,October_Pentad4,19.5,25.4,13.5,30.2
1974,Wakayama,October_Pentad5,15.6,20.1,11.1,46.1
1974,Wakayama,October_Pentad6,16.7,21,12.3,24
1974,Wakayama,November_Pentad1,12.4,18.1,6.7,0.9
1974,Wakayama,November_Pentad2,15.9,20.1,11.6,3.1
1974,Wakayama,November_Pentad3,8.6,13.7,3.5,0
1974,Wakayama,November_Pentad4,10,14.5,5.4,53.8
1974,Wakayama,November_Pentad5,11.1,17.6,4.6,2.3
1974,Wakayama,November_Pentad6,10.6,16.6,4.6,0
1974,Wakayama,December_Pentad1,9.4,12.9,5.8,17.6
1974,Wakayama,December_Pentad2,7.8,11.9,3.7,30.4
1974,Wakayama,December_Pentad3,7,9.6,4.4,0.5
1974,Wakayama,December_Pentad4,6.9,12.1,1.7,5.1
1974,Wakayama,December_Pentad5,7.4,11.5,3.3,5.8
1974,Wakayama,December_Pentad6,6.3,10.2,2.4,6.6
1975,Wakayama,January_Pentad1,4.5,7.4,1.6,2.4
1975,Wakayama,January_Pentad2,5.8,9.8,1.7,14.1
1975,Wakayama,January_Pentad3,4.1,8.1,0,9
1975,Wakayama,January_Pentad4,2.6,5.5,-0.3,1.7
1975,Wakayama,January_Pentad5,5.5,10.6,0.4,40.4
1975,Wakayama,January_Pentad6,3.3,7.5,-0.9,0
1975,Wakayama,February_Pentad1,6.4,9.8,2.9,20.8
1975,Wakayama,February_Pentad2,5.5,10.2,0.7,16.1
1975,Wakayama,February_Pentad3,3.9,8.2,-0.4,11.7
1975,Wakayama,February_Pentad4,2.3,6.5,-1.9,13.5
1975,Wakayama,February_Pentad5,1.1,3.3,-1.2,3.8
1975,Wakayama,February_Pentad6,2.6,7,-1.8,3
1975,Wakayama,March_Pentad1,5.3,11.5,-0.9,1.3
1975,Wakayama,March_Pentad2,9.2,14.7,3.6,0.8
1975,Wakayama,March_Pentad3,8.8,14.5,3,0.1
1975,Wakayama,March_Pentad4,8.5,15,1.9,57.6
1975,Wakayama,March_Pentad5,8,12.4,3.6,2.2
1975,Wakayama,March_Pentad6,9.4,15.4,3.3,0.5
1975,Wakayama,April_Pentad1,8.4,15,1.7,25.1
1975,Wakayama,April_Pentad2,14.2,21.2,7.2,36.6
1975,Wakayama,April_Pentad3,15.6,20.9,10.3,23.5
1975,Wakayama,April_Pentad4,17.1,21.9,12.3,23
1975,Wakayama,April_Pentad5,5.3,18.3,9.2,63.2
1975,Wakayama,April_Pentad6,20.1,25.1,15,27
1975,Wakayama,May_Pentad1,20.4,25,15.8,11.9
1975,Wakayama,May_Pentad2,17.7,23.7,11.6,3.2
1975,Wakayama,May_Pentad3,20.1,26.4,13.8,0.4
1975,Wakayama,May_Pentad4,19,24,14,29.5
1975,Wakayama,May_Pentad5,18,23.9,12,0.2
1975,Wakayama,May_Pentad6,21,27.6,14.4,3.5
1975,Wakayama,June_Pentad1,22.9,29.4,16.3,19.8
1975,Wakayama,June_Pentad2,22.8,28.3,17.3,18.6
1975,Wakayama,June_Pentad3,23,28.6,17.3,3.5
1975,Wakayama,June_Pentad4,24.4,29.6,19.1,21.7
1975,Wakayama,June_Pentad5,23.3,27,19.6,63.5
1975,Wakayama,June_Pentad6,24.1,29.2,18.9,24.3
1975,Wakayama,July_Pentad1,24.7,29.8,19.6,67.5
1975,Wakayama,July_Pentad2,26.8,31.2,22.4,18.5
1975,Wakayama,July_Pentad3,28,31.4,24.6,20.2
1975,Wakayama,July_Pentad4,27.9,34.7,21,0
1975,Wakayama,July_Pentad5,29.1,35.1,23,41.5
1975,Wakayama,July_Pentad6,28.5,34.8,22.1,1.8
1975,Wakayama,August_Pentad1,28.9,35.1,22.7,0
1975,Wakayama,August_Pentad2,26,31,21,129.7
1975,Wakayama,August_Pentad3,27.3,33.2,21.4,15.9
1975,Wakayama,August_Pentad4,28,32.2,23.8,19.6
1975,Wakayama,August_Pentad5,26.2,30.4,22,184.7
1975,Wakayama,August_Pentad6,27.2,32.3,22,12.8
1975,Wakayama,September_Pentad1,27,33,21,8.3
1975,Wakayama,September_Pentad2,25.7,31.5,19.8,16.8
1975,Wakayama,September_Pentad3,26.8,33.3,20.2,0
1975,Wakayama,September_Pentad4,26.8,32.3,21.3,12
1975,Wakayama,September_Pentad5,25.8,30.8,20.8,22.1
1975,Wakayama,September_Pentad6,22.2,26.4,18,21.8
1975,Wakayama,October_Pentad1,23.1,27.3,18.8,38.2
1975,Wakayama,October_Pentad2,20.4,25.8,15,45.1
1975,Wakayama,October_Pentad3,16.8,20.4,13.1,40.5
1975,Wakayama,October_Pentad4,18.1,21.7,14.4,75.3
1975,Wakayama,October_Pentad5,17.1,22.3,11.9,8.2
1975,Wakayama,October_Pentad6,16.8,21.1,12.4,54.4
1975,Wakayama,November_Pentad1,13.5,20.3,6.7,0
1975,Wakayama,November_Pentad2,14.1,19.8,8.4,16.4
1975,Wakayama,November_Pentad3,14.1,19.9,8.4,18.7
1975,Wakayama,November_Pentad4,15.9,20.5,11.2,12
1975,Wakayama,November_Pentad5,10.7,16.1,5.3,0.2
1975,Wakayama,November_Pentad6,10.7,16.3,5,20.2
1975,Wakayama,December_Pentad1,10.4,17.2,3.5,56.6
1975,Wakayama,December_Pentad2,11.3,14.9,7.6,24.6
1975,Wakayama,December_Pentad3,6.3,10.2,2.4,0.3
1975,Wakayama,December_Pentad4,5.5,11.3,-0.3,3.8
1975,Wakayama,December_Pentad5,5,9.3,0.6,1.8
1975,Wakayama,December_Pentad6,6.5,11.2,1.7,0.2
1976,Wakayama,January_Pentad1,7.3,13.1,1.5,1.1
1976,Wakayama,January_Pentad2,5,8.4,1.6,2.8
1976,Wakayama,January_Pentad3,2.9,7.5,-1.8,3.1
1976,Wakayama,January_Pentad4,4.3,8.9,-0.3,3.2
1976,Wakayama,January_Pentad5,2,5.6,-1.7,0
1976,Wakayama,January_Pentad6,4.4,9.8,-1,0.3
1976,Wakayama,February_Pentad1,6.7,12.7,0.7,43.2
1976,Wakayama,February_Pentad2,4.5,9.2,-0.2,0
1976,Wakayama,February_Pentad3,6.5,11.7,1.3,0.8
1976,Wakayama,February_Pentad4,11.5,15.8,7.1,25.3
1976,Wakayama,February_Pentad5,8,12.5,3.5,32.3
1976,Wakayama,February_Pentad6,8.9,15.2,2.6,86
1976,Wakayama,March_Pentad1,5.7,11,0.4,0
1976,Wakayama,March_Pentad2,9.3,14.8,3.7,7.1
1976,Wakayama,March_Pentad3,9.1,14.6,3.5,18.3
1976,Wakayama,March_Pentad4,10,15,5,17.5
1976,Wakayama,March_Pentad5,6.3,12.9,-0.3,0
1976,Wakayama,March_Pentad6,11.4,16.6,6.1,62.8
1976,Wakayama,April_Pentad1,9,15.3,2.7,0.5
1976,Wakayama,April_Pentad2,8.9,14.2,3.6,14.8
1976,Wakayama,April_Pentad3,14.4,21.2,7.5,35.7
1976,Wakayama,April_Pentad4,16.8,22.8,10.8,2.5
1976,Wakayama,April_Pentad5,17,21.6,12.3,45.3
1976,Wakayama,April_Pentad6,18.1,24,12.1,37.6
1976,Wakayama,May_Pentad1,15.7,19,12.3,21.6
1976,Wakayama,May_Pentad2,16.8,23.4,10.1,1.6
1976,Wakayama,May_Pentad3,16.6,22.9,10.2,6.5
1976,Wakayama,May_Pentad4,18.4,23.8,13,44.2
1976,Wakayama,May_Pentad5,20,24.2,15.8,115.6
1976,Wakayama,May_Pentad6,22.4,27.1,17.6,44.5
1976,Wakayama,June_Pentad1,22.7,26.9,18.4,6.2
1976,Wakayama,June_Pentad2,23,27,18.9,97.8
1976,Wakayama,June_Pentad3,21.2,24.9,17.5,18.7
1976,Wakayama,June_Pentad4,21.3,26.1,16.5,4.8
1976,Wakayama,June_Pentad5,23.9,26.9,20.9,100.2
1976,Wakayama,June_Pentad6,23.9,28.8,18.9,0
1976,Wakayama,July_Pentad1,21,25.7,16.3,15
1976,Wakayama,July_Pentad2,23.1,27.7,18.5,45.2
1976,Wakayama,July_Pentad3,27,31.1,22.8,15.3
1976,Wakayama,July_Pentad4,27.9,32,23.7,11.5
1976,Wakayama,July_Pentad5,27.6,33.2,22,7.3
1976,Wakayama,July_Pentad6,28,32.9,23,7
1976,Wakayama,August_Pentad1,26.9,31.3,22.4,24.6
1976,Wakayama,August_Pentad2,27.4,32.1,22.7,8.8
1976,Wakayama,August_Pentad3,29.3,34.7,23.8,0
1976,Wakayama,August_Pentad4,27,32.5,21.4,5
1976,Wakayama,August_Pentad5,28.7,34.2,23.1,18.7
1976,Wakayama,August_Pentad6,24.9,29.1,20.7,13.4
1976,Wakayama,September_Pentad1,24.1,29,19.1,12
1976,Wakayama,September_Pentad2,25.3,29.9,20.7,289.2
1976,Wakayama,September_Pentad3,25.4,29.6,21.2,42.5
1976,Wakayama,September_Pentad4,21.9,28.6,15.1,35
1976,Wakayama,September_Pentad5,19,24.5,13.4,16.1
1976,Wakayama,September_Pentad6,17.1,23.4,10.8,5.4
1976,Wakayama,October_Pentad1,20.1,24,16.1,4.3
1976,Wakayama,October_Pentad2,17.9,22.6,13.2,13.9
1976,Wakayama,October_Pentad3,17.8,21.2,14.3,30
1976,Wakayama,October_Pentad4,19.8,25.3,14.3,56.8
1976,Wakayama,October_Pentad5,18.1,22.8,13.4,17.1
1976,Wakayama,October_Pentad6,14.4,20.6,8.1,6.7
1976,Wakayama,November_Pentad1,14.4,20.5,8.2,0.1
1976,Wakayama,November_Pentad2,15,19.4,10.5,15.5
1976,Wakayama,November_Pentad3,11.6,15.8,7.3,34.5
1976,Wakayama,November_Pentad4,10.1,15.6,4.5,30.6
1976,Wakayama,November_Pentad5,8.8,14.3,3.2,0
1976,Wakayama,November_Pentad6,6.4,11.1,1.6,3.7
1976,Wakayama,December_Pentad1,8.7,15,2.3,0.7
1976,Wakayama,December_Pentad2,5,8.9,1.1,10.4
1976,Wakayama,December_Pentad3,7.5,12.9,2.1,0.3
1976,Wakayama,December_Pentad4,8.1,13.1,3.1,5.9
1976,Wakayama,December_Pentad5,7.3,11.2,3.3,17.3
1976,Wakayama,December_Pentad6,2.2,4.1,0.3,0
1977,Wakayama,January_Pentad1,1.3,4,-1.4,0.1
1977,Wakayama,January_Pentad2,4.4,8.5,0.2,7.8
1977,Wakayama,January_Pentad3,2.5,6.2,-1.2,0.3
1977,Wakayama,January_Pentad4,2.9,7.9,-2.2,0.3
1977,Wakayama,January_Pentad5,3,7.6,-1.7,1
1977,Wakayama,January_Pentad6,4.2,8.6,-0.3,22.2
1977,Wakayama,February_Pentad1,1.5,5.1,-2.2,15.3
1977,Wakayama,February_Pentad2,1.6,5.8,-2.7,18
1977,Wakayama,February_Pentad3,3.2,9.1,-0.2,11.5
1977,Wakayama,February_Pentad4,0.4,5.5,-4.7,22.6
1977,Wakayama,February_Pentad5,4.8,9.4,0.1,28.4
1977,Wakayama,February_Pentad6,10.8,16.3,5.3,0
1977,Wakayama,March_Pentad1,4.5,7.7,1.2,15.6
1977,Wakayama,March_Pentad2,9.6,16.4,2.8,0.6
1977,Wakayama,March_Pentad3,10.1,16.9,3.3,11.6
1977,Wakayama,March_Pentad4,10.9,14.2,7.6,17.2
1977,Wakayama,March_Pentad5,10.2,15.1,5.2,44.8
1977,Wakayama,March_Pentad6,9.5,13.2,5.8,65.4
1977,Wakayama,April_Pentad1,11.9,19.4,4.4,0
1977,Wakayama,April_Pentad2,13.8,18.2,9.4,19.5
1977,Wakayama,April_Pentad3,17.5,23.6,11.3,20.2
1977,Wakayama,April_Pentad4,17.2,22.4,11.9,9.2
1977,Wakayama,April_Pentad5,16.6,23.4,9.8,51.2
1977,Wakayama,April_Pentad6,17.4,22.3,12.5,29.8
1977,Wakayama,May_Pentad1,17,21.8,12.2,38.3
1977,Wakayama,May_Pentad2,17.9,24.2,11.5,0.2
1977,Wakayama,May_Pentad3,16.9,24.3,15,18.3
1977,Wakayama,May_Pentad4,16.9,25.1,8.7,0
1977,Wakayama,May_Pentad5,19.5,24.8,14.1,0
1977,Wakayama,May_Pentad6,21.2,26.1,16.2,7.1
1977,Wakayama,June_Pentad1,23.6,29.1,18,23
1977,Wakayama,June_Pentad2,22.6,26.7,18.4,29.6
1977,Wakayama,June_Pentad3,22.2,26.9,17.5,13.2
1977,Wakayama,June_Pentad4,21.1,24.4,17.7,40.1
1977,Wakayama,June_Pentad5,21.4,24.5,18.3,81
1977,Wakayama,June_Pentad6,24.2,27.4,21,35.5
1977,Wakayama,July_Pentad1,26.2,30.5,21.8,40.8
1977,Wakayama,July_Pentad2,25.7,30.8,20.6,0
1977,Wakayama,July_Pentad3,29.3,34.5,24.1,0
1977,Wakayama,July_Pentad4,27.5,32.1,22.9,21.2
1977,Wakayama,July_Pentad5,27.9,33.9,21.8,1.8
1977,Wakayama,July_Pentad6,29.2,35.2,23.1,0.5
1977,Wakayama,August_Pentad1,30.1,36.1,24,0
1977,Wakayama,August_Pentad2,27.6,33,22.1,21.3
1977,Wakayama,August_Pentad3,27.2,32.7,21.7,0.6
1977,Wakayama,August_Pentad4,28,32.9,23,1.5
1977,Wakayama,August_Pentad5,26.2,30.7,21.6,3.5
1977,Wakayama,August_Pentad6,27.4,32,22.7,41.7
1977,Wakayama,September_Pentad1,27.2,32.8,21.5,21
1977,Wakayama,September_Pentad2,27.3,32.2,22.3,33.3
1977,Wakayama,September_Pentad3,28.3,33.4,23.1,5.2
1977,Wakayama,September_Pentad4,22.1,28.7,15.5,0
1977,Wakayama,September_Pentad5,21.9,25.8,18,9.7
1977,Wakayama,September_Pentad6,22.2,26.6,17.7,16
1977,Wakayama,October_Pentad1,21.3,25.4,17.1,41.8
1977,Wakayama,October_Pentad2,21.2,26.4,15.9,15.7
1977,Wakayama,October_Pentad3,20.1,27,13.2,0
1977,Wakayama,October_Pentad4,19.1,26,12.2,0
1977,Wakayama,October_Pentad5,18.2,26.3,10.1,0
1977,Wakayama,October_Pentad6,19.6,27.4,11.8,0
1977,Wakayama,November_Pentad1,18.5,23,14,83.5
1977,Wakayama,November_Pentad2,17.4,21.7,13.1,14.2
1977,Wakayama,November_Pentad3,12.4,16.4,8.4,9.2
1977,Wakayama,November_Pentad4,13.1,20.3,5.9,65.9
1977,Wakayama,November_Pentad5,10.2,15.4,5,0
1977,Wakayama,November_Pentad6,10,13.7,6.3,17.3
1977,Wakayama,December_Pentad1,9.3,14.1,4.5,4.3
1977,Wakayama,December_Pentad2,9.9,15.4,4.3,0
1977,Wakayama,December_Pentad3,10.8,17.5,4.1,1.5
1977,Wakayama,December_Pentad4,9.5,14,4.9,14.1
1977,Wakayama,December_Pentad5,6.4,10.3,2.4,14.1
1977,Wakayama,December_Pentad6,7.5,11.9,3,20.8
1978,Wakayama,January_Pentad1,5.9,7.9,3.8,16
1978,Wakayama,January_Pentad2,6.2,9.9,2.5,4
1978,Wakayama,January_Pentad3,8,12.7,3.2,11.7
1978,Wakayama,January_Pentad4,3.9,7.4,0.4,2.1
1978,Wakayama,January_Pentad5,4,6.8,1.1,15.7
1978,Wakayama,January_Pentad6,4.8,8.4,1.2,0.1
1978,Wakayama,February_Pentad1,2,6.1,-2.2,2.1
1978,Wakayama,February_Pentad2,6.6,11.2,1.9,7.3
1978,Wakayama,February_Pentad3,4.5,7.7,1.3,5.9
1978,Wakayama,February_Pentad4,2.3,8,-3.4,3.2
1978,Wakayama,February_Pentad5,3.1,8.1,-1.9,5.3
1978,Wakayama,February_Pentad6,6.4,13.2,-0.5,5.9
1978,Wakayama,March_Pentad1,7.4,12.7,2.1,13.5
1978,Wakayama,March_Pentad2,10,16.7,3.3,3.5
1978,Wakayama,March_Pentad3,5,9,1,3.7
1978,Wakayama,March_Pentad4,8,14.4,1.6,0.5
1978,Wakayama,March_Pentad5,7.7,12.1,3.2,12.4
1978,Wakayama,March_Pentad6,11.4,17.7,5,4.9
1978,Wakayama,April_Pentad1,9,14.4,3.6,5.5
1978,Wakayama,April_Pentad2,13.3,20.3,6.3,24.5
1978,Wakayama,April_Pentad3,14.2,20.2,8.1,21.5
1978,Wakayama,April_Pentad4,16.3,21.1,11.5,20.8
1978,Wakayama,April_Pentad5,14.8,20.4,9.1,1.2
1978,Wakayama,April_Pentad6,16.5,23.5,9.5,6.2
1978,Wakayama,May_Pentad1,18.2,23.2,13.2,13
1978,Wakayama,May_Pentad2,18.3,21.9,14.6,34.7
1978,Wakayama,May_Pentad3,18.4,24.2,12.6,2.8
1978,Wakayama,May_Pentad4,20.3,24.5,16.1,28.9
1978,Wakayama,May_Pentad5,19.9,26.4,13.3,0.3
1978,Wakayama,May_Pentad6,21.3,26.9,15.6,6
1978,Wakayama,June_Pentad1,20.1,28.2,11.9,15.7
1978,Wakayama,June_Pentad2,21.8,28.7,14.8,6.6
1978,Wakayama,June_Pentad3,23.7,28.6,18.8,86.3
1978,Wakayama,June_Pentad4,26.8,31.7,21.9,12.4
1978,Wakayama,June_Pentad5,24.1,27,21.2,143
1978,Wakayama,June_Pentad6,25.8,29.4,22.1,19.1
1978,Wakayama,July_Pentad1,27.9,32.7,23,0.8
1978,Wakayama,July_Pentad2,28.1,33.6,22.5,0.7
1978,Wakayama,July_Pentad3,26.3,31.2,21.3,61.8
1978,Wakayama,July_Pentad4,27.5,34,21,0
1978,Wakayama,July_Pentad5,28.9,35,22.8,0
1978,Wakayama,July_Pentad6,28.5,34.8,22.2,0
1978,Wakayama,August_Pentad1,29.4,34.3,24.4,7.7
1978,Wakayama,August_Pentad2,28.8,34.8,22.8,0
1978,Wakayama,August_Pentad3,28.8,35.3,22.2,0
1978,Wakayama,August_Pentad4,29.6,35.4,23.7,0.8
1978,Wakayama,August_Pentad5,29.7,35.8,23.6,0
1978,Wakayama,August_Pentad6,27.9,34.8,21,0
1978,Wakayama,September_Pentad1,27.8,33,22.6,4.2
1978,Wakayama,September_Pentad2,26.7,33.1,20.3,11.4
1978,Wakayama,September_Pentad3,25.6,29.7,21.5,2
1978,Wakayama,September_Pentad4,25.1,31.7,18.5,16.5
1978,Wakayama,September_Pentad5,23.9,29,18.8,9.6
1978,Wakayama,September_Pentad6,22.2,26.5,17.8,32.4
1978,Wakayama,October_Pentad1,21.6,27.4,15.8,29.6
1978,Wakayama,October_Pentad2,18.9,24.5,13.3,15.4
1978,Wakayama,October_Pentad3,16.1,20,12.1,6.4
1978,Wakayama,October_Pentad4,17.9,23.1,12.6,0
1978,Wakayama,October_Pentad5,16.8,22.9,10.7,0.3
1978,Wakayama,October_Pentad6,16.2,20.9,11.5,71.9
1978,Wakayama,November_Pentad1,12.9,19.1,6.7,0.4
1978,Wakayama,November_Pentad2,14.9,20.1,9.6,6.9
1978,Wakayama,November_Pentad3,14.4,19.2,9.6,12.3
1978,Wakayama,November_Pentad4,12.7,17.9,7.4,2.5
1978,Wakayama,November_Pentad5,10.7,16.6,4.7,1
1978,Wakayama,November_Pentad6,9.8,13.8,5.7,19.9
1978,Wakayama,December_Pentad1,9.2,14.6,3.7,18.1
1978,Wakayama,December_Pentad2,10.7,17.1,4.2,33.6
1978,Wakayama,December_Pentad3,5.1,14.9,4.8,0.8
1978,Wakayama,December_Pentad4,8.5,13.4,3.6,0
1978,Wakayama,December_Pentad5,5,9.7,0.3,27.6
1978,Wakayama,December_Pentad6,6.8,11.8,1.8,2.3
1979,Wakayama,January_Pentad1,NA,NA,NA,NA
1979,Wakayama,January_Pentad2,8,15.7,1.3,0
1979,Wakayama,January_Pentad3,3.4,4.9,0.3,14
1979,Wakayama,January_Pentad4,2.8,7.7,-1.2,9
1979,Wakayama,January_Pentad5,3.7,10,-2,8
1979,Wakayama,January_Pentad6,6.8,11.8,2.4,31
1979,Wakayama,February_Pentad1,2.5,7.4,-2.3,10
1979,Wakayama,February_Pentad2,5,10.3,0.1,17
1979,Wakayama,February_Pentad3,7.2,12.5,2.7,4
1979,Wakayama,February_Pentad4,5.8,12.1,0.4,11
1979,Wakayama,February_Pentad5,11.1,14.2,8.3,41
1979,Wakayama,February_Pentad6,5.5,8.3,2.8,4
1979,Wakayama,March_Pentad1,3,7.8,-1.5,3
1979,Wakayama,March_Pentad2,6.8,13.5,0.9,21
1979,Wakayama,March_Pentad3,5.6,9.9,1.5,7
1979,Wakayama,March_Pentad4,6.2,10.4,1.7,10
1979,Wakayama,March_Pentad5,7.5,13.6,2.7,37
1979,Wakayama,March_Pentad6,12.2,18.4,5.2,11
1979,Wakayama,April_Pentad1,9.3,13.2,5.3,33
1979,Wakayama,April_Pentad2,14.6,20.2,10,14
1979,Wakayama,April_Pentad3,12.8,19.6,5.9,10
1979,Wakayama,April_Pentad4,9.8,14.8,5.3,10
1979,Wakayama,April_Pentad5,13.8,21.3,6.5,27
1979,Wakayama,April_Pentad6,13.1,16.9,8.6,57
1979,Wakayama,May_Pentad1,14.3,20.2,9,0
1979,Wakayama,May_Pentad2,16.3,22,11.3,65
1979,Wakayama,May_Pentad3,15.6,21.2,9.7,30
1979,Wakayama,May_Pentad4,14.8,21,8.9,24
1979,Wakayama,May_Pentad5,19.9,27.8,11.9,0
1979,Wakayama,May_Pentad6,18,25.1,10.9,20
1979,Wakayama,June_Pentad1,19.6,25.7,13.7,6
1979,Wakayama,June_Pentad2,21.5,26.4,17.5,6
1979,Wakayama,June_Pentad3,20.8,24.9,17.8,13
1979,Wakayama,June_Pentad4,23.9,29.3,19.2,77
1979,Wakayama,June_Pentad5,25.4,30.7,20.1,12
1979,Wakayama,June_Pentad6,23.7,26.3,21.6,340
1979,Wakayama,July_Pentad1,22.8,26.7,19.7,43
1979,Wakayama,July_Pentad2,22.6,28,18,2
1979,Wakayama,July_Pentad3,24.2,28.2,21.3,17
1979,Wakayama,July_Pentad4,23.3,27.2,20.2,25
1979,Wakayama,July_Pentad5,26.7,31.5,22.3,0
1979,Wakayama,July_Pentad6,27.3,32.7,22.7,0
1979,Wakayama,August_Pentad1,27.4,32.9,22.6,1
1979,Wakayama,August_Pentad2,27,32.8,22.6,0
1979,Wakayama,August_Pentad3,27,33.5,21.8,0
1979,Wakayama,August_Pentad4,27.8,33.4,23.6,1
1979,Wakayama,August_Pentad5,26.5,31,23,0
1979,Wakayama,August_Pentad6,24.8,29,20.9,54
1979,Wakayama,September_Pentad1,23.7,27.8,20.4,40
1979,Wakayama,September_Pentad2,21.9,27.6,17.2,6
1979,Wakayama,September_Pentad3,21.9,28.1,17.1,1
1979,Wakayama,September_Pentad4,22.3,28.6,15.8,2
1979,Wakayama,September_Pentad5,24,29.6,19.7,10
1979,Wakayama,September_Pentad6,21.1,23.1,18.6,107
1979,Wakayama,October_Pentad1,20.3,25.2,16.6,1
1979,Wakayama,October_Pentad2,16.3,20.4,12.3,29
1979,Wakayama,October_Pentad3,17.6,24.9,11.8,0
1979,Wakayama,October_Pentad4,18,22.8,14,74
1979,Wakayama,October_Pentad5,14,20.9,8.6,0
1979,Wakayama,October_Pentad6,16.3,22.7,11.3,0
1979,Wakayama,November_Pentad1,16.9,22.9,12.4,24
1979,Wakayama,November_Pentad2,14.1,19,10.5,25
1979,Wakayama,November_Pentad3,9.5,13.9,5,1
1979,Wakayama,November_Pentad4,8.4,12.4,2.4,25
1979,Wakayama,November_Pentad5,9.6,14,6,20
1979,Wakayama,November_Pentad6,9.3,13.7,4.9,3
1979,Wakayama,December_Pentad1,8.5,12.7,4.2,2
1979,Wakayama,December_Pentad2,9,13.5,3.5,0
1979,Wakayama,December_Pentad3,4.6,10.6,-0.2,0
1979,Wakayama,December_Pentad4,7.6,13.9,2.5,5
1979,Wakayama,December_Pentad5,6.8,10.7,3,29
1979,Wakayama,December_Pentad6,3.7,9.1,-0.8,12
1980,Wakayama,January_Pentad1,6.5,10.4,2.4,34
1980,Wakayama,January_Pentad2,2.1,5.2,-0.7,18
1980,Wakayama,January_Pentad3,2.8,6.1,-0.8,22
1980,Wakayama,January_Pentad4,1.9,6.3,-2,0
1980,Wakayama,January_Pentad5,1.8,5.4,-1,5
1980,Wakayama,January_Pentad6,5.9,11,0.8,23
1980,Wakayama,February_Pentad1,1.4,4.8,-1.8,2
1980,Wakayama,February_Pentad2,1,4.4,-1.9,0
1980,Wakayama,February_Pentad3,2.4,6.1,-1.4,0
1980,Wakayama,February_Pentad4,2.3,6.5,-1.9,21
1980,Wakayama,February_Pentad5,3,8.7,-1.2,0
1980,Wakayama,February_Pentad6,5.6,10.5,0.8,22
1980,Wakayama,March_Pentad1,4.9,9.7,0.2,24
1980,Wakayama,March_Pentad2,8.4,14.1,3.6,15
1980,Wakayama,March_Pentad3,4.9,8.4,0.9,17
1980,Wakayama,March_Pentad4,5.9,13.3,-0.5,0
1980,Wakayama,March_Pentad5,5.8,10.8,1.4,11
1980,Wakayama,March_Pentad6,10.4,17.2,3.9,18
1980,Wakayama,April_Pentad1,11.1,18.5,4.1,10
1980,Wakayama,April_Pentad2,13,17.2,8.2,88
1980,Wakayama,April_Pentad3,12.9,17.1,8.2,69
1980,Wakayama,April_Pentad4,11.5,17.7,4.7,6
1980,Wakayama,April_Pentad5,12.1,18,6.4,10
1980,Wakayama,April_Pentad6,13.1,19.1,7.7,19
1980,Wakayama,May_Pentad1,14.8,21.4,6.6,0
1980,Wakayama,May_Pentad2,14,19.1,9.2,25
1980,Wakayama,May_Pentad3,19.8,27.1,12.9,98
1980,Wakayama,May_Pentad4,17,23.3,11.8,15
1980,Wakayama,May_Pentad5,20.1,25.6,14.7,25
1980,Wakayama,May_Pentad6,20.2,24.8,15.8,75
1980,Wakayama,June_Pentad1,20.2,25.8,15.2,31
1980,Wakayama,June_Pentad2,21.7,26.7,18.3,44
1980,Wakayama,June_Pentad3,22.3,27.2,18.6,3
1980,Wakayama,June_Pentad4,22.2,25.4,19.1,38
1980,Wakayama,June_Pentad5,22.4,26.9,19,23
1980,Wakayama,June_Pentad6,22.9,26.8,19.8,26
1980,Wakayama,July_Pentad1,22.2,25.8,19.2,55
1980,Wakayama,July_Pentad2,25.5,28.8,22.9,97
1980,Wakayama,July_Pentad3,24.5,27.9,20.6,25
1980,Wakayama,July_Pentad4,24.2,29.3,19.5,25
1980,Wakayama,July_Pentad5,25.9,31.6,21,5
1980,Wakayama,July_Pentad6,24.6,28.3,21.7,17
1980,Wakayama,August_Pentad1,24.3,28.9,20.6,8
1980,Wakayama,August_Pentad2,24.3,29.4,21.3,10
1980,Wakayama,August_Pentad3,25.9,31.1,21.7,2
1980,Wakayama,August_Pentad4,24.9,28,22.3,13
1980,Wakayama,August_Pentad5,24.7,29.8,21.9,28
1980,Wakayama,August_Pentad6,24.8,28.2,22.1,199
1980,Wakayama,September_Pentad1,23.2,29.4,17.8,0
1980,Wakayama,September_Pentad2,23.3,28.1,20.4,136
1980,Wakayama,September_Pentad3,23,28.6,18.3,6
1980,Wakayama,September_Pentad4,22.5,27.6,18,15
1980,Wakayama,September_Pentad5,18.4,21.7,15.1,18
1980,Wakayama,September_Pentad6,16.5,20.8,13.1,16
1980,Wakayama,October_Pentad1,16.6,23.9,10.5,0
1980,Wakayama,October_Pentad2,19.6,24.7,15.2,6
1980,Wakayama,October_Pentad3,19.7,23.4,16.4,55
1980,Wakayama,October_Pentad4,18.7,23,15.4,112
1980,Wakayama,October_Pentad5,14,17.9,10.9,16
1980,Wakayama,October_Pentad6,10.8,14.8,7.5,0
1980,Wakayama,November_Pentad1,10,16.2,4.6,3
1980,Wakayama,November_Pentad2,11.7,16.2,7.1,0
1980,Wakayama,November_Pentad3,10.9,17.2,5.7,5
1980,Wakayama,November_Pentad4,11,18.2,5.7,0
1980,Wakayama,November_Pentad5,13.5,17.6,10.4,58
1980,Wakayama,November_Pentad6,9.9,14.1,5.5,27
1980,Wakayama,December_Pentad1,8.7,14.2,3.9,14
1980,Wakayama,December_Pentad2,5.6,10.8,1.7,1
1980,Wakayama,December_Pentad3,4.2,8.1,0.4,28
1980,Wakayama,December_Pentad4,4.9,8.7,1.5,0
1980,Wakayama,December_Pentad5,3.4,7,-0.4,21
1980,Wakayama,December_Pentad6,1.5,4.5,-0.7,0
1981,Wakayama,January_Pentad1,2.1,5.1,-0.7,3
1981,Wakayama,January_Pentad2,2.3,6.5,-0.8,0
1981,Wakayama,January_Pentad3,1,4.1,-1.7,2
1981,Wakayama,January_Pentad4,0.9,5.8,-3.7,2
1981,Wakayama,January_Pentad5,1.9,6.3,-2.4,11
1981,Wakayama,January_Pentad6,1.5,6,-3,0
1981,Wakayama,February_Pentad1,1.9,5.4,-1.5,21
1981,Wakayama,February_Pentad2,3.4,8,-0.7,0
1981,Wakayama,February_Pentad3,5.6,10.4,-0.1,9
1981,Wakayama,February_Pentad4,5.5,10,1.1,38
1981,Wakayama,February_Pentad5,3.2,6.9,-0.2,11
1981,Wakayama,February_Pentad6,-2.2,1.8,-5.7,0
1981,Wakayama,March_Pentad1,3.3,7.8,-0.3,34
1981,Wakayama,March_Pentad2,5.2,10.5,0.7,11
1981,Wakayama,March_Pentad3,9.3,15.6,3.5,16
1981,Wakayama,March_Pentad4,8.8,15.3,3.3,5
1981,Wakayama,March_Pentad5,11.6,16.5,6.7,28
1981,Wakayama,March_Pentad6,8.2,11.9,4.3,27
1981,Wakayama,April_Pentad1,9.3,13.6,5.1,73
1981,Wakayama,April_Pentad2,12.4,18.6,7.3,10
1981,Wakayama,April_Pentad3,13.1,18.9,7.3,4
1981,Wakayama,April_Pentad4,12,16.1,8,33
1981,Wakayama,April_Pentad5,13.6,20.3,6.1,22
1981,Wakayama,April_Pentad6,15.6,23.4,8.5,7
1981,Wakayama,May_Pentad1,15.2,22.6,9.1,13
1981,Wakayama,May_Pentad2,17,23.2,11.6,25
1981,Wakayama,May_Pentad3,17.2,23.6,11.4,26
1981,Wakayama,May_Pentad4,14.3,19.2,10.4,33
1981,Wakayama,May_Pentad5,17.1,23.5,11.5,18
1981,Wakayama,May_Pentad6,18.5,24.5,12.4,3
1981,Wakayama,June_Pentad1,17.3,24,11,0
1981,Wakayama,June_Pentad2,21.3,28.4,15.3,0
1981,Wakayama,June_Pentad3,20.7,23.8,18.6,44
1981,Wakayama,June_Pentad4,22.1,26.3,18.5,31
1981,Wakayama,June_Pentad5,22.7,26.7,18.9,64
1981,Wakayama,June_Pentad6,24.3,27.6,21.5,45
1981,Wakayama,July_Pentad1,24.1,28.6,20.8,27
1981,Wakayama,July_Pentad2,26.8,31.5,22.2,0
1981,Wakayama,July_Pentad3,26,30.7,22.4,7
1981,Wakayama,July_Pentad4,27.8,33.2,22.9,0
1981,Wakayama,July_Pentad5,26.3,32.2,21.6,4
1981,Wakayama,July_Pentad6,26.5,32.4,21.8,7
1981,Wakayama,August_Pentad1,25.6,31.1,20.7,2
1981,Wakayama,August_Pentad2,23.8,29.5,18.9,9
1981,Wakayama,August_Pentad3,25.6,30.6,21.1,29
1981,Wakayama,August_Pentad4,25.9,31.8,21,0
1981,Wakayama,August_Pentad5,24.2,29.6,19.7,6
1981,Wakayama,August_Pentad6,25.7,30.2,21.9,31
1981,Wakayama,September_Pentad1,25.4,30.4,20.6,8
1981,Wakayama,September_Pentad2,21.1,25,18.4,12
1981,Wakayama,September_Pentad3,19.3,24.3,15.5,9
1981,Wakayama,September_Pentad4,18.8,24.6,14,68
1981,Wakayama,September_Pentad5,21.3,26.5,17.4,13
1981,Wakayama,September_Pentad6,18.9,24.1,14.6,26
1981,Wakayama,October_Pentad1,18.2,23.5,13.2,15
1981,Wakayama,October_Pentad2,18,22.5,14.7,136
1981,Wakayama,October_Pentad3,14.8,21.2,9.7,6
1981,Wakayama,October_Pentad4,14.6,20.8,8.9,1
1981,Wakayama,October_Pentad5,14.1,18.9,11.5,30
1981,Wakayama,October_Pentad6,12.1,18,6.9,15
1981,Wakayama,November_Pentad1,13.5,18.4,9.8,29
1981,Wakayama,November_Pentad2,7.6,10.7,4.6,12
1981,Wakayama,November_Pentad3,9,14.9,4.1,0
1981,Wakayama,November_Pentad4,9,15.5,3.5,2
1981,Wakayama,November_Pentad5,7.8,11.7,3.8,14
1981,Wakayama,November_Pentad6,6.6,10.3,2.7,22
1981,Wakayama,December_Pentad1,4.3,9.7,-0.1,0
1981,Wakayama,December_Pentad2,6.2,10.7,1.9,0
1981,Wakayama,December_Pentad3,5.1,8.8,0.9,1
1981,Wakayama,December_Pentad4,4.4,10,0.2,11
1981,Wakayama,December_Pentad5,5.5,11.5,0.4,0
1981,Wakayama,December_Pentad6,6.9,12.9,2.1,3
1982,Wakayama,January_Pentad1,5.1,10,0.7,6
1982,Wakayama,January_Pentad2,2.5,7.4,-2.3,1
1982,Wakayama,January_Pentad3,4.4,9.8,-0.5,2
1982,Wakayama,January_Pentad4,1.6,5.5,-1.7,5
1982,Wakayama,January_Pentad5,4.5,8.6,0,2
1982,Wakayama,January_Pentad6,1.2,5.3,-2.6,3
1982,Wakayama,February_Pentad1,2.6,5.7,-1.4,16
1982,Wakayama,February_Pentad2,1.4,5.8,-2.3,0
1982,Wakayama,February_Pentad3,3.1,8.2,-1.6,0
1982,Wakayama,February_Pentad4,6.3,11.2,1.6,55
1982,Wakayama,February_Pentad5,5.3,8.7,2,1
1982,Wakayama,February_Pentad6,3.7,9.6,-2,4
1982,Wakayama,March_Pentad1,6.7,10.6,2.4,18
1982,Wakayama,March_Pentad2,5.7,11.2,0.7,3
1982,Wakayama,March_Pentad3,9.9,16.4,3.4,9
1982,Wakayama,March_Pentad4,10.6,16.1,5.3,18
1982,Wakayama,March_Pentad5,9.3,15,2.8,8
1982,Wakayama,March_Pentad6,7.9,14.6,1.3,24
1982,Wakayama,April_Pentad1,10.3,17,3.6,23
1982,Wakayama,April_Pentad2,10.2,15,6.7,29
1982,Wakayama,April_Pentad3,11.6,16.6,5.8,24
1982,Wakayama,April_Pentad4,11,17.5,3.9,0
1982,Wakayama,April_Pentad5,13,19.2,7.2,23
1982,Wakayama,April_Pentad6,17.1,23.2,12.5,13
1982,Wakayama,May_Pentad1,17.9,22.9,13.3,45
1982,Wakayama,May_Pentad2,18.2,24.8,12.4,16
1982,Wakayama,May_Pentad3,19.4,26.6,13.2,14
1982,Wakayama,May_Pentad4,18.3,25.1,12.3,0
1982,Wakayama,May_Pentad5,16.7,23.1,10.3,0
1982,Wakayama,May_Pentad6,20.8,26.7,15.6,25
1982,Wakayama,June_Pentad1,19.5,24.2,15.4,65
1982,Wakayama,June_Pentad2,21.7,28.1,16.2,0
1982,Wakayama,June_Pentad3,20,26.1,14.6,5
1982,Wakayama,June_Pentad4,21,26.9,16.6,2
1982,Wakayama,June_Pentad5,21.6,26.3,17.8,18
1982,Wakayama,June_Pentad6,19.4,24.3,14.2,0
1982,Wakayama,July_Pentad1,21.3,27.6,15.3,0
1982,Wakayama,July_Pentad2,23.3,27.9,19.7,40
1982,Wakayama,July_Pentad3,22,25.5,19.3,87
1982,Wakayama,July_Pentad4,22.1,25,20.1,117
1982,Wakayama,July_Pentad5,22.4,26.4,18.9,55
1982,Wakayama,July_Pentad6,25.8,30.9,22.2,18
1982,Wakayama,August_Pentad1,24.1,28.2,20.7,288
1982,Wakayama,August_Pentad2,24.2,30.4,21,44
1982,Wakayama,August_Pentad3,25.3,30.2,21.4,0
1982,Wakayama,August_Pentad4,24.9,28.7,23,26
1982,Wakayama,August_Pentad5,25.8,32.1,21.3,5
1982,Wakayama,August_Pentad6,25.9,30.4,21.7,35
1982,Wakayama,September_Pentad1,23.2,28.1,17.8,14
1982,Wakayama,September_Pentad2,22,25.8,19.2,32
1982,Wakayama,September_Pentad3,19.8,23.7,17,59
1982,Wakayama,September_Pentad4,20.6,26,17.1,20
1982,Wakayama,September_Pentad5,20.2,23.6,16.8,26
1982,Wakayama,September_Pentad6,19.7,24.2,15.7,0
1982,Wakayama,October_Pentad1,18.1,22.4,14.6,18
1982,Wakayama,October_Pentad2,16.9,20.2,14.2,7
1982,Wakayama,October_Pentad3,17.1,23.8,11.8,0
1982,Wakayama,October_Pentad4,16.2,20.1,11.7,12
1982,Wakayama,October_Pentad5,13.4,19,8.7,0
1982,Wakayama,October_Pentad6,13.2,20.6,7.6,0
1982,Wakayama,November_Pentad1,13.5,18.3,8.5,14
1982,Wakayama,November_Pentad2,16.1,19.3,13.3,50
1982,Wakayama,November_Pentad3,12.5,16.9,8.7,6
1982,Wakayama,November_Pentad4,13.2,17.8,9.8,7
1982,Wakayama,November_Pentad5,10,14.8,6.3,13
1982,Wakayama,November_Pentad6,9.7,14.5,4,28
1982,Wakayama,December_Pentad1,9.5,16.5,4.9,28
1982,Wakayama,December_Pentad2,5.4,11.7,0.6,0
1982,Wakayama,December_Pentad3,7.1,12,2.6,3
1982,Wakayama,December_Pentad4,4.5,9,0.8,0
1982,Wakayama,December_Pentad5,7,10.8,3.6,13
1982,Wakayama,December_Pentad6,5.1,9.8,1.3,19
1983,Wakayama,January_Pentad1,4.1,9.3,-0.2,28
1983,Wakayama,January_Pentad2,5.9,7.9,3.7,19
1983,Wakayama,January_Pentad3,3.4,6.9,-0.2,0
1983,Wakayama,January_Pentad4,4,7.6,0.8,9
1983,Wakayama,January_Pentad5,1.2,5.8,-2.7,0
1983,Wakayama,January_Pentad6,5.2,12.2,-0.8,1
1983,Wakayama,February_Pentad1,4.8,9.4,-0.1,15
1983,Wakayama,February_Pentad2,4.4,8,0.5,1
1983,Wakayama,February_Pentad3,2.1,6.8,-2.1,1
1983,Wakayama,February_Pentad4,3.2,7.1,-0.4,8
1983,Wakayama,February_Pentad5,3.2,8.2,-1.3,21
1983,Wakayama,February_Pentad6,3.2,9.3,-1.7,0
1983,Wakayama,March_Pentad1,7.8,14.1,4.1,48
1983,Wakayama,March_Pentad2,3.5,9.2,-1.3,3
1983,Wakayama,March_Pentad3,6.6,11.5,1.6,23
1983,Wakayama,March_Pentad4,6.5,11.5,2,8
1983,Wakayama,March_Pentad5,10.5,15.4,6.2,19
1983,Wakayama,March_Pentad6,9.2,12.7,6,9
1983,Wakayama,April_Pentad1,11.9,18,6.7,15
1983,Wakayama,April_Pentad2,13.8,19.8,8,39
1983,Wakayama,April_Pentad3,15.8,20.8,11,13
1983,Wakayama,April_Pentad4,15.3,19.2,11.3,63
1983,Wakayama,April_Pentad5,16.3,24.1,9.6,6
1983,Wakayama,April_Pentad6,19,23.9,13.4,15
1983,Wakayama,May_Pentad1,15.3,21.7,9.9,24
1983,Wakayama,May_Pentad2,17.8,23.3,12,44
1983,Wakayama,May_Pentad3,18,25.5,11.1,11
1983,Wakayama,May_Pentad4,17.2,23.5,10.9,65
1983,Wakayama,May_Pentad5,20.3,26.9,14.4,14
1983,Wakayama,May_Pentad6,19.2,24.8,14,5
1983,Wakayama,June_Pentad1,21.5,28.4,14.9,0
1983,Wakayama,June_Pentad2,20.9,27.4,14.6,0
1983,Wakayama,June_Pentad3,18.9,24.3,13.8,31
1983,Wakayama,June_Pentad4,20.5,25.2,17.3,81
1983,Wakayama,June_Pentad5,21.3,26.2,16.8,33
1983,Wakayama,June_Pentad6,21.5,26.4,17.1,8
1983,Wakayama,July_Pentad1,23.5,28.3,19,148
1983,Wakayama,July_Pentad2,23.3,28.1,19.3,0
1983,Wakayama,July_Pentad3,23.2,27.6,19.4,16
1983,Wakayama,July_Pentad4,25.4,29.4,21.7,26
1983,Wakayama,July_Pentad5,27.3,31,23.5,1
1983,Wakayama,July_Pentad6,28.3,33,24.1,0
1983,Wakayama,August_Pentad1,28.8,34.1,24.2,0
1983,Wakayama,August_Pentad2,26.6,33.6,22.3,6
1983,Wakayama,August_Pentad3,27.6,33.8,21.9,0
1983,Wakayama,August_Pentad4,26.6,30.1,24.3,19
1983,Wakayama,August_Pentad5,25.9,31.2,22.1,28
1983,Wakayama,August_Pentad6,27.8,33.8,22.9,0
1983,Wakayama,September_Pentad1,27,32.7,22.2,0
1983,Wakayama,September_Pentad2,24.9,30.5,20.8,3
1983,Wakayama,September_Pentad3,24.6,29.2,19.9,0
1983,Wakayama,September_Pentad4,22.4,27.9,18,18
1983,Wakayama,September_Pentad5,22.7,27.1,19.6,97
1983,Wakayama,September_Pentad6,19.1,21.9,17.1,168
1983,Wakayama,October_Pentad1,20.4,26.3,15.4,10
1983,Wakayama,October_Pentad2,18.6,23.8,14.7,14
1983,Wakayama,October_Pentad3,16.9,21,12.3,29
1983,Wakayama,October_Pentad4,15.2,19.4,11.3,18
1983,Wakayama,October_Pentad5,13.5,18.4,9.8,0
1983,Wakayama,October_Pentad6,11.6,18.2,5.8,30
1983,Wakayama,November_Pentad1,12.3,18.2,7.9,1
1983,Wakayama,November_Pentad2,12,17.4,8,1
1983,Wakayama,November_Pentad3,10.4,14.5,6.6,5
1983,Wakayama,November_Pentad4,9.8,14.3,5.5,1
1983,Wakayama,November_Pentad5,9.3,14.9,4.7,14
1983,Wakayama,November_Pentad6,6.6,12.1,2.2,2
1983,Wakayama,December_Pentad1,7.7,11.8,2.9,0
1983,Wakayama,December_Pentad2,6.4,12.7,1.3,1
1983,Wakayama,December_Pentad3,7.3,12.3,3.3,2
1983,Wakayama,December_Pentad4,4,7.2,0.8,0
1983,Wakayama,December_Pentad5,3.1,8.3,-1.4,11
1983,Wakayama,December_Pentad6,1,5.6,-2.7,1
1984,Wakayama,January_Pentad1,2.5,7.7,-1.5,4
1984,Wakayama,January_Pentad2,2.2,6.9,-2.1,0
1984,Wakayama,January_Pentad3,3.1,8.7,-1.5,4
1984,Wakayama,January_Pentad4,1.1,3.6,-1,11
1984,Wakayama,January_Pentad5,1.1,3.9,-1.9,13
1984,Wakayama,January_Pentad6,0.4,3.2,-2,11
1984,Wakayama,February_Pentad1,0.9,5,-2.3,0
1984,Wakayama,February_Pentad2,-0.3,2.2,-2.6,0
1984,Wakayama,February_Pentad3,1.4,5.8,-2.1,6
1984,Wakayama,February_Pentad4,0.9,4.7,-2.4,10
1984,Wakayama,February_Pentad5,4.8,11.3,-0.3,12
1984,Wakayama,February_Pentad6,2.7,5.3,0.4,7
1984,Wakayama,March_Pentad1,1.6,6.6,-3.4,0
1984,Wakayama,March_Pentad2,2.7,7.9,-1.6,13
1984,Wakayama,March_Pentad3,3.6,8.2,-1,4
1984,Wakayama,March_Pentad4,5.4,8.6,1.8,21
1984,Wakayama,March_Pentad5,3.7,9,-1,7
1984,Wakayama,March_Pentad6,9,15.3,2.3,0
1984,Wakayama,April_Pentad1,10.7,15.9,6,22
1984,Wakayama,April_Pentad2,8.9,14.4,2.4,0
1984,Wakayama,April_Pentad3,10.8,17.7,4.1,8
1984,Wakayama,April_Pentad4,15,20.3,10,58
1984,Wakayama,April_Pentad5,11.8,17.6,6.6,0
1984,Wakayama,April_Pentad6,15.6,22.4,8.8,0
1984,Wakayama,May_Pentad1,12.8,16.6,8.2,16
1984,Wakayama,May_Pentad2,17.6,25.8,10.2,0
1984,Wakayama,May_Pentad3,19.6,26.1,13.5,21
1984,Wakayama,May_Pentad4,14.8,19.7,10.5,14
1984,Wakayama,May_Pentad5,17.6,24.4,11.1,1
1984,Wakayama,May_Pentad6,19.8,25.2,15.2,10
1984,Wakayama,June_Pentad1,21.2,27.6,16.4,12
1984,Wakayama,June_Pentad2,20.8,25.6,16,134
1984,Wakayama,June_Pentad3,21.9,27.1,17.3,20
1984,Wakayama,June_Pentad4,24.4,28.4,20.5,9
1984,Wakayama,June_Pentad5,21.9,25.6,18.6,135
1984,Wakayama,June_Pentad6,23.3,27.9,19.3,55
1984,Wakayama,July_Pentad1,25.6,30.4,21.4,4
1984,Wakayama,July_Pentad2,26.2,30.2,22.5,2
1984,Wakayama,July_Pentad3,25.1,28.7,22.2,22
1984,Wakayama,July_Pentad4,25.7,30.8,22.5,24
1984,Wakayama,July_Pentad5,25.6,31,21.8,43
1984,Wakayama,July_Pentad6,25.7,31.5,21.8,67
1984,Wakayama,August_Pentad1,26.8,32.4,22.5,12
1984,Wakayama,August_Pentad2,27.9,34.2,22.9,0
1984,Wakayama,August_Pentad3,26.6,32.3,22.5,18
1984,Wakayama,August_Pentad4,26.9,33.6,21.4,0
1984,Wakayama,August_Pentad5,26.1,31.2,21.9,9
1984,Wakayama,August_Pentad6,26.9,32.4,22.3,0
1984,Wakayama,September_Pentad1,27.3,33,23,2
1984,Wakayama,September_Pentad2,22.3,27.1,19,25
1984,Wakayama,September_Pentad3,20.3,24.1,17.7,53
1984,Wakayama,September_Pentad4,20.6,24.4,17.7,14
1984,Wakayama,September_Pentad5,20.7,26.8,16,0
1984,Wakayama,September_Pentad6,19.7,26.1,13.6,0
1984,Wakayama,October_Pentad1,20.1,25.6,15.6,1
1984,Wakayama,October_Pentad2,14.7,20.6,9.7,0
1984,Wakayama,October_Pentad3,17.6,22.3,13.7,0
1984,Wakayama,October_Pentad4,15.9,19.9,12.9,38
1984,Wakayama,October_Pentad5,13.2,19.5,7.3,0
1984,Wakayama,October_Pentad6,12.9,18.4,7.5,0
1984,Wakayama,November_Pentad1,10.7,18.6,4.4,0
1984,Wakayama,November_Pentad2,14.8,22,10,5
1984,Wakayama,November_Pentad3,12.5,17.1,8,33
1984,Wakayama,November_Pentad4,12.9,15.7,10,2
1984,Wakayama,November_Pentad5,10,15.3,4.7,0
1984,Wakayama,November_Pentad6,5.4,13,0.2,0
1984,Wakayama,December_Pentad1,7.6,12.6,2.6,3
1984,Wakayama,December_Pentad2,7.7,14.6,1.7,6
1984,Wakayama,December_Pentad3,10.6,13.5,7.9,17
1984,Wakayama,December_Pentad4,4.8,8.9,1.7,20
1984,Wakayama,December_Pentad5,2.9,5.6,0.4,0
1984,Wakayama,December_Pentad6,2.8,5.7,0.3,0
1985,Wakayama,January_Pentad1,2.9,7.8,-0.7,8
1985,Wakayama,January_Pentad2,2.5,7.5,-1.7,0
1985,Wakayama,January_Pentad3,1.3,5.2,-2.2,2
1985,Wakayama,January_Pentad4,2.6,7.6,-2,0
1985,Wakayama,January_Pentad5,3,7.9,-2.1,0
1985,Wakayama,January_Pentad6,1.4,5.7,-2.8,14
1985,Wakayama,February_Pentad1,4.7,10,-0.2,3
1985,Wakayama,February_Pentad2,8.2,12.1,4.1,25
1985,Wakayama,February_Pentad3,3.8,8.7,-0.3,3
1985,Wakayama,February_Pentad4,4.9,8.7,1.8,26
1985,Wakayama,February_Pentad5,2,4.8,-0.6,0
1985,Wakayama,February_Pentad6,5,9.3,0.9,9
1985,Wakayama,March_Pentad1,6.1,10,1.6,18
1985,Wakayama,March_Pentad2,8.5,14.5,3.1,28
1985,Wakayama,March_Pentad3,5.1,8.9,1.6,15
1985,Wakayama,March_Pentad4,9.1,13.9,5.1,40
1985,Wakayama,March_Pentad5,8.9,14.6,2.6,5
1985,Wakayama,March_Pentad6,10.6,15.5,6.3,53
1985,Wakayama,April_Pentad1,10.9,15.6,5.2,50
1985,Wakayama,April_Pentad2,13.6,20.1,8,18
1985,Wakayama,April_Pentad3,14.5,19.2,11.5,37
1985,Wakayama,April_Pentad4,13.6,20.1,6.2,4
1985,Wakayama,April_Pentad5,15.8,23.1,8.8,12
1985,Wakayama,April_Pentad6,14.8,22.7,6.9,19
1985,Wakayama,May_Pentad1,18.4,26.7,11,0
1985,Wakayama,May_Pentad2,18.5,23.2,14.2,17
1985,Wakayama,May_Pentad3,17.7,23.4,12.7,12
1985,Wakayama,May_Pentad4,18.4,24.4,13.3,46
1985,Wakayama,May_Pentad5,18.7,22.5,14.7,42
1985,Wakayama,May_Pentad6,18.5,23.7,13.4,5
1985,Wakayama,June_Pentad1,19.9,25.6,14.6,0
1985,Wakayama,June_Pentad2,20.4,26.1,14.6,11
1985,Wakayama,June_Pentad3,19.3,23,15.9,14
1985,Wakayama,June_Pentad4,19.7,24.6,15.8,22
1985,Wakayama,June_Pentad5,23.9,27.7,20.4,148
1985,Wakayama,June_Pentad6,22.3,25.6,20.1,182
1985,Wakayama,July_Pentad1,23.8,26.8,20.9,99
1985,Wakayama,July_Pentad2,25.9,30,22.5,17
1985,Wakayama,July_Pentad3,25.9,30.5,21.7,19
1985,Wakayama,July_Pentad4,25.7,32,20.3,14
1985,Wakayama,July_Pentad5,25.9,32.2,21.2,0
1985,Wakayama,July_Pentad6,27.4,34.1,21.9,0
1985,Wakayama,August_Pentad1,27.2,33.4,21.9,0
1985,Wakayama,August_Pentad2,26.2,31.2,22.6,5
1985,Wakayama,August_Pentad3,26.1,31.5,21.9,26
1985,Wakayama,August_Pentad4,26.6,32.4,22.4,32
1985,Wakayama,August_Pentad5,24.6,32.2,18,0
1985,Wakayama,August_Pentad6,26.8,33.4,21.5,1
1985,Wakayama,September_Pentad1,27.4,32.8,23.2,0
1985,Wakayama,September_Pentad2,24.7,31.4,19.5,4
1985,Wakayama,September_Pentad3,23.2,28.9,17.8,0
1985,Wakayama,September_Pentad4,23.8,28.1,20.8,15
1985,Wakayama,September_Pentad5,22,25.5,19.9,50
1985,Wakayama,September_Pentad6,20.1,23.7,17.6,34
1985,Wakayama,October_Pentad1,17.8,23.2,13.1,3
1985,Wakayama,October_Pentad2,19.5,25.7,14.3,2
1985,Wakayama,October_Pentad3,20,25.4,15,29
1985,Wakayama,October_Pentad4,14.8,19.2,10.6,13
1985,Wakayama,October_Pentad5,14,19.9,9.2,0
1985,Wakayama,October_Pentad6,15.3,19.9,11.4,23
1985,Wakayama,November_Pentad1,13.4,18.3,8.5,20
1985,Wakayama,November_Pentad2,15,17.8,12.3,20
1985,Wakayama,November_Pentad3,9,13.3,4.5,3
1985,Wakayama,November_Pentad4,7.8,12.5,4.1,2
1985,Wakayama,November_Pentad5,10.5,16,6.2,31
1985,Wakayama,November_Pentad6,7.6,12.9,2.7,11
1985,Wakayama,December_Pentad1,6.8,12.5,1.8,4
1985,Wakayama,December_Pentad2,6.3,9.4,3.9,27
1985,Wakayama,December_Pentad3,3.3,6.5,0.5,1
1985,Wakayama,December_Pentad4,1.9,4.7,-1.2,0
1985,Wakayama,December_Pentad5,3.8,8,-0.7,8
1985,Wakayama,December_Pentad6,6.4,12.6,1,13
1986,Wakayama,January_Pentad1,1.4,4.6,-1.7,25
1986,Wakayama,January_Pentad2,0.2,4.2,-2.9,1
1986,Wakayama,January_Pentad3,1.2,6.1,-2.6,2
1986,Wakayama,January_Pentad4,4.6,9.8,-0.4,0
1986,Wakayama,January_Pentad5,2.9,6.2,-0.1,3
1986,Wakayama,January_Pentad6,1.9,6.5,-2.6,1
1986,Wakayama,February_Pentad1,2,7,-1.7,0
1986,Wakayama,February_Pentad2,0.7,4.6,-2.8,0
1986,Wakayama,February_Pentad3,3.2,7.7,-1,4
1986,Wakayama,February_Pentad4,2.1,6.4,-2.6,16
1986,Wakayama,February_Pentad5,1.8,6.9,-2.1,0
1986,Wakayama,February_Pentad6,1.7,6.2,-2,0
1986,Wakayama,March_Pentad1,2.5,7.5,-2.1,3
1986,Wakayama,March_Pentad2,8.1,15.7,1.8,17
1986,Wakayama,March_Pentad3,8.7,12.9,4.8,27
1986,Wakayama,March_Pentad4,6.5,9.8,1.5,3
1986,Wakayama,March_Pentad5,5.2,10.2,0.3,59
1986,Wakayama,March_Pentad6,9.3,14.8,3.6,45
1986,Wakayama,April_Pentad1,10.7,16.7,3.9,8
1986,Wakayama,April_Pentad2,11.2,17.2,4.7,13
1986,Wakayama,April_Pentad3,11.4,17.4,4.4,22
1986,Wakayama,April_Pentad4,13.7,19.8,7.9,10
1986,Wakayama,April_Pentad5,16.5,23.1,10.6,17
1986,Wakayama,April_Pentad6,16.2,22.7,10.4,21
1986,Wakayama,May_Pentad1,15.8,19.6,12.2,55
1986,Wakayama,May_Pentad2,17.4,23.5,11.8,28
1986,Wakayama,May_Pentad3,18,23.4,12.6,26
1986,Wakayama,May_Pentad4,17.5,23.4,11.4,89
1986,Wakayama,May_Pentad5,16.5,22.4,10.7,0
1986,Wakayama,May_Pentad6,18.3,23.2,13.7,22
1986,Wakayama,June_Pentad1,21.3,28.9,15.2,0
1986,Wakayama,June_Pentad2,19.2,25,14.4,15
1986,Wakayama,June_Pentad3,20.6,27.2,14.7,0
1986,Wakayama,June_Pentad4,21.5,25.7,17.9,47
1986,Wakayama,June_Pentad5,22.2,25.3,19.5,38
1986,Wakayama,June_Pentad6,23.6,27.4,19.7,34
1986,Wakayama,July_Pentad1,22,26.3,18.3,12
1986,Wakayama,July_Pentad2,23.1,26.2,20.4,23
1986,Wakayama,July_Pentad3,25.9,30.3,22.7,88
1986,Wakayama,July_Pentad4,27.4,32.1,23.1,1
1986,Wakayama,July_Pentad5,25.5,30.1,22.4,20
1986,Wakayama,July_Pentad6,27,32.7,22,0
1986,Wakayama,August_Pentad1,24.4,30.3,19.4,8
1986,Wakayama,August_Pentad2,24.9,30.1,19.9,3
1986,Wakayama,August_Pentad3,26.3,32.2,21.2,1
1986,Wakayama,August_Pentad4,27,32.6,22.5,0
1986,Wakayama,August_Pentad5,26.1,32,21.3,0
1986,Wakayama,August_Pentad6,26,31.6,21.2,24
1986,Wakayama,September_Pentad1,26.5,32.9,20.8,0
1986,Wakayama,September_Pentad2,24.2,29.2,20.2,13
1986,Wakayama,September_Pentad3,21.3,25.1,18.9,32
1986,Wakayama,September_Pentad4,21,24.5,17.6,54
1986,Wakayama,September_Pentad5,21.6,27.4,16.5,0
1986,Wakayama,September_Pentad6,19.6,26.6,13.4,0
1986,Wakayama,October_Pentad1,18.4,23.4,14.2,28
1986,Wakayama,October_Pentad2,17,21.5,12.9,0
1986,Wakayama,October_Pentad3,16.3,21.5,12.6,30
1986,Wakayama,October_Pentad4,11.3,17.7,6.1,0
1986,Wakayama,October_Pentad5,12.7,18.1,7,18
1986,Wakayama,October_Pentad6,11.8,16.7,7.3,13
1986,Wakayama,November_Pentad1,11.8,17.6,6.7,0
1986,Wakayama,November_Pentad2,10.4,16.2,6.1,20
1986,Wakayama,November_Pentad3,11.5,15.3,7.2,1
1986,Wakayama,November_Pentad4,8.1,13.9,3.4,0
1986,Wakayama,November_Pentad5,10.5,16.9,5.1,6
1986,Wakayama,November_Pentad6,6.5,11.5,1.6,0
1986,Wakayama,December_Pentad1,7.9,13.1,3.2,0
1986,Wakayama,December_Pentad2,6.7,11.7,2,5
1986,Wakayama,December_Pentad3,8.4,14.1,3.7,20
1986,Wakayama,December_Pentad4,6.5,11.4,1.3,16
1986,Wakayama,December_Pentad5,5.4,10.2,0.1,2
1986,Wakayama,December_Pentad6,5,9.4,1,20
1987,Wakayama,January_Pentad1,6.1,11.2,2.8,23
1987,Wakayama,January_Pentad2,6.1,10.2,1.1,3
1987,Wakayama,January_Pentad3,1.2,4.9,-1.8,19
1987,Wakayama,January_Pentad4,5.1,9.1,1.2,3
1987,Wakayama,January_Pentad5,3.7,10.4,-1.7,26
1987,Wakayama,January_Pentad6,3.3,9.3,-1.4,0
1987,Wakayama,February_Pentad1,1.8,4.7,-0.7,5
1987,Wakayama,February_Pentad2,6.3,14,0,0
1987,Wakayama,February_Pentad3,8.9,14.2,2.2,4
1987,Wakayama,February_Pentad4,3.4,7.4,0.2,21
1987,Wakayama,February_Pentad5,4.6,10.3,0.3,4
1987,Wakayama,February_Pentad6,1.4,4.7,-1.9,2
1987,Wakayama,March_Pentad1,4.3,9.9,-0.6,2
1987,Wakayama,March_Pentad2,4.8,8.7,1.5,26
1987,Wakayama,March_Pentad3,7.2,11,3.4,16
1987,Wakayama,March_Pentad4,8.6,13.7,3.6,25
1987,Wakayama,March_Pentad5,11.8,16.8,6.8,30
1987,Wakayama,March_Pentad6,6.9,11.3,2.5,14
1987,Wakayama,April_Pentad1,8.5,14.3,2.9,2
1987,Wakayama,April_Pentad2,14.7,19.8,9.9,26
1987,Wakayama,April_Pentad3,7.9,14,1.7,6
1987,Wakayama,April_Pentad4,14.2,21.9,6.9,0
1987,Wakayama,April_Pentad5,15.7,21.3,9.9,2
1987,Wakayama,April_Pentad6,13.6,20.2,7.8,9
1987,Wakayama,May_Pentad1,14.2,19.9,8.7,16
1987,Wakayama,May_Pentad2,16.3,24.5,8.7,0
1987,Wakayama,May_Pentad3,16.1,19.7,13,83
1987,Wakayama,May_Pentad4,18.2,23.9,12.2,23
1987,Wakayama,May_Pentad5,20.6,26.1,14.9,56
1987,Wakayama,May_Pentad6,18.6,24.4,13.1,3
1987,Wakayama,June_Pentad1,22.5,28.8,16.5,18
1987,Wakayama,June_Pentad2,23.8,29.6,18,33
1987,Wakayama,June_Pentad3,19.2,23.6,15,26
1987,Wakayama,June_Pentad4,20.6,26.4,15.6,17
1987,Wakayama,June_Pentad5,20.5,27,15.2,1
1987,Wakayama,June_Pentad6,23.3,29.5,18.1,1
1987,Wakayama,July_Pentad1,23.5,27.9,20.9,42
1987,Wakayama,July_Pentad2,25.3,30.9,20.5,8
1987,Wakayama,July_Pentad3,26.3,30.9,21.6,18
1987,Wakayama,July_Pentad4,24.2,27.1,22.3,65
1987,Wakayama,July_Pentad5,27.9,32,24.5,3
1987,Wakayama,July_Pentad6,26.9,32.2,22.1,3
1987,Wakayama,August_Pentad1,25.9,30.8,22.2,24
1987,Wakayama,August_Pentad2,26.4,31.8,22.1,1
1987,Wakayama,August_Pentad3,25.9,31.4,21.7,9
1987,Wakayama,August_Pentad4,26.8,32.5,22.1,0
1987,Wakayama,August_Pentad5,26.3,31,22.9,4
1987,Wakayama,August_Pentad6,27.2,32.8,22.2,10
1987,Wakayama,September_Pentad1,23.1,29.4,18.5,8
1987,Wakayama,September_Pentad2,25.3,31.3,20.4,32
1987,Wakayama,September_Pentad3,22.9,27,19.3,37
1987,Wakayama,September_Pentad4,20.1,24.2,15.8,0
1987,Wakayama,September_Pentad5,20.6,25.8,16.5,16
1987,Wakayama,September_Pentad6,17.8,23.3,12.6,4
1987,Wakayama,October_Pentad1,18.6,25.2,13.3,1
1987,Wakayama,October_Pentad2,19.2,25.1,15.3,5
1987,Wakayama,October_Pentad3,18.7,23.9,14.8,28
1987,Wakayama,October_Pentad4,17.3,22,13.9,29
1987,Wakayama,October_Pentad5,13.3,17.7,9.5,33
1987,Wakayama,October_Pentad6,15.7,22,10.6,36
1987,Wakayama,November_Pentad1,15.2,18.6,12.2,25
1987,Wakayama,November_Pentad2,9.9,16.6,4.4,6
1987,Wakayama,November_Pentad3,12.6,17.2,9,1
1987,Wakayama,November_Pentad4,10.2,16.6,5.6,0
1987,Wakayama,November_Pentad5,10,16.8,4.8,0
1987,Wakayama,November_Pentad6,9,13.4,4.5,9
1987,Wakayama,December_Pentad1,4.3,7.7,1,10
1987,Wakayama,December_Pentad2,5,10,1.2,6
1987,Wakayama,December_Pentad3,6.6,11.3,2.8,0
1987,Wakayama,December_Pentad4,5.4,11.5,0.1,1
1987,Wakayama,December_Pentad5,6,13.2,0.2,0
1987,Wakayama,December_Pentad6,8.6,16.6,3.1,0
1988,Wakayama,January_Pentad1,6.6,11.2,1.6,7
1988,Wakayama,January_Pentad2,4.3,7.9,0.9,10
1988,Wakayama,January_Pentad3,4.7,10.2,-0.2,7
1988,Wakayama,January_Pentad4,5.7,10.1,2.2,0
1988,Wakayama,January_Pentad5,5.4,10.5,1.6,12
1988,Wakayama,January_Pentad6,4.3,9.2,-0.2,0
1988,Wakayama,February_Pentad1,3.6,9.2,-1.6,0
1988,Wakayama,February_Pentad2,3.4,6.7,0,0
1988,Wakayama,February_Pentad3,2.9,7.4,-0.7,2
1988,Wakayama,February_Pentad4,2.2,6.6,-2.3,0
1988,Wakayama,February_Pentad5,4.4,8.4,-0.1,9
1988,Wakayama,February_Pentad6,3.7,7,0.3,7
1988,Wakayama,March_Pentad1,4.8,8.3,1.5,7
1988,Wakayama,March_Pentad2,3.9,8.5,-0.5,0
1988,Wakayama,March_Pentad3,9.8,16.5,2.6,37
1988,Wakayama,March_Pentad4,6.3,9.8,1,12
1988,Wakayama,March_Pentad5,8.3,12.2,4.4,5
1988,Wakayama,March_Pentad6,7.3,11.5,3.2,25
1988,Wakayama,April_Pentad1,10.5,16,5.1,2
1988,Wakayama,April_Pentad2,8,12.7,3.6,21
1988,Wakayama,April_Pentad3,12.4,18.2,5.7,33
1988,Wakayama,April_Pentad4,14.3,20.3,8.6,3
1988,Wakayama,April_Pentad5,12.6,17.3,7.3,0
1988,Wakayama,April_Pentad6,16,22.7,10.7,10
1988,Wakayama,May_Pentad1,17.1,24.7,10.6,16
1988,Wakayama,May_Pentad2,13.8,19.2,7.8,28
1988,Wakayama,May_Pentad3,16.1,21.1,10.6,32
1988,Wakayama,May_Pentad4,19,26.4,12.8,5
1988,Wakayama,May_Pentad5,16.6,21.2,12.3,18
1988,Wakayama,May_Pentad6,18.9,25.2,13,1
1988,Wakayama,June_Pentad1,19.5,23.8,15.5,157
1988,Wakayama,June_Pentad2,20.6,25.2,14.9,88
1988,Wakayama,June_Pentad3,21.6,27.7,15.9,28
1988,Wakayama,June_Pentad4,22.3,27.9,17.8,0
1988,Wakayama,June_Pentad5,21.6,26,18.1,79
1988,Wakayama,June_Pentad6,22.5,26.1,20,45
1988,Wakayama,July_Pentad1,23.1,27.8,18.7,15
1988,Wakayama,July_Pentad2,25.5,31.4,20.2,0
1988,Wakayama,July_Pentad3,25,28.5,22.5,6
1988,Wakayama,July_Pentad4,24.7,28.6,22.1,0
1988,Wakayama,July_Pentad5,24,27,21.7,24
1988,Wakayama,July_Pentad6,24.3,29.1,20.8,2
1988,Wakayama,August_Pentad1,25.4,31.1,20.8,5
1988,Wakayama,August_Pentad2,25.2,31,21,43
1988,Wakayama,August_Pentad3,25.6,30.2,22.5,36
1988,Wakayama,August_Pentad4,24.6,29.7,21.9,44
1988,Wakayama,August_Pentad5,26.3,31.4,22.8,17
1988,Wakayama,August_Pentad6,23.7,28.7,19.6,2
1988,Wakayama,September_Pentad1,22.9,28.8,19,38
1988,Wakayama,September_Pentad2,22.8,27.4,19.5,6
1988,Wakayama,September_Pentad3,23.6,28.8,18.9,31
1988,Wakayama,September_Pentad4,23.4,28,20.1,5
1988,Wakayama,September_Pentad5,21.5,24.2,19.6,100
1988,Wakayama,September_Pentad6,20.8,25.1,18,4
1988,Wakayama,October_Pentad1,17.5,22.5,13.8,12
1988,Wakayama,October_Pentad2,17,21.1,13.6,31
1988,Wakayama,October_Pentad3,14.7,20.3,9.4,4
1988,Wakayama,October_Pentad4,15,19.8,10.8,4
1988,Wakayama,October_Pentad5,15.4,20.7,11.2,19
1988,Wakayama,October_Pentad6,12,17.4,7.2,1
1988,Wakayama,November_Pentad1,10.7,17.3,5.1,4
1988,Wakayama,November_Pentad2,9.7,17,4.2,0
1988,Wakayama,November_Pentad3,9.8,16.2,4.6,0
1988,Wakayama,November_Pentad4,9,14.3,5.3,3
1988,Wakayama,November_Pentad5,8.2,13.1,3.5,15
1988,Wakayama,November_Pentad6,5,9.1,1.7,9
1988,Wakayama,December_Pentad1,6,10.9,2.1,8
1988,Wakayama,December_Pentad2,5.3,12,0.4,5
1988,Wakayama,December_Pentad3,4.5,10.8,-0.2,0
1988,Wakayama,December_Pentad4,4.5,8.1,0.6,0
1988,Wakayama,December_Pentad5,5,10.1,0,2
1988,Wakayama,December_Pentad6,3.9,8.6,0.2,0
1989,Wakayama,January_Pentad1,3.9,8.5,-0.2,10
1989,Wakayama,January_Pentad2,8.9,13.5,4.9,8
1989,Wakayama,January_Pentad3,5.6,8.5,1.9,13
1989,Wakayama,January_Pentad4,7.9,13.4,3.1,92
1989,Wakayama,January_Pentad5,5.9,9.5,1.8,17
1989,Wakayama,January_Pentad6,3,7.6,-0.9,13
1989,Wakayama,February_Pentad1,2.8,6.8,-0.5,19
1989,Wakayama,February_Pentad2,5.2,9.8,1.4,35
1989,Wakayama,February_Pentad3,3.6,9.5,-1.1,0
1989,Wakayama,February_Pentad4,8.3,12.8,4.2,106
1989,Wakayama,February_Pentad5,7.1,8.5,4.1,75
1989,Wakayama,February_Pentad6,7.4,14.6,0.4,11
1989,Wakayama,March_Pentad1,9.8,15.7,3.1,49
1989,Wakayama,March_Pentad2,4.1,9.4,-0.8,10
1989,Wakayama,March_Pentad3,8.8,14.4,3.9,32
1989,Wakayama,March_Pentad4,5.9,11.1,1.1,0
1989,Wakayama,March_Pentad5,7.8,11.9,3.4,9
1989,Wakayama,March_Pentad6,8,14.4,3.2,18
1989,Wakayama,April_Pentad1,12.5,19.1,6.4,0
1989,Wakayama,April_Pentad2,12.5,17.8,7.2,25
1989,Wakayama,April_Pentad3,12.1,18.3,6.2,19
1989,Wakayama,April_Pentad4,16,23.1,9.6,7
1989,Wakayama,April_Pentad5,14.1,18.2,10.6,38
1989,Wakayama,April_Pentad6,12.8,20.7,5.6,0
1989,Wakayama,May_Pentad1,16.5,23.1,10.4,6
1989,Wakayama,May_Pentad2,16.7,22.3,12.4,22
1989,Wakayama,May_Pentad3,16.9,19.5,14.9,47
1989,Wakayama,May_Pentad4,16.2,20.1,13.1,19
1989,Wakayama,May_Pentad5,18.1,22.6,15.1,36
1989,Wakayama,May_Pentad6,17.3,24.3,10.2,47
1989,Wakayama,June_Pentad1,20.3,28.3,13.5,2
1989,Wakayama,June_Pentad2,19.3,23.7,15.6,31
1989,Wakayama,June_Pentad3,19.3,25,13.1,1
1989,Wakayama,June_Pentad4,19.3,23.2,16.8,32
1989,Wakayama,June_Pentad5,21.8,25.8,17.9,55
1989,Wakayama,June_Pentad6,22.3,27,18.3,51
1989,Wakayama,July_Pentad1,21.1,24.7,17.7,24
1989,Wakayama,July_Pentad2,23.7,28.4,19.1,59
1989,Wakayama,July_Pentad3,25.2,30.1,21.5,14
1989,Wakayama,July_Pentad4,25.5,31.5,21.2,33
1989,Wakayama,July_Pentad5,24.8,31.6,21.1,11
1989,Wakayama,July_Pentad6,25.8,30.6,22,1
1989,Wakayama,August_Pentad1,25.9,30.8,22.1,11
1989,Wakayama,August_Pentad2,25.7,31.1,21.7,4
1989,Wakayama,August_Pentad3,25.4,31.8,20.6,0
1989,Wakayama,August_Pentad4,26.4,33.3,21.1,0
1989,Wakayama,August_Pentad5,25.8,33.4,21.3,11
1989,Wakayama,August_Pentad6,24.2,29.1,20.5,86
1989,Wakayama,September_Pentad1,22.3,26,19.7,211
1989,Wakayama,September_Pentad2,24.4,30.9,20.8,134
1989,Wakayama,September_Pentad3,25.2,30.7,21,14
1989,Wakayama,September_Pentad4,23.4,28,19.2,169
1989,Wakayama,September_Pentad5,19.9,25.9,15.2,18
1989,Wakayama,September_Pentad6,19.8,25.5,14.5,1
1989,Wakayama,October_Pentad1,17.8,23.4,13,5
1989,Wakayama,October_Pentad2,15.5,21,10.1,12
1989,Wakayama,October_Pentad3,16.7,22.3,13.3,11
1989,Wakayama,October_Pentad4,12.8,17.4,7.9,21
1989,Wakayama,October_Pentad5,13.1,20.9,6.7,0
1989,Wakayama,October_Pentad6,15.2,22.2,9,16
1989,Wakayama,November_Pentad1,13.5,20.2,8,3
1989,Wakayama,November_Pentad2,17.5,22.6,13.3,14
1989,Wakayama,November_Pentad3,12.5,17,8.7,19
1989,Wakayama,November_Pentad4,9.4,13.7,6,0
1989,Wakayama,November_Pentad5,8.2,15.6,3.3,0
1989,Wakayama,November_Pentad6,6.4,11.4,2.8,13
1989,Wakayama,December_Pentad1,8,16,2.9,0
1989,Wakayama,December_Pentad2,7.1,12,2.6,8
1989,Wakayama,December_Pentad3,5.4,10.1,0.7,14
1989,Wakayama,December_Pentad4,5.5,10.9,1.4,0
1989,Wakayama,December_Pentad5,5.6,10.5,2.3,13
1989,Wakayama,December_Pentad6,4.7,8.6,1.5,3
1990,Wakayama,January_Pentad1,3,8.2,-0.8,10
1990,Wakayama,January_Pentad2,5.5,11.1,0.9,14
1990,Wakayama,January_Pentad3,4.6,8.6,-0.2,3
1990,Wakayama,January_Pentad4,4.6,8.4,0.4,24
1990,Wakayama,January_Pentad5,1.4,6.2,-1.9,1
1990,Wakayama,January_Pentad6,2.7,7.1,-0.9,21
1990,Wakayama,February_Pentad1,2.6,5.5,0.1,27
1990,Wakayama,February_Pentad2,5.1,10.1,0,3
1990,Wakayama,February_Pentad3,6.8,10.6,2.8,62
1990,Wakayama,February_Pentad4,8.5,13.6,3.8,23
1990,Wakayama,February_Pentad5,10.1,13.9,6.6,70
1990,Wakayama,February_Pentad6,6.2,8.9,2.2,0
1990,Wakayama,March_Pentad1,7.4,10.9,4.5,28
1990,Wakayama,March_Pentad2,5.2,12.1,-0.4,4
1990,Wakayama,March_Pentad3,9.4,16.7,2.6,11
1990,Wakayama,March_Pentad4,8.3,14.3,2.7,0
1990,Wakayama,March_Pentad5,11,17.9,4.3,13
1990,Wakayama,March_Pentad6,9.6,13.8,5.7,45
1990,Wakayama,April_Pentad1,12.1,17.7,6.5,12
1990,Wakayama,April_Pentad2,11.2,18.2,4.3,5
1990,Wakayama,April_Pentad3,14.4,20.4,9,6
1990,Wakayama,April_Pentad4,9.7,15.9,4.3,0
1990,Wakayama,April_Pentad5,12.5,17.8,6.6,7
1990,Wakayama,April_Pentad6,15.4,23,7.9,7
1990,Wakayama,May_Pentad1,14.1,18.4,9.8,68
1990,Wakayama,May_Pentad2,16.6,22.7,11,21
1990,Wakayama,May_Pentad3,18.4,22.7,14.3,10
1990,Wakayama,May_Pentad4,17,22.8,12,32
1990,Wakayama,May_Pentad5,17,22.4,11.8,1
1990,Wakayama,May_Pentad6,18,25.6,11,1
1990,Wakayama,June_Pentad1,19,23,15.8,48
1990,Wakayama,June_Pentad2,21.3,26.8,16.2,9
1990,Wakayama,June_Pentad3,22.8,29.4,17.4,32
1990,Wakayama,June_Pentad4,23.2,29.1,17.1,14
1990,Wakayama,June_Pentad5,26.4,32.9,21.4,0
1990,Wakayama,June_Pentad6,22.3,25.4,19.8,41
1990,Wakayama,July_Pentad1,21.3,24.5,18.9,61
1990,Wakayama,July_Pentad2,25.2,30.9,20.3,0
1990,Wakayama,July_Pentad3,26.1,31.2,22.3,54
1990,Wakayama,July_Pentad4,28.1,33.3,23.5,0
1990,Wakayama,July_Pentad5,27.5,33.5,23,0
1990,Wakayama,July_Pentad6,27.8,34.4,22.5,0
1990,Wakayama,August_Pentad1,27.8,35.3,22.1,0
1990,Wakayama,August_Pentad2,28.3,35.7,22.6,3
1990,Wakayama,August_Pentad3,27.5,33.1,23.3,22
1990,Wakayama,August_Pentad4,26.8,33.7,21.8,7
1990,Wakayama,August_Pentad5,28,33.9,22.9,3
1990,Wakayama,August_Pentad6,25.8,32.2,19.8,0
1990,Wakayama,September_Pentad1,24.4,31.3,19.9,38
1990,Wakayama,September_Pentad2,24.4,31.1,18.3,0
1990,Wakayama,September_Pentad3,25.6,30.4,21.3,161
1990,Wakayama,September_Pentad4,21.5,25.5,17.6,267
1990,Wakayama,September_Pentad5,21.4,27.3,17,25
1990,Wakayama,September_Pentad6,20.4,23.2,18.6,64
1990,Wakayama,October_Pentad1,20.3,24.5,16.7,21
1990,Wakayama,October_Pentad2,17.8,21.7,14.1,33
1990,Wakayama,October_Pentad3,17,21.2,13.3,25
1990,Wakayama,October_Pentad4,15.8,22.6,11.5,0
1990,Wakayama,October_Pentad5,14.1,20.2,9.5,3
1990,Wakayama,October_Pentad6,13.2,17.7,9.6,27
1990,Wakayama,November_Pentad1,14.2,20.3,9.9,33
1990,Wakayama,November_Pentad2,13.8,20.1,8.9,14
1990,Wakayama,November_Pentad3,10.5,17.5,5.8,0
1990,Wakayama,November_Pentad4,13.7,20.6,9.1,17
1990,Wakayama,November_Pentad5,8.5,14.7,3.2,3
1990,Wakayama,November_Pentad6,13.3,15.9,10.9,57
1990,Wakayama,December_Pentad1,8.6,13,5.2,0
1990,Wakayama,December_Pentad2,8.5,15.8,3.3,9
1990,Wakayama,December_Pentad3,8,12.2,4.6,2
1990,Wakayama,December_Pentad4,5.8,9.6,2,7
1990,Wakayama,December_Pentad5,6.1,11.3,2,7
1990,Wakayama,December_Pentad6,4.4,9.1,0.5,8
1991,Wakayama,January_Pentad1,6.1,9.3,3.4,8
1991,Wakayama,January_Pentad2,3.7,7,-0.1,0
1991,Wakayama,January_Pentad3,4.1,7.6,1.3,0
1991,Wakayama,January_Pentad4,3.6,9.1,-0.8,3
1991,Wakayama,January_Pentad5,5.4,8.3,2.2,13
1991,Wakayama,January_Pentad6,2.6,6.5,-0.9,0
1991,Wakayama,February_Pentad1,3,7.7,-1.4,0
1991,Wakayama,February_Pentad2,4,9.9,-1.1,13
1991,Wakayama,February_Pentad3,8.1,12.4,4.5,9
1991,Wakayama,February_Pentad4,3,6.7,0.2,24
1991,Wakayama,February_Pentad5,0.4,4.4,-2.7,1
1991,Wakayama,February_Pentad6,6,13.1,-0.1,14
1991,Wakayama,March_Pentad1,5.4,11,0.7,21
1991,Wakayama,March_Pentad2,9.7,14.5,5.7,16
1991,Wakayama,March_Pentad3,6,9.8,2.9,8
1991,Wakayama,March_Pentad4,8.4,14.6,2.9,9
1991,Wakayama,March_Pentad5,10.5,14.8,6.9,37
1991,Wakayama,March_Pentad6,11.6,16.9,7.5,28
1991,Wakayama,April_Pentad1,7.9,14.6,1.2,0
1991,Wakayama,April_Pentad2,15.2,20.6,10.8,45
1991,Wakayama,April_Pentad3,16.9,22.8,11.9,9
1991,Wakayama,April_Pentad4,14.6,21.4,8.2,31
1991,Wakayama,April_Pentad5,13.6,19.8,7.9,23
1991,Wakayama,April_Pentad6,15.2,21.2,10,34
1991,Wakayama,May_Pentad1,10.6,16.2,4.9,3
1991,Wakayama,May_Pentad2,16.2,21.4,11.6,16
1991,Wakayama,May_Pentad3,16.3,21,11.8,29
1991,Wakayama,May_Pentad4,17.9,23.2,12.9,1
1991,Wakayama,May_Pentad5,21.6,27.5,17.4,4
1991,Wakayama,May_Pentad6,19,23.8,15.7,47
1991,Wakayama,June_Pentad1,19.4,23.6,15.7,74
1991,Wakayama,June_Pentad2,22.2,27.5,17.8,5
1991,Wakayama,June_Pentad3,23.9,29.4,19.4,19
1991,Wakayama,June_Pentad4,20.9,24.6,18.1,56
1991,Wakayama,June_Pentad5,23.1,26.7,20.7,54
1991,Wakayama,June_Pentad6,25.7,30.4,21.7,18
1991,Wakayama,July_Pentad1,23.6,27.5,21.1,108
1991,Wakayama,July_Pentad2,25.6,30.9,20.1,2
1991,Wakayama,July_Pentad3,26,31,21.9,24
1991,Wakayama,July_Pentad4,25.7,30.3,22.2,25
1991,Wakayama,July_Pentad5,28,33.6,23.2,1
1991,Wakayama,July_Pentad6,27.3,32,24.2,13
1991,Wakayama,August_Pentad1,26.5,31.3,22.3,0
1991,Wakayama,August_Pentad2,23.8,28.9,19,13
1991,Wakayama,August_Pentad3,25.3,30.9,20.8,11
1991,Wakayama,August_Pentad4,26.9,32.4,22.2,0
1991,Wakayama,August_Pentad5,27,32.5,23.8,15
1991,Wakayama,August_Pentad6,24.6,28.7,20.8,29
1991,Wakayama,September_Pentad1,26.2,32.7,21.5,0
1991,Wakayama,September_Pentad2,25.5,31.5,20.5,1
1991,Wakayama,September_Pentad3,22.6,27.2,19,79
1991,Wakayama,September_Pentad4,22,26.3,19,61
1991,Wakayama,September_Pentad5,20.4,25.5,16.2,5
1991,Wakayama,September_Pentad6,21.2,25.1,17.3,28
1991,Wakayama,October_Pentad1,19,23.6,15.4,63
1991,Wakayama,October_Pentad2,18.6,20.7,16.7,25
1991,Wakayama,October_Pentad3,17.2,20.1,14.2,51
1991,Wakayama,October_Pentad4,13.8,18.8,9.3,40
1991,Wakayama,October_Pentad5,13,19.6,8.2,17
1991,Wakayama,October_Pentad6,14,17.2,11.4,31
1991,Wakayama,November_Pentad1,11.8,17.5,7.7,0
1991,Wakayama,November_Pentad2,11.6,17.3,6.2,13
1991,Wakayama,November_Pentad3,8.6,13.7,4.3,0
1991,Wakayama,November_Pentad4,9.2,15.9,4,0
1991,Wakayama,November_Pentad5,9.1,14.7,4.1,2
1991,Wakayama,November_Pentad6,10.7,14.2,7,124
1991,Wakayama,December_Pentad1,8.9,15.5,3.4,0
1991,Wakayama,December_Pentad2,9.1,13.4,6,7
1991,Wakayama,December_Pentad3,5.2,9.5,1.2,12
1991,Wakayama,December_Pentad4,8.1,13.4,3.3,9
1991,Wakayama,December_Pentad5,9.1,14.8,5.1,14
1991,Wakayama,December_Pentad6,3.7,6.5,1,34
1992,Wakayama,January_Pentad1,5,10.6,0.8,0
1992,Wakayama,January_Pentad2,7.3,9.9,4.3,12
1992,Wakayama,January_Pentad3,4.2,9.2,0.1,6
1992,Wakayama,January_Pentad4,2.5,6.8,-0.9,1
1992,Wakayama,January_Pentad5,3.7,8.7,-0.5,2
1992,Wakayama,January_Pentad6,6.3,11.5,1.6,20
1992,Wakayama,February_Pentad1,3.8,7.3,-0.2,34
1992,Wakayama,February_Pentad2,3,8.3,-1.1,1
1992,Wakayama,February_Pentad3,3.9,8.9,-0.6,7
1992,Wakayama,February_Pentad4,4.1,8.5,0.5,1
1992,Wakayama,February_Pentad5,2.3,5.7,-0.4,9
1992,Wakayama,February_Pentad6,8.3,15.2,2.1,8
1992,Wakayama,March_Pentad1,8.4,12.2,4.4,23
1992,Wakayama,March_Pentad2,6.7,11.8,1.5,4
1992,Wakayama,March_Pentad3,10.3,17.2,4.1,34
1992,Wakayama,March_Pentad4,7.1,9.6,4.5,26
1992,Wakayama,March_Pentad5,8.2,12.1,4.2,27
1992,Wakayama,March_Pentad6,9.8,13.3,6.4,44
1992,Wakayama,April_Pentad1,12.2,16.1,8.1,38
1992,Wakayama,April_Pentad2,13.9,19.3,8.3,12
1992,Wakayama,April_Pentad3,9.8,14.8,4.7,19
1992,Wakayama,April_Pentad4,12.1,18.5,5.1,12
1992,Wakayama,April_Pentad5,14.8,21.2,7.6,21
1992,Wakayama,April_Pentad6,15.4,22.3,9,16
1992,Wakayama,May_Pentad1,14,20.4,8.1,3
1992,Wakayama,May_Pentad2,16.5,21.3,11.4,68
1992,Wakayama,May_Pentad3,16.4,22.1,11,68
1992,Wakayama,May_Pentad4,16.9,21.8,13.2,22
1992,Wakayama,May_Pentad5,17.1,23.5,11.7,15
1992,Wakayama,May_Pentad6,16,21.7,11,26
1992,Wakayama,June_Pentad1,20.7,27.8,14.4,0
1992,Wakayama,June_Pentad2,20.7,27,15.1,74
1992,Wakayama,June_Pentad3,20.9,26.2,16,20
1992,Wakayama,June_Pentad4,19.5,24.8,15.5,5
1992,Wakayama,June_Pentad5,18.3,22.8,14.3,38
1992,Wakayama,June_Pentad6,18.8,22.9,15.9,30
1992,Wakayama,July_Pentad1,20.9,25.2,17.9,42
1992,Wakayama,July_Pentad2,23.7,29.2,19.7,19
1992,Wakayama,July_Pentad3,23.6,28,20.3,12
1992,Wakayama,July_Pentad4,24.6,29,21.3,14
1992,Wakayama,July_Pentad5,27.2,33.8,21.5,0
1992,Wakayama,July_Pentad6,27.4,34.3,21.5,0
1992,Wakayama,August_Pentad1,25.3,30.1,21.3,22
1992,Wakayama,August_Pentad2,26.3,32.1,21.9,12
1992,Wakayama,August_Pentad3,26.1,31.4,21.9,4
1992,Wakayama,August_Pentad4,25,28.8,21.8,42
1992,Wakayama,August_Pentad5,25.6,31.8,21.5,19
1992,Wakayama,August_Pentad6,26.2,33,21.1,0
1992,Wakayama,September_Pentad1,25.9,31.7,20.6,9
1992,Wakayama,September_Pentad2,23.2,28.9,18.4,0
1992,Wakayama,September_Pentad3,21.3,26.6,16.4,2
1992,Wakayama,September_Pentad4,22.1,27.4,18,8
1992,Wakayama,September_Pentad5,20.9,26.3,16.5,14
1992,Wakayama,September_Pentad6,17.6,23,12.1,33
1992,Wakayama,October_Pentad1,20.4,26.3,16.5,2
1992,Wakayama,October_Pentad2,15,19.3,10.9,27
1992,Wakayama,October_Pentad3,17.5,21.2,14.6,18
1992,Wakayama,October_Pentad4,16.9,22.5,13.1,4
1992,Wakayama,October_Pentad5,15.3,19.9,11.2,21
1992,Wakayama,October_Pentad6,13.4,20,8.5,0
1992,Wakayama,November_Pentad1,11.9,18.4,6.5,1
1992,Wakayama,November_Pentad2,14,16.6,11.4,15
1992,Wakayama,November_Pentad3,10.9,16.5,6.3,1
1992,Wakayama,November_Pentad4,10.9,16.6,5.9,42
1992,Wakayama,November_Pentad5,8.2,15.1,2.9,2
1992,Wakayama,November_Pentad6,7.4,12.4,2.8,0
1992,Wakayama,December_Pentad1,8.1,12.2,4.2,3
1992,Wakayama,December_Pentad2,11.3,16.7,7.1,37
1992,Wakayama,December_Pentad3,5.9,9.8,2.1,1
1992,Wakayama,December_Pentad4,4.8,8.6,1.2,12
1992,Wakayama,December_Pentad5,5.6,9.1,2.5,3
1992,Wakayama,December_Pentad6,6.6,11.5,2.4,10
1993,Wakayama,January_Pentad1,5.1,10.3,0.9,0
1993,Wakayama,January_Pentad2,5.8,8.6,2.1,28
1993,Wakayama,January_Pentad3,6.1,8.5,3.9,25
1993,Wakayama,January_Pentad4,4.4,7.9,1.4,1
1993,Wakayama,January_Pentad5,3.2,7,-0.1,4
1993,Wakayama,January_Pentad6,3.2,7.8,-0.3,1
1993,Wakayama,February_Pentad1,3.2,8,-0.8,3
1993,Wakayama,February_Pentad2,9.8,15.6,2.3,2
1993,Wakayama,February_Pentad3,4.3,10.2,-2.3,0
1993,Wakayama,February_Pentad4,7.1,11.6,2.4,30
1993,Wakayama,February_Pentad5,5.1,9.2,1.9,35
1993,Wakayama,February_Pentad6,5.2,10.9,0.2,18
1993,Wakayama,March_Pentad1,4,9.9,-1.2,0
1993,Wakayama,March_Pentad2,6.3,11.8,2,15
1993,Wakayama,March_Pentad3,5.3,9.7,1,28
1993,Wakayama,March_Pentad4,3.5,7.8,-0.5,0
1993,Wakayama,March_Pentad5,9.2,16.2,2.4,20
1993,Wakayama,March_Pentad6,8.7,14.4,3.7,24
1993,Wakayama,April_Pentad1,11.5,17.8,5.1,5
1993,Wakayama,April_Pentad2,6.9,13,1.6,2
1993,Wakayama,April_Pentad3,8.5,15.9,1.4,3
1993,Wakayama,April_Pentad4,15.2,23.1,8.4,0
1993,Wakayama,April_Pentad5,17,22.5,10.6,20
1993,Wakayama,April_Pentad6,15.2,19.7,10.6,50
1993,Wakayama,May_Pentad1,14.3,19,9.6,51
1993,Wakayama,May_Pentad2,16.5,23.4,11.1,9
1993,Wakayama,May_Pentad3,17.4,25.6,9.4,12
1993,Wakayama,May_Pentad4,16.6,23.5,11,21
1993,Wakayama,May_Pentad5,17.2,23.7,12,17
1993,Wakayama,May_Pentad6,18.5,26.4,12,7
1993,Wakayama,June_Pentad1,18.7,22.8,14.7,2
1993,Wakayama,June_Pentad2,18.4,24.6,13.1,32
1993,Wakayama,June_Pentad3,22.3,28.3,17.2,44
1993,Wakayama,June_Pentad4,23.3,28.1,20,66
1993,Wakayama,June_Pentad5,21.3,25.8,18.1,38
1993,Wakayama,June_Pentad6,22,25.8,19.2,165
1993,Wakayama,July_Pentad1,21.2,24.4,18.8,150
1993,Wakayama,July_Pentad2,22.3,26.5,19.6,35
1993,Wakayama,July_Pentad3,25.6,29.9,22.3,13
1993,Wakayama,July_Pentad4,23.1,27,19.8,12
1993,Wakayama,July_Pentad5,23.9,28.9,19.8,10
1993,Wakayama,July_Pentad6,26.6,31.1,22.4,18
1993,Wakayama,August_Pentad1,24.1,28,22,51
1993,Wakayama,August_Pentad2,24.4,29.6,21,19
1993,Wakayama,August_Pentad3,24.6,29.5,20.2,21
1993,Wakayama,August_Pentad4,25.8,30.2,22.7,32
1993,Wakayama,August_Pentad5,25.5,32.2,21.1,22
1993,Wakayama,August_Pentad6,24.7,32,19.2,1
1993,Wakayama,September_Pentad1,24.1,28.9,20.5,9
1993,Wakayama,September_Pentad2,20.2,22.8,18.6,168
1993,Wakayama,September_Pentad3,21.7,27.6,17.3,57
1993,Wakayama,September_Pentad4,22.7,27.8,18.6,0
1993,Wakayama,September_Pentad5,18.4,21.7,15.8,34
1993,Wakayama,September_Pentad6,18.1,24.2,13,48
1993,Wakayama,October_Pentad1,16.3,20.6,13.2,24
1993,Wakayama,October_Pentad2,16.4,21.4,12.9,54
1993,Wakayama,October_Pentad3,16.6,22.1,11.7,0
1993,Wakayama,October_Pentad4,14.7,19.8,11.3,2
1993,Wakayama,October_Pentad5,12.9,19,8.7,0
1993,Wakayama,October_Pentad6,12.9,18.4,8,14
1993,Wakayama,November_Pentad1,12.8,19.5,7.9,1
1993,Wakayama,November_Pentad2,12.7,17.5,8.4,6
1993,Wakayama,November_Pentad3,15.8,19.5,12.6,56
1993,Wakayama,November_Pentad4,13.8,19.4,9.2,6
1993,Wakayama,November_Pentad5,8.7,12.3,5.7,26
1993,Wakayama,November_Pentad6,8,13.7,2.8,1
1993,Wakayama,December_Pentad1,9.5,13.7,6,10
1993,Wakayama,December_Pentad2,6,12.5,1.3,14
1993,Wakayama,December_Pentad3,6.2,10.2,1.7,19
1993,Wakayama,December_Pentad4,3.6,7.9,0.4,13
1993,Wakayama,December_Pentad5,4.2,8.7,0.8,1
1993,Wakayama,December_Pentad6,5.7,10.8,1.3,15
1994,Wakayama,January_Pentad1,4.1,9.9,-0.6,1
1994,Wakayama,January_Pentad2,3.9,10.5,-1.5,0
1994,Wakayama,January_Pentad3,4,8.3,0.8,4
1994,Wakayama,January_Pentad4,5,10.2,0.4,27
1994,Wakayama,January_Pentad5,1.2,6.6,-2.5,2
1994,Wakayama,January_Pentad6,2.5,7.6,-1.7,8
1994,Wakayama,February_Pentad1,3.7,7.3,0.9,3
1994,Wakayama,February_Pentad2,4.8,9.8,0.6,12
1994,Wakayama,February_Pentad3,1.7,4.8,-1,13
1994,Wakayama,February_Pentad4,4.8,11.9,-0.5,0
1994,Wakayama,February_Pentad5,4.3,6.8,1.3,16
1994,Wakayama,February_Pentad6,3.9,8.6,-0.1,0
1994,Wakayama,March_Pentad1,4.3,10.9,-1.2,2
1994,Wakayama,March_Pentad2,7.6,11.9,3.1,68
1994,Wakayama,March_Pentad3,3.9,8.6,-0.4,9
1994,Wakayama,March_Pentad4,6.4,13.1,0.8,1
1994,Wakayama,March_Pentad5,6.5,11.2,2.4,7
1994,Wakayama,March_Pentad6,7.2,14.4,0.3,0
1994,Wakayama,April_Pentad1,12.8,21.1,5.9,16
1994,Wakayama,April_Pentad2,11.5,17,6.5,5
1994,Wakayama,April_Pentad3,13.4,19.5,6.9,10
1994,Wakayama,April_Pentad4,15.2,21.8,9.2,14
1994,Wakayama,April_Pentad5,15.6,21.4,10.9,10
1994,Wakayama,April_Pentad6,16.8,24.4,9.7,3
1994,Wakayama,May_Pentad1,19.9,26.9,13.5,3
1994,Wakayama,May_Pentad2,17.7,25.7,9.7,0
1994,Wakayama,May_Pentad3,18.4,23.3,13.4,28
1994,Wakayama,May_Pentad4,17.3,24,11,0
1994,Wakayama,May_Pentad5,19.6,27.1,12.2,0
1994,Wakayama,May_Pentad6,20,26.9,14.3,15
1994,Wakayama,June_Pentad1,20.9,29.3,13,0
1994,Wakayama,June_Pentad2,21.1,26.5,16.4,15
1994,Wakayama,June_Pentad3,21.7,27.2,17.6,22
1994,Wakayama,June_Pentad4,21.2,26.6,17.3,69
1994,Wakayama,June_Pentad5,20.5,26.2,15.9,2
1994,Wakayama,June_Pentad6,25.7,31.5,21.2,1
1994,Wakayama,July_Pentad1,27.9,33.8,22.7,0
1994,Wakayama,July_Pentad2,27.3,33,23.2,15
1994,Wakayama,July_Pentad3,28.9,35,23.1,0
1994,Wakayama,July_Pentad4,27.9,35.2,22,0
1994,Wakayama,July_Pentad5,26.7,32.7,22,14
1994,Wakayama,July_Pentad6,27.4,33.8,22.5,6
1994,Wakayama,August_Pentad1,29.6,36.5,24.1,0
1994,Wakayama,August_Pentad2,29.1,38.1,22.9,0
1994,Wakayama,August_Pentad3,28,33.8,22.9,1
1994,Wakayama,August_Pentad4,26.2,34.2,20.8,0
1994,Wakayama,August_Pentad5,24.8,31.2,20.4,12
1994,Wakayama,August_Pentad6,27.3,34.9,21.5,3
1994,Wakayama,September_Pentad1,26.1,33.7,20.4,5
1994,Wakayama,September_Pentad2,26.4,33.9,20.8,3
1994,Wakayama,September_Pentad3,23.8,29.8,18.1,0
1994,Wakayama,September_Pentad4,21.3,26.9,17.5,55
1994,Wakayama,September_Pentad5,21.6,27.6,17,0
1994,Wakayama,September_Pentad6,21.6,25.7,18.2,64
1994,Wakayama,October_Pentad1,20,25.6,15.1,0
1994,Wakayama,October_Pentad2,18.9,24.7,14.3,3
1994,Wakayama,October_Pentad3,20.6,27.2,15.5,1
1994,Wakayama,October_Pentad4,17.3,23.5,11.7,13
1994,Wakayama,October_Pentad5,14.3,19.7,9.9,13
1994,Wakayama,October_Pentad6,15.2,20,11,7
1994,Wakayama,November_Pentad1,13.2,18.9,7.7,23
1994,Wakayama,November_Pentad2,13.7,19.3,9.3,3
1994,Wakayama,November_Pentad3,13.3,18.6,9.7,2
1994,Wakayama,November_Pentad4,13.4,18.1,9.5,7
1994,Wakayama,November_Pentad5,8.6,14.1,3.9,4
1994,Wakayama,November_Pentad6,7.8,14,2.9,0
1994,Wakayama,December_Pentad1,9.4,14,4.9,1
1994,Wakayama,December_Pentad2,8.7,14.8,3.3,9
1994,Wakayama,December_Pentad3,7.3,10.4,3.9,23
1994,Wakayama,December_Pentad4,2.9,7.3,-1.1,0
1994,Wakayama,December_Pentad5,5.7,12.2,0.3,0
1994,Wakayama,December_Pentad6,6,10.2,2,9
1995,Wakayama,January_Pentad1,4.2,7.5,0,45
1995,Wakayama,January_Pentad2,5.1,10,0.9,2
1995,Wakayama,January_Pentad3,2.9,6.2,0.4,0
1995,Wakayama,January_Pentad4,2.8,7.9,-2.3,0
1995,Wakayama,January_Pentad5,6.6,10.5,2.8,18
1995,Wakayama,January_Pentad6,2.4,6.2,-0.6,0
1995,Wakayama,February_Pentad1,1.6,6.1,-1.9,0
1995,Wakayama,February_Pentad2,3.8,8.6,-0.6,2
1995,Wakayama,February_Pentad3,5.6,11.9,0.4,13
1995,Wakayama,February_Pentad4,3.1,8.3,-1.4,0
1995,Wakayama,February_Pentad5,3.1,9.3,-2.1,0
1995,Wakayama,February_Pentad6,4.6,11.3,-0.2,3
1995,Wakayama,March_Pentad1,3.8,8.5,-0.1,9
1995,Wakayama,March_Pentad2,6.6,13.5,0.9,5
1995,Wakayama,March_Pentad3,6.7,11.8,2.5,5
1995,Wakayama,March_Pentad4,8.2,13.5,3.3,4
1995,Wakayama,March_Pentad5,11.4,17.8,5.6,4
1995,Wakayama,March_Pentad6,8.5,14.7,3.4,20
1995,Wakayama,April_Pentad1,8,14.7,1.1,0
1995,Wakayama,April_Pentad2,12.6,18.7,6.5,36
1995,Wakayama,April_Pentad3,11.1,16.2,6,7
1995,Wakayama,April_Pentad4,13.4,19,8.1,19
1995,Wakayama,April_Pentad5,15.1,20.4,8.8,45
1995,Wakayama,April_Pentad6,15.4,20.6,10.7,20
1995,Wakayama,May_Pentad1,16.7,22,13,100
1995,Wakayama,May_Pentad2,17.6,25.9,9.8,0
1995,Wakayama,May_Pentad3,14.9,17.4,12.9,228
1995,Wakayama,May_Pentad4,16.6,23.5,10.8,7
1995,Wakayama,May_Pentad5,17.2,22.9,11.4,39
1995,Wakayama,May_Pentad6,18.5,24.8,12.9,6
1995,Wakayama,June_Pentad1,19.3,25.3,13.9,25
1995,Wakayama,June_Pentad2,18.8,23.4,14.6,18
1995,Wakayama,June_Pentad3,19.3,23.9,15.8,19
1995,Wakayama,June_Pentad4,20.4,25,16.5,5
1995,Wakayama,June_Pentad5,21.5,26.7,17.4,10
1995,Wakayama,June_Pentad6,22.4,28.1,18.3,5
1995,Wakayama,July_Pentad1,22.9,25.8,20.5,279
1995,Wakayama,July_Pentad2,25.1,30.5,20.8,1
1995,Wakayama,July_Pentad3,26.3,30.7,22.8,6
1995,Wakayama,July_Pentad4,25.4,30.5,21,14
1995,Wakayama,July_Pentad5,26.7,31.7,22.8,90
1995,Wakayama,July_Pentad6,27.9,34.9,22.6,0
1995,Wakayama,August_Pentad1,28.9,36,23,0
1995,Wakayama,August_Pentad2,28.3,35.1,22.4,0
1995,Wakayama,August_Pentad3,27.1,34.2,21.4,0
1995,Wakayama,August_Pentad4,28.7,36,22.6,0
1995,Wakayama,August_Pentad5,28.5,36.5,22.3,0
1995,Wakayama,August_Pentad6,27.2,34,21.8,5
1995,Wakayama,September_Pentad1,24.4,30.2,19.4,7
1995,Wakayama,September_Pentad2,23,28,18.9,0
1995,Wakayama,September_Pentad3,22.2,27.9,17,2
1995,Wakayama,September_Pentad4,18.2,23.1,13,16
1995,Wakayama,September_Pentad5,22.3,28.5,17.6,0
1995,Wakayama,September_Pentad6,20.6,26,16.6,0
1995,Wakayama,October_Pentad1,20.2,25.6,16,30
1995,Wakayama,October_Pentad2,15.2,20.4,10.2,10
1995,Wakayama,October_Pentad3,17.9,25.7,11.2,0
1995,Wakayama,October_Pentad4,17.7,24.6,11.9,0
1995,Wakayama,October_Pentad5,16.2,23.2,10.2,55
1995,Wakayama,October_Pentad6,14.3,21,9.2,0
1995,Wakayama,November_Pentad1,11,16.9,6.2,0
1995,Wakayama,November_Pentad2,10.7,16.7,5.7,6
1995,Wakayama,November_Pentad3,9.8,16.1,4.4,26
1995,Wakayama,November_Pentad4,9.2,16.2,3,21
1995,Wakayama,November_Pentad5,6.9,11.3,2.6,3
1995,Wakayama,November_Pentad6,6.6,11.1,1.8,1
1995,Wakayama,December_Pentad1,6,10.3,3,3
1995,Wakayama,December_Pentad2,3.6,8.3,0,3
1995,Wakayama,December_Pentad3,6.6,12.3,1.5,0
1995,Wakayama,December_Pentad4,4.1,9.5,-0.2,0
1995,Wakayama,December_Pentad5,3.2,8,0,2
1995,Wakayama,December_Pentad6,2,6.4,-1.5,5
1996,Wakayama,January_Pentad1,3.6,9.9,-1.6,0
1996,Wakayama,January_Pentad2,4.1,8.6,0.3,17
1996,Wakayama,January_Pentad3,6.1,12,0.7,14
1996,Wakayama,January_Pentad4,4.9,8,1.8,4
1996,Wakayama,January_Pentad5,2.8,6.3,0.2,11
1996,Wakayama,January_Pentad6,1.6,6.1,-2.4,0
1996,Wakayama,February_Pentad1,1.5,6.1,-2.6,1
1996,Wakayama,February_Pentad2,1.6,6.1,-2.2,0
1996,Wakayama,February_Pentad3,7.7,15,1,5
1996,Wakayama,February_Pentad4,1.6,5.3,-1.5,13
1996,Wakayama,February_Pentad5,1.5,6.9,-2.8,13
1996,Wakayama,February_Pentad6,4.8,10.7,0.3,7
1996,Wakayama,March_Pentad1,3.6,7.9,-1,33
1996,Wakayama,March_Pentad2,4.3,9.6,-0.4,2
1996,Wakayama,March_Pentad3,5.9,12.5,1,32
1996,Wakayama,March_Pentad4,8.4,14,2.5,15
1996,Wakayama,March_Pentad5,8.1,12.5,3.2,31
1996,Wakayama,March_Pentad6,10.7,16.4,5.9,25
1996,Wakayama,April_Pentad1,6.2,11.2,0.5,0
1996,Wakayama,April_Pentad2,10,16.1,4.3,21
1996,Wakayama,April_Pentad3,6.9,12.5,1.3,27
1996,Wakayama,April_Pentad4,10.8,14.8,5.7,16
1996,Wakayama,April_Pentad5,11.5,19.8,3.7,0
1996,Wakayama,April_Pentad6,17.1,24.7,10.3,0
1996,Wakayama,May_Pentad1,16.4,21.7,11.5,30
1996,Wakayama,May_Pentad2,13.8,19.6,8.1,15
1996,Wakayama,May_Pentad3,16.5,22.9,9.4,0
1996,Wakayama,May_Pentad4,18.4,26.1,12,6
1996,Wakayama,May_Pentad5,18.7,25.8,12.4,15
1996,Wakayama,May_Pentad6,20.2,26.3,15.6,2
1996,Wakayama,June_Pentad1,21.5,27.5,16,1
1996,Wakayama,June_Pentad2,19,24.2,14.5,22
1996,Wakayama,June_Pentad3,22.4,27,19.3,15
1996,Wakayama,June_Pentad4,22.6,28.1,18.1,137
1996,Wakayama,June_Pentad5,23.1,27,19.6,35
1996,Wakayama,June_Pentad6,24.6,28.3,21.7,28
1996,Wakayama,July_Pentad1,24.3,29.2,20.1,10
1996,Wakayama,July_Pentad2,21.2,24.7,18.2,57
1996,Wakayama,July_Pentad3,25.6,32,19.6,0
1996,Wakayama,July_Pentad4,26.9,32.4,22.1,68
1996,Wakayama,July_Pentad5,27.2,33.1,22.3,0
1996,Wakayama,July_Pentad6,27.6,34.4,21.9,0
1996,Wakayama,August_Pentad1,28,34.1,23,0
1996,Wakayama,August_Pentad2,26.2,33.2,20.6,0
1996,Wakayama,August_Pentad3,26.6,33.5,21.7,38
1996,Wakayama,August_Pentad4,26.1,32.7,20.9,0
1996,Wakayama,August_Pentad5,25.5,31.8,20.6,2
1996,Wakayama,August_Pentad6,24.4,30.4,21,21
1996,Wakayama,September_Pentad1,23.7,30.1,18.3,2
1996,Wakayama,September_Pentad2,23.2,29.3,18.8,38
1996,Wakayama,September_Pentad3,20.6,26.1,16.3,22
1996,Wakayama,September_Pentad4,21.6,28.1,16.7,20
1996,Wakayama,September_Pentad5,19.4,23.4,16.2,3
1996,Wakayama,September_Pentad6,17.2,21.4,13.6,54
1996,Wakayama,October_Pentad1,17.3,22.3,14,8
1996,Wakayama,October_Pentad2,16.9,22.4,12.3,16
1996,Wakayama,October_Pentad3,17.4,22.1,13.9,29
1996,Wakayama,October_Pentad4,14,19.5,8.3,0
1996,Wakayama,October_Pentad5,15,22.6,9.4,0
1996,Wakayama,October_Pentad6,13.4,19.1,8.4,9
1996,Wakayama,November_Pentad1,16.7,21.3,12.3,18
1996,Wakayama,November_Pentad2,14.5,18.8,10.1,2
1996,Wakayama,November_Pentad3,10.1,14.2,6,25
1996,Wakayama,November_Pentad4,8.4,13.2,3.7,15
1996,Wakayama,November_Pentad5,9.4,16.4,4,0
1996,Wakayama,November_Pentad6,7.6,11.6,3.5,23
1996,Wakayama,December_Pentad1,5.6,11,1.5,39
1996,Wakayama,December_Pentad2,4.5,8.9,0.9,17
1996,Wakayama,December_Pentad3,6.7,13.4,2.4,0
1996,Wakayama,December_Pentad4,7.9,10.9,4.4,21
1996,Wakayama,December_Pentad5,5.1,11.7,-0.8,2
1996,Wakayama,December_Pentad6,5.6,13.7,0,0
1997,Wakayama,January_Pentad1,5,9.2,0.6,6
1997,Wakayama,January_Pentad2,3,6.2,-0.2,1
1997,Wakayama,January_Pentad3,3.4,9.1,-1.9,0
1997,Wakayama,January_Pentad4,3.8,10.9,-1.4,0
1997,Wakayama,January_Pentad5,1.6,4.6,-1.2,22
1997,Wakayama,January_Pentad6,3,7.2,-0.4,0
1997,Wakayama,February_Pentad1,2,6.1,-1,18
1997,Wakayama,February_Pentad2,4.7,10.6,0.1,0
1997,Wakayama,February_Pentad3,2.5,7.7,-1.7,11
1997,Wakayama,February_Pentad4,3.8,8.3,0.5,10
1997,Wakayama,February_Pentad5,3.7,9.9,-1.7,1
1997,Wakayama,February_Pentad6,7.9,14.6,0.2,2
1997,Wakayama,March_Pentad1,6.3,13,-0.2,6
1997,Wakayama,March_Pentad2,10.1,16.9,2.8,4
1997,Wakayama,March_Pentad3,9.3,13.6,4,23
1997,Wakayama,March_Pentad4,7,11.7,2.5,9
1997,Wakayama,March_Pentad5,7.3,13,2,19
1997,Wakayama,March_Pentad6,9.7,15.3,3,27
1997,Wakayama,April_Pentad1,13.8,18.9,9,54
1997,Wakayama,April_Pentad2,12.7,17.3,8.6,42
1997,Wakayama,April_Pentad3,12.3,19.3,5,0
1997,Wakayama,April_Pentad4,12.8,20.4,5.1,8
1997,Wakayama,April_Pentad5,12.9,18.4,7,3
1997,Wakayama,April_Pentad6,16.4,23.3,9.7,16
1997,Wakayama,May_Pentad1,19.2,25.5,13.8,60
1997,Wakayama,May_Pentad2,18.9,25.3,11.9,51
1997,Wakayama,May_Pentad3,19,24.6,14.1,45
1997,Wakayama,May_Pentad4,18.7,25.6,13.3,22
1997,Wakayama,May_Pentad5,15.2,20.5,10.2,9
1997,Wakayama,May_Pentad6,17.2,24.4,11.6,3
1997,Wakayama,June_Pentad1,20.9,26.6,16.1,0
1997,Wakayama,June_Pentad2,20.3,26,15.1,17
1997,Wakayama,June_Pentad3,20.5,25.8,15.7,6
1997,Wakayama,June_Pentad4,20.9,25.9,17.4,28
1997,Wakayama,June_Pentad5,22.9,27.9,19,23
1997,Wakayama,June_Pentad6,23.8,29.2,18.1,16
1997,Wakayama,July_Pentad1,25.6,30.5,20.5,15
1997,Wakayama,July_Pentad2,26.1,29.1,23.2,16
1997,Wakayama,July_Pentad3,24.5,28.5,21.4,47
1997,Wakayama,July_Pentad4,23.7,28.8,18.6,30
1997,Wakayama,July_Pentad5,25.1,31.6,19.5,2
1997,Wakayama,July_Pentad6,23.8,26.5,22.2,98
1997,Wakayama,August_Pentad1,25.9,31.6,22.1,65
1997,Wakayama,August_Pentad2,26.9,31,23.9,14
1997,Wakayama,August_Pentad3,27.4,33.2,23,0
1997,Wakayama,August_Pentad4,26,33,20.5,0
1997,Wakayama,August_Pentad5,26,32.9,20.4,0
1997,Wakayama,August_Pentad6,25.2,33.3,18.6,0
1997,Wakayama,September_Pentad1,25.9,33.2,19.9,0
1997,Wakayama,September_Pentad2,24.4,29.6,21.2,87
1997,Wakayama,September_Pentad3,23.3,28.7,19.3,12
1997,Wakayama,September_Pentad4,22.7,26.9,18.5,12
1997,Wakayama,September_Pentad5,19.1,23.7,15.4,16
1997,Wakayama,September_Pentad6,17.2,22.7,13.4,8
1997,Wakayama,October_Pentad1,17.4,22.8,13.5,36
1997,Wakayama,October_Pentad2,16.1,22.6,10.8,0
1997,Wakayama,October_Pentad3,14.6,21.1,9.4,10
1997,Wakayama,October_Pentad4,15.3,23.8,10.1,0
1997,Wakayama,October_Pentad5,17.7,25.7,12,0
1997,Wakayama,October_Pentad6,10.9,16.7,6,1
1997,Wakayama,November_Pentad1,9.8,17.9,3.7,2
1997,Wakayama,November_Pentad2,9.5,16.9,3.4,0
1997,Wakayama,November_Pentad3,14.8,19.3,11.2,13
1997,Wakayama,November_Pentad4,10.9,15.4,6.9,29
1997,Wakayama,November_Pentad5,10.7,16.3,5.4,17
1997,Wakayama,November_Pentad6,14.5,18.1,9.6,77
1997,Wakayama,December_Pentad1,4.8,10.5,0.1,4
1997,Wakayama,December_Pentad2,9.2,14,4,18
1997,Wakayama,December_Pentad3,5,10.3,-0.2,0
1997,Wakayama,December_Pentad4,7.9,12.3,4.5,5
1997,Wakayama,December_Pentad5,6.1,9.8,2.5,0
1997,Wakayama,December_Pentad6,6.4,10.8,3,16
1998,Wakayama,January_Pentad1,4.7,9.6,0.8,25
1998,Wakayama,January_Pentad2,3.8,8.5,0,10
1998,Wakayama,January_Pentad3,3.3,6.3,1,53
1998,Wakayama,January_Pentad4,4.6,8.4,1,24
1998,Wakayama,January_Pentad5,1.4,5.1,-1.7,9
1998,Wakayama,January_Pentad6,2.8,8,-1.4,0
1998,Wakayama,February_Pentad1,2.4,6.3,-1.7,2
1998,Wakayama,February_Pentad2,2.6,8.5,-2.1,10
1998,Wakayama,February_Pentad3,8.6,15.8,2.9,12
1998,Wakayama,February_Pentad4,6.4,11.7,1.9,19
1998,Wakayama,February_Pentad5,8,12.8,3.6,26
1998,Wakayama,February_Pentad6,7.7,13.3,3.4,1
1998,Wakayama,March_Pentad1,6.2,11,1.7,25
1998,Wakayama,March_Pentad2,6.9,12.8,2.3,0
1998,Wakayama,March_Pentad3,8.6,13.2,4,16
1998,Wakayama,March_Pentad4,7.8,14.7,1,22
1998,Wakayama,March_Pentad5,7,12.9,2.4,0
1998,Wakayama,March_Pentad6,13,20.6,6.5,18
1998,Wakayama,April_Pentad1,9.2,15.4,3.1,23
1998,Wakayama,April_Pentad2,14.5,18.7,11.1,55
1998,Wakayama,April_Pentad3,18.6,24.2,13.5,45
1998,Wakayama,April_Pentad4,15.6,22.2,10.4,21
1998,Wakayama,April_Pentad5,19.1,23.8,15.2,45
1998,Wakayama,April_Pentad6,19.2,26.2,13.1,0
1998,Wakayama,May_Pentad1,19.7,24.6,14,55
1998,Wakayama,May_Pentad2,19.9,25.1,15.8,12
1998,Wakayama,May_Pentad3,17.7,22.6,13.4,39
1998,Wakayama,May_Pentad4,19.9,24.9,15.1,121
1998,Wakayama,May_Pentad5,20.5,27.5,14.5,3
1998,Wakayama,May_Pentad6,20.3,25.7,15,57
1998,Wakayama,June_Pentad1,18.7,22.6,15.1,44
1998,Wakayama,June_Pentad2,19.8,25.1,15.9,23
1998,Wakayama,June_Pentad3,20.6,24.4,16.9,38
1998,Wakayama,June_Pentad4,22.2,27.6,17.5,77
1998,Wakayama,June_Pentad5,21.4,24.5,19.4,84
1998,Wakayama,June_Pentad6,25.9,30.9,21.4,3
1998,Wakayama,July_Pentad1,27.5,33.5,22.4,1
1998,Wakayama,July_Pentad2,27.5,33.6,22,0
1998,Wakayama,July_Pentad3,24,28.4,20.1,48
1998,Wakayama,July_Pentad4,23.1,27.3,19.5,64
1998,Wakayama,July_Pentad5,25.1,31.2,21.1,0
1998,Wakayama,July_Pentad6,26,31.7,22.4,25
1998,Wakayama,August_Pentad1,28.6,34.1,23.7,0
1998,Wakayama,August_Pentad2,26.2,31.5,22.9,43
1998,Wakayama,August_Pentad3,27.5,32.9,23.1,3
1998,Wakayama,August_Pentad4,27.9,34.3,23.5,14
1998,Wakayama,August_Pentad5,26.2,33.2,21,0
1998,Wakayama,August_Pentad6,26,30.9,23,62
1998,Wakayama,September_Pentad1,23.7,29.7,19,0
1998,Wakayama,September_Pentad2,22.7,28.3,18.6,9
1998,Wakayama,September_Pentad3,24.5,31.1,19.2,12
1998,Wakayama,September_Pentad4,23.2,28.3,18.9,25
1998,Wakayama,September_Pentad5,23,26.4,20.8,166
1998,Wakayama,September_Pentad6,21.6,24.3,19.4,24
1998,Wakayama,October_Pentad1,21.3,27.4,16.4,56
1998,Wakayama,October_Pentad2,19.2,23.6,15.3,23
1998,Wakayama,October_Pentad3,19.9,24.5,16.4,16
1998,Wakayama,October_Pentad4,19.5,23,16.7,94
1998,Wakayama,October_Pentad5,14.6,18.8,11.6,20
1998,Wakayama,October_Pentad6,15.8,21.5,12.1,22
1998,Wakayama,November_Pentad1,15.1,20.3,10.4,0
1998,Wakayama,November_Pentad2,13.5,18.5,8.8,2
1998,Wakayama,November_Pentad3,12,19,6.6,0
1998,Wakayama,November_Pentad4,9.9,14.4,4.3,1
1998,Wakayama,November_Pentad5,8.4,13.5,3.5,0
1998,Wakayama,November_Pentad6,9.1,14.5,3.9,11
1998,Wakayama,December_Pentad1,9,12.7,6.3,38
1998,Wakayama,December_Pentad2,6.9,11.3,2.8,4
1998,Wakayama,December_Pentad3,6.3,12.4,1.6,0
1998,Wakayama,December_Pentad4,7.9,14.4,3.2,0
1998,Wakayama,December_Pentad5,6.1,12,1.8,0
1998,Wakayama,December_Pentad6,5.5,11.3,1.4,3
1999,Wakayama,January_Pentad1,4.5,9.8,0.6,1
1999,Wakayama,January_Pentad2,3.5,6.9,0,0
1999,Wakayama,January_Pentad3,4,6.9,2.2,3
1999,Wakayama,January_Pentad4,4.8,10.4,0.1,4
1999,Wakayama,January_Pentad5,4.8,10.4,0.5,9
1999,Wakayama,January_Pentad6,4.5,10.3,-0.7,0
1999,Wakayama,February_Pentad1,1.7,6,-2.3,1
1999,Wakayama,February_Pentad2,4.1,10.7,-1.2,0
1999,Wakayama,February_Pentad3,1.7,5.5,-1.6,16
1999,Wakayama,February_Pentad4,4.3,10.6,-0.8,5
1999,Wakayama,February_Pentad5,4.6,10.4,-0.2,7
1999,Wakayama,February_Pentad6,6.2,11.9,-0.2,7
1999,Wakayama,March_Pentad1,9.6,17.2,3.2,0
1999,Wakayama,March_Pentad2,7.1,10.9,3.8,18
1999,Wakayama,March_Pentad3,8.6,13.8,3.9,13
1999,Wakayama,March_Pentad4,11,16.3,5.2,23
1999,Wakayama,March_Pentad5,7.2,10.9,3.6,16
1999,Wakayama,March_Pentad6,8.6,12.8,4.4,30
1999,Wakayama,April_Pentad1,10.5,17.3,4.3,3
1999,Wakayama,April_Pentad2,9.5,15.4,3.8,46
1999,Wakayama,April_Pentad3,13.3,18.6,8.2,1
1999,Wakayama,April_Pentad4,13.8,19.1,9.5,42
1999,Wakayama,April_Pentad5,15.4,19.8,11.3,6
1999,Wakayama,April_Pentad6,13.7,19.7,8.4,0
1999,Wakayama,May_Pentad1,16,21.6,9.9,73
1999,Wakayama,May_Pentad2,17.9,25.2,11,0
1999,Wakayama,May_Pentad3,18.9,26,11.5,0
1999,Wakayama,May_Pentad4,19.5,25.4,14.4,2
1999,Wakayama,May_Pentad5,19.2,25.1,13.9,36
1999,Wakayama,May_Pentad6,18.3,24.5,13.4,64
1999,Wakayama,June_Pentad1,21.2,26.9,16.2,0
1999,Wakayama,June_Pentad2,20.2,25.4,14.9,50
1999,Wakayama,June_Pentad3,22.6,28.4,17.2,0
1999,Wakayama,June_Pentad4,23.1,28.2,19.3,79
1999,Wakayama,June_Pentad5,21.9,25.5,18.5,135
1999,Wakayama,June_Pentad6,21.8,25.2,19.6,129
1999,Wakayama,July_Pentad1,22.4,26.5,18.9,57
1999,Wakayama,July_Pentad2,23,29.1,17.5,0
1999,Wakayama,July_Pentad3,24.3,29.1,20.6,0
1999,Wakayama,July_Pentad4,24.9,29.2,22,10
1999,Wakayama,July_Pentad5,27.3,33.3,22.4,19
1999,Wakayama,July_Pentad6,25.7,30.8,21.8,5
1999,Wakayama,August_Pentad1,27.4,33.1,22.2,2
1999,Wakayama,August_Pentad2,26.6,31.5,22.5,76
1999,Wakayama,August_Pentad3,25.5,30,22.4,184
1999,Wakayama,August_Pentad4,26.4,32.1,22.6,0
1999,Wakayama,August_Pentad5,25.8,31.8,21.1,3
1999,Wakayama,August_Pentad6,26.4,32.4,21.3,2
1999,Wakayama,September_Pentad1,24.2,30.5,20,27
1999,Wakayama,September_Pentad2,25.3,31.5,21,8
1999,Wakayama,September_Pentad3,25.5,30.3,21.9,34
1999,Wakayama,September_Pentad4,24.5,29.6,21,72
1999,Wakayama,September_Pentad5,25,29.5,22.2,57
1999,Wakayama,September_Pentad6,22.7,28.7,17.3,0
1999,Wakayama,October_Pentad1,20.4,27.2,14.9,3
1999,Wakayama,October_Pentad2,19,24.4,14.5,34
1999,Wakayama,October_Pentad3,22.1,27,17.9,1
1999,Wakayama,October_Pentad4,14.2,18.8,10,17
1999,Wakayama,October_Pentad5,13.2,20.7,7.5,0
1999,Wakayama,October_Pentad6,15.1,20.9,10.7,61
1999,Wakayama,November_Pentad1,12.5,17.5,8.8,18
1999,Wakayama,November_Pentad2,13,19.6,8.8,0
1999,Wakayama,November_Pentad3,13.9,19.2,8.8,35
1999,Wakayama,November_Pentad4,8.4,14.6,4.1,0
1999,Wakayama,November_Pentad5,12,17,8.1,20
1999,Wakayama,November_Pentad6,7.5,11.8,3.8,0
1999,Wakayama,December_Pentad1,7.8,12.1,3.5,5
1999,Wakayama,December_Pentad2,6.9,12.6,2.2,1
1999,Wakayama,December_Pentad3,6.6,11.8,2.7,0
1999,Wakayama,December_Pentad4,4.8,8.4,1.6,0
1999,Wakayama,December_Pentad5,2.7,7.6,-0.9,2
1999,Wakayama,December_Pentad6,4.6,11.6,0,0
2000,Wakayama,January_Pentad1,5.2,11.1,0.3,0
2000,Wakayama,January_Pentad2,7.3,12.2,2.4,9
2000,Wakayama,January_Pentad3,6.5,10.5,2.4,11
2000,Wakayama,January_Pentad4,4.2,8.3,0.4,10
2000,Wakayama,January_Pentad5,3.4,6.2,0.8,17
2000,Wakayama,January_Pentad6,1.4,5.9,-2.3,2
2000,Wakayama,February_Pentad1,2.9,8,-1.5,1
2000,Wakayama,February_Pentad2,2.8,6.4,0.1,20
2000,Wakayama,February_Pentad3,4.2,9.7,-0.2,3
2000,Wakayama,February_Pentad4,2.3,5.6,-0.5,8
2000,Wakayama,February_Pentad5,1.9,6,-1,0
2000,Wakayama,February_Pentad6,1.1,4.8,-2.3,6
2000,Wakayama,March_Pentad1,6.8,13.3,1,30
2000,Wakayama,March_Pentad2,4.7,10.2,-0.2,0
2000,Wakayama,March_Pentad3,5,12.1,-0.2,15
2000,Wakayama,March_Pentad4,6.9,12.1,1.8,18
2000,Wakayama,March_Pentad5,7.2,12.6,0.8,17
2000,Wakayama,March_Pentad6,8.8,15,2.9,25
2000,Wakayama,April_Pentad1,10.2,15.5,5.1,2
2000,Wakayama,April_Pentad2,12.4,18.7,5.6,12
2000,Wakayama,April_Pentad3,12.1,18.7,5.7,16
2000,Wakayama,April_Pentad4,12.3,18.3,6.5,33
2000,Wakayama,April_Pentad5,14.2,20,7.6,14
2000,Wakayama,April_Pentad6,13,17.8,8,11
2000,Wakayama,May_Pentad1,15.9,23.2,9.8,1
2000,Wakayama,May_Pentad2,19.1,27.3,12.3,0
2000,Wakayama,May_Pentad3,18.3,24.2,14.3,13
2000,Wakayama,May_Pentad4,16.6,21.4,13.2,49
2000,Wakayama,May_Pentad5,20.5,27.6,13.6,0
2000,Wakayama,May_Pentad6,20.3,25.2,15.6,63
2000,Wakayama,June_Pentad1,19.4,24.7,15,3
2000,Wakayama,June_Pentad2,20.2,26,15.2,84
2000,Wakayama,June_Pentad3,18.8,23.3,15.2,30
2000,Wakayama,June_Pentad4,22.1,27.1,18,43
2000,Wakayama,June_Pentad5,23.5,27.6,20.7,15
2000,Wakayama,June_Pentad6,23.9,28.1,20.3,86
2000,Wakayama,July_Pentad1,26,31.9,20.6,9
2000,Wakayama,July_Pentad2,24,29.4,18.9,3
2000,Wakayama,July_Pentad3,25.5,30.3,21.7,6
2000,Wakayama,July_Pentad4,27.4,33.4,22.5,0
2000,Wakayama,July_Pentad5,27.9,33.2,23.6,69
2000,Wakayama,July_Pentad6,26,31.3,22.1,0
2000,Wakayama,August_Pentad1,26.1,32.5,21.7,16
2000,Wakayama,August_Pentad2,26.4,34.2,21.3,0
2000,Wakayama,August_Pentad3,27.2,32.1,22.6,0
2000,Wakayama,August_Pentad4,25.3,32.6,21.3,64
2000,Wakayama,August_Pentad5,27.2,33.6,21.7,0
2000,Wakayama,August_Pentad6,25.7,31.6,21.1,12
2000,Wakayama,September_Pentad1,25,30,20.1,1
2000,Wakayama,September_Pentad2,25.3,32.1,20.2,2
2000,Wakayama,September_Pentad3,24.3,28.6,21.5,204
2000,Wakayama,September_Pentad4,22.2,28.8,17.5,6
2000,Wakayama,September_Pentad5,21.3,26.4,17.3,30
2000,Wakayama,September_Pentad6,18.2,23.4,13.7,8
2000,Wakayama,October_Pentad1,19.5,24.9,15.9,21
2000,Wakayama,October_Pentad2,18.8,24.6,14.9,33
2000,Wakayama,October_Pentad3,17.9,22.5,14,0
2000,Wakayama,October_Pentad4,15.5,21,10.7,22
2000,Wakayama,October_Pentad5,17.9,21.6,14.4,19
2000,Wakayama,October_Pentad6,13.8,17.3,9.7,23
2000,Wakayama,November_Pentad1,17.4,22.3,13.9,59
2000,Wakayama,November_Pentad2,13.3,18.2,9.8,3
2000,Wakayama,November_Pentad3,12.1,16.2,8.1,12
2000,Wakayama,November_Pentad4,11.7,15.3,7.7,28
2000,Wakayama,November_Pentad5,8.8,14.7,3.7,6
2000,Wakayama,November_Pentad6,9.2,15,4.3,0
2000,Wakayama,December_Pentad1,6.7,11.6,1.9,3
2000,Wakayama,December_Pentad2,6.7,13,2,1
2000,Wakayama,December_Pentad3,4.2,8.5,0.7,0
2000,Wakayama,December_Pentad4,8.2,12.2,4.7,31
2000,Wakayama,December_Pentad5,6,11.6,0.9,1
2000,Wakayama,December_Pentad6,3.8,7.6,0.5,0
2001,Wakayama,January_Pentad1,3.3,5.9,0,3
2001,Wakayama,January_Pentad2,4.7,9,0.3,24
2001,Wakayama,January_Pentad3,1.5,4.1,-0.9,2
2001,Wakayama,January_Pentad4,1,4,-2.2,5
2001,Wakayama,January_Pentad5,3.1,7.5,-0.8,29
2001,Wakayama,January_Pentad6,3.4,7.1,0.2,29
2001,Wakayama,February_Pentad1,3.3,7.7,-0.4,19
2001,Wakayama,February_Pentad2,3.6,7.3,0.4,16
2001,Wakayama,February_Pentad3,2.3,6.5,-1,0
2001,Wakayama,February_Pentad4,4.4,10.5,-1.1,1
2001,Wakayama,February_Pentad5,7.8,14.1,2.5,17
2001,Wakayama,February_Pentad6,4.9,12.2,-1,13
2001,Wakayama,March_Pentad1,5.6,9.6,0.9,48
2001,Wakayama,March_Pentad2,4.4,9.1,-0.1,13
2001,Wakayama,March_Pentad3,6,12.1,-0.5,1
2001,Wakayama,March_Pentad4,9.1,15.6,3.1,9
2001,Wakayama,March_Pentad5,13,19.5,6.8,8
2001,Wakayama,March_Pentad6,8.7,13.9,3.6,17
2001,Wakayama,April_Pentad1,8.9,16,2,0
2001,Wakayama,April_Pentad2,15.8,23.2,8.9,0
2001,Wakayama,April_Pentad3,13.2,19.7,6.7,8
2001,Wakayama,April_Pentad4,15.7,23,9.6,0
2001,Wakayama,April_Pentad5,11.9,16.9,6.5,21
2001,Wakayama,April_Pentad6,13.9,20,7.9,6
2001,Wakayama,May_Pentad1,15.7,20.3,11.3,11
2001,Wakayama,May_Pentad2,19,24.7,14.7,12
2001,Wakayama,May_Pentad3,18,25.3,10.7,0
2001,Wakayama,May_Pentad4,20,27.3,12.6,0
2001,Wakayama,May_Pentad5,19.3,22.7,16.4,49
2001,Wakayama,May_Pentad6,19.6,24.7,14.7,10
2001,Wakayama,June_Pentad1,20,25.9,14.2,3
2001,Wakayama,June_Pentad2,22,27.5,18.2,29
2001,Wakayama,June_Pentad3,20.3,24.8,15.9,58
2001,Wakayama,June_Pentad4,22.6,27.8,18.3,126
2001,Wakayama,June_Pentad5,22.5,24.9,19.9,18
2001,Wakayama,June_Pentad6,26.5,30.9,22.6,0
2001,Wakayama,July_Pentad1,27.3,33.5,22,1
2001,Wakayama,July_Pentad2,24.4,29.1,20.6,29
2001,Wakayama,July_Pentad3,27.4,33,22.9,11
2001,Wakayama,July_Pentad4,25,30.7,21.6,19
2001,Wakayama,July_Pentad5,28.5,34.9,23.4,0
2001,Wakayama,July_Pentad6,27.2,33,22.3,0
2001,Wakayama,August_Pentad1,28.7,35.2,24,21
2001,Wakayama,August_Pentad2,27.6,34,22.8,2
2001,Wakayama,August_Pentad3,27.1,33.6,22.6,0
2001,Wakayama,August_Pentad4,26.1,30.6,22.6,10
2001,Wakayama,August_Pentad5,25,30.4,20.5,92
2001,Wakayama,August_Pentad6,23.3,28.1,19.3,16
2001,Wakayama,September_Pentad1,21.5,25.7,18,11
2001,Wakayama,September_Pentad2,24.5,28.1,21.7,114
2001,Wakayama,September_Pentad3,23.8,28.4,20.4,3
2001,Wakayama,September_Pentad4,23.1,28.6,18.8,6
2001,Wakayama,September_Pentad5,17.7,24.7,11.7,2
2001,Wakayama,September_Pentad6,19.1,24.5,13.8,15
2001,Wakayama,October_Pentad1,18.7,24,14.5,41
2001,Wakayama,October_Pentad2,19,23.4,14.2,61
2001,Wakayama,October_Pentad3,16.9,23.9,11.4,0
2001,Wakayama,October_Pentad4,14.9,19.9,10.6,51
2001,Wakayama,October_Pentad5,15.7,20.4,11.3,10
2001,Wakayama,October_Pentad6,14.5,20.9,8.9,26
2001,Wakayama,November_Pentad1,12.4,16.6,8.1,42
2001,Wakayama,November_Pentad2,11,15.8,6.7,14
2001,Wakayama,November_Pentad3,9.8,15.2,5.6,6
2001,Wakayama,November_Pentad4,8.6,14.9,4,0
2001,Wakayama,November_Pentad5,9.1,17.9,3.1,0
2001,Wakayama,November_Pentad6,8.6,13.5,4,12
2001,Wakayama,December_Pentad1,8,14,3,8
2001,Wakayama,December_Pentad2,6.4,10,2.7,4
2001,Wakayama,December_Pentad3,5.6,10.2,2.3,13
2001,Wakayama,December_Pentad4,4.4,9.9,0.5,0
2001,Wakayama,December_Pentad5,3.1,7.1,-0.3,13
2001,Wakayama,December_Pentad6,4.1,8.5,0.7,2
2002,Wakayama,January_Pentad1,3.8,7.5,0,3
2002,Wakayama,January_Pentad2,3.5,8.9,-0.8,3
2002,Wakayama,January_Pentad3,7.9,14,3.2,2
2002,Wakayama,January_Pentad4,6.8,10.8,2.8,5
2002,Wakayama,January_Pentad5,3.1,6.2,0.1,23
2002,Wakayama,January_Pentad6,3.5,7.2,0.3,9
2002,Wakayama,February_Pentad1,3.3,8.6,-0.9,25
2002,Wakayama,February_Pentad2,4.8,10.8,-0.3,0
2002,Wakayama,February_Pentad3,2.1,6.6,-1.3,7
2002,Wakayama,February_Pentad4,4.4,9,0.2,5
2002,Wakayama,February_Pentad5,7.1,13.7,1.8,4
2002,Wakayama,February_Pentad6,8.4,11.8,5.1,20
2002,Wakayama,March_Pentad1,7.7,13.8,2.3,11
2002,Wakayama,March_Pentad2,7,12.9,1.2,57
2002,Wakayama,March_Pentad3,10.9,17,4.5,7
2002,Wakayama,March_Pentad4,11,18.3,4.3,0
2002,Wakayama,March_Pentad5,9.2,13.6,4.1,6
2002,Wakayama,March_Pentad6,11.1,17.5,4.3,33
2002,Wakayama,April_Pentad1,13.7,21.6,7.1,0
2002,Wakayama,April_Pentad2,14.3,20.3,8.7,5
2002,Wakayama,April_Pentad3,12.9,20.1,7.1,22
2002,Wakayama,April_Pentad4,15.1,20.8,8.8,13
2002,Wakayama,April_Pentad5,16.9,21.4,13.1,23
2002,Wakayama,April_Pentad6,15.6,21.3,10.8,2
2002,Wakayama,May_Pentad1,18.6,23.9,13.7,27
2002,Wakayama,May_Pentad2,18.2,22.4,14.9,30
2002,Wakayama,May_Pentad3,17.8,23,13,21
2002,Wakayama,May_Pentad4,16.6,20.6,13,15
2002,Wakayama,May_Pentad5,18.7,25.2,12.2,1
2002,Wakayama,May_Pentad6,19.3,26.4,13.1,0
2002,Wakayama,June_Pentad1,22.8,30.3,16.2,0
2002,Wakayama,June_Pentad2,23,30.6,15,0
2002,Wakayama,June_Pentad3,23.1,29,18.5,55
2002,Wakayama,June_Pentad4,21.4,26,17.4,26
2002,Wakayama,June_Pentad5,19.3,22.8,15.9,20
2002,Wakayama,June_Pentad6,19.8,23.3,17.2,22
2002,Wakayama,July_Pentad1,25.9,31.1,21.4,0
2002,Wakayama,July_Pentad2,26.1,30.4,22.5,40
2002,Wakayama,July_Pentad3,26.3,31.1,22.2,24
2002,Wakayama,July_Pentad4,26.4,31,22.8,24
2002,Wakayama,July_Pentad5,27.9,33.3,23.3,0
2002,Wakayama,July_Pentad6,28.3,34.4,23.6,0
2002,Wakayama,August_Pentad1,28.2,34,23.6,0
2002,Wakayama,August_Pentad2,27.9,33.9,22.8,1
2002,Wakayama,August_Pentad3,27.7,33.8,22.4,3
2002,Wakayama,August_Pentad4,26.6,31.3,22.4,5
2002,Wakayama,August_Pentad5,23.1,28.6,18.2,6
2002,Wakayama,August_Pentad6,25.2,30.5,21.1,55
2002,Wakayama,September_Pentad1,26.8,33.4,21.4,0
2002,Wakayama,September_Pentad2,23.2,27.9,19.4,20
2002,Wakayama,September_Pentad3,23.8,29.4,19.7,10
2002,Wakayama,September_Pentad4,21.6,27.4,16.4,20
2002,Wakayama,September_Pentad5,19.8,25.8,13.9,0
2002,Wakayama,September_Pentad6,18.9,22,16.4,32
2002,Wakayama,October_Pentad1,20,26.2,15.5,23
2002,Wakayama,October_Pentad2,17.3,22.2,13.4,28
2002,Wakayama,October_Pentad3,18,25.4,12,0
2002,Wakayama,October_Pentad4,17.2,22.1,13,14
2002,Wakayama,October_Pentad5,14.3,19.6,10.3,10
2002,Wakayama,October_Pentad6,10.6,15.2,6.7,4
2002,Wakayama,November_Pentad1,8.9,12.3,6.3,27
2002,Wakayama,November_Pentad2,8.1,14.1,3.8,18
2002,Wakayama,November_Pentad3,10.1,15.3,4.4,0
2002,Wakayama,November_Pentad4,7.4,13.8,2.1,0
2002,Wakayama,November_Pentad5,9.2,13.8,4.1,18
2002,Wakayama,November_Pentad6,6.6,11.8,2.2,4
2002,Wakayama,December_Pentad1,9.6,14.3,5.9,21
2002,Wakayama,December_Pentad2,5.8,8,3,20
2002,Wakayama,December_Pentad3,3.6,8.6,0,0
2002,Wakayama,December_Pentad4,6.6,11.1,2.1,16
2002,Wakayama,December_Pentad5,6.7,11.6,3,24
2002,Wakayama,December_Pentad6,2.9,8,-1,1
2003,Wakayama,January_Pentad1,2.2,5.3,-1.2,32
2003,Wakayama,January_Pentad2,1.9,8.5,-2.5,0
2003,Wakayama,January_Pentad3,3.5,10.2,-1.5,1
2003,Wakayama,January_Pentad4,3.4,8.9,-1.3,5
2003,Wakayama,January_Pentad5,3.1,6.7,-0.2,20
2003,Wakayama,January_Pentad6,2.4,6.3,-1.1,69
2003,Wakayama,February_Pentad1,1.6,6.1,-2,2
2003,Wakayama,February_Pentad2,5.7,12.1,-0.1,10
2003,Wakayama,February_Pentad3,5,10.8,0.5,7
2003,Wakayama,February_Pentad4,3.8,8.3,0.1,29
2003,Wakayama,February_Pentad5,4.4,8.5,1.1,22
2003,Wakayama,February_Pentad6,5.2,11.4,-0.8,0
2003,Wakayama,March_Pentad1,5,10.6,0.8,51
2003,Wakayama,March_Pentad2,4.9,8.9,1.5,7
2003,Wakayama,March_Pentad3,4.3,9.6,-0.5,6
2003,Wakayama,March_Pentad4,5.5,10.7,0.5,11
2003,Wakayama,March_Pentad5,7.5,14.1,2.2,36
2003,Wakayama,March_Pentad6,10.3,17.6,3.3,0
2003,Wakayama,April_Pentad1,11.2,15.2,8.6,73
2003,Wakayama,April_Pentad2,11.3,18.2,4.8,11
2003,Wakayama,April_Pentad3,12.7,17.5,8.2,11
2003,Wakayama,April_Pentad4,17.2,25.4,10.6,26
2003,Wakayama,April_Pentad5,16.9,22.2,11.5,39
2003,Wakayama,April_Pentad6,16.7,23.3,10.5,48
2003,Wakayama,May_Pentad1,17.6,26.3,10.2,0
2003,Wakayama,May_Pentad2,17,23.4,10,28
2003,Wakayama,May_Pentad3,16.8,20.8,13.5,30
2003,Wakayama,May_Pentad4,17.6,23.5,12.3,7
2003,Wakayama,May_Pentad5,17.4,23.8,12.3,8
2003,Wakayama,May_Pentad6,19.7,26.3,14.1,16
2003,Wakayama,June_Pentad1,18.5,25.4,12.2,1
2003,Wakayama,June_Pentad2,20.6,27.5,14.8,8
2003,Wakayama,June_Pentad3,21.9,27.4,18.1,32
2003,Wakayama,June_Pentad4,22.5,25.5,19.6,41
2003,Wakayama,June_Pentad5,22.7,27.4,19.2,83
2003,Wakayama,June_Pentad6,22.9,28.2,19.4,22
2003,Wakayama,July_Pentad1,21.8,26.3,18.2,50
2003,Wakayama,July_Pentad2,25.3,30.1,21.7,15
2003,Wakayama,July_Pentad3,23.5,27.2,20.8,33
2003,Wakayama,July_Pentad4,22.9,28.2,18.8,12
2003,Wakayama,July_Pentad5,24.2,28.2,21.2,5
2003,Wakayama,July_Pentad6,23.2,29.2,18.8,16
2003,Wakayama,August_Pentad1,26.7,33,21.6,6
2003,Wakayama,August_Pentad2,26.2,31.8,22.3,94
2003,Wakayama,August_Pentad3,23.8,27.1,20.9,92
2003,Wakayama,August_Pentad4,26,31.4,22.4,8
2003,Wakayama,August_Pentad5,27.7,34.2,22.5,0
2003,Wakayama,August_Pentad6,26.5,32,23,90
2003,Wakayama,September_Pentad1,27.4,33.3,22.4,0
2003,Wakayama,September_Pentad2,26.2,32.3,22.2,17
2003,Wakayama,September_Pentad3,24.9,31,21,7
2003,Wakayama,September_Pentad4,23,28.9,17.9,24
2003,Wakayama,September_Pentad5,18.5,21.6,15.7,78
2003,Wakayama,September_Pentad6,18.9,24.2,14.2,0
2003,Wakayama,October_Pentad1,16.8,23.9,10.9,0
2003,Wakayama,October_Pentad2,15.4,20.9,11.3,6
2003,Wakayama,October_Pentad3,17.6,22.2,13.6,51
2003,Wakayama,October_Pentad4,13.5,21,8,0
2003,Wakayama,October_Pentad5,13.2,18.6,9.3,38
2003,Wakayama,October_Pentad6,13.9,20.8,7.7,0
2003,Wakayama,November_Pentad1,16.4,21.7,11.4,37
2003,Wakayama,November_Pentad2,15.4,19.3,13,42
2003,Wakayama,November_Pentad3,11.4,16.2,7.4,4
2003,Wakayama,November_Pentad4,12.2,17.7,7,28
2003,Wakayama,November_Pentad5,10.3,14.5,5.8,58
2003,Wakayama,November_Pentad6,13.2,16.5,10.2,41
2003,Wakayama,December_Pentad1,9.3,14.1,5.5,0
2003,Wakayama,December_Pentad2,7.8,12.7,4.1,3
2003,Wakayama,December_Pentad3,5.2,9.9,1.5,23
2003,Wakayama,December_Pentad4,4.9,8.6,1.3,0
2003,Wakayama,December_Pentad5,5.7,12.8,0.4,0
2003,Wakayama,December_Pentad6,5.4,10.1,1.2,12
2004,Wakayama,January_Pentad1,5.6,11.7,1.2,0
2004,Wakayama,January_Pentad2,4.1,9.7,-0.5,0
2004,Wakayama,January_Pentad3,3.6,7.3,0.7,4
2004,Wakayama,January_Pentad4,2.7,6.4,-0.9,22
2004,Wakayama,January_Pentad5,0.4,3.7,-1.9,0
2004,Wakayama,January_Pentad6,2.9,9.1,-1.2,1
2004,Wakayama,February_Pentad1,4.3,10.1,0.1,3
2004,Wakayama,February_Pentad2,1.7,7.4,-2.5,0
2004,Wakayama,February_Pentad3,5.7,12.7,-0.5,1
2004,Wakayama,February_Pentad4,6.1,14.1,-0.6,0
2004,Wakayama,February_Pentad5,9.1,16.1,2.8,46
2004,Wakayama,February_Pentad6,6.8,13.2,1.2,27
2004,Wakayama,March_Pentad1,4.4,9.4,-0.6,0
2004,Wakayama,March_Pentad2,5.1,11.2,-0.3,4
2004,Wakayama,March_Pentad3,9.4,15.7,2.6,0
2004,Wakayama,March_Pentad4,9.4,16.3,2.4,21
2004,Wakayama,March_Pentad5,7.9,11.8,4.4,31
2004,Wakayama,March_Pentad6,10.9,17.9,4,24
2004,Wakayama,April_Pentad1,10,16,4.3,24
2004,Wakayama,April_Pentad2,12.8,20.8,4.1,7
2004,Wakayama,April_Pentad3,15.8,22.9,9.2,4
2004,Wakayama,April_Pentad4,18,25,10.9,11
2004,Wakayama,April_Pentad5,14.3,22.5,6.8,3
2004,Wakayama,April_Pentad6,14.9,22.1,7.2,14
2004,Wakayama,May_Pentad1,18.1,24.2,12.2,38
2004,Wakayama,May_Pentad2,18.6,25.4,12.4,20
2004,Wakayama,May_Pentad3,19.8,26,13.9,64
2004,Wakayama,May_Pentad4,17.7,21,14.6,120
2004,Wakayama,May_Pentad5,18.5,24.7,13,10
2004,Wakayama,May_Pentad6,22.3,28.6,15.8,8
2004,Wakayama,June_Pentad1,19.4,26.9,12.1,2
2004,Wakayama,June_Pentad2,22.2,26.9,19.2,59
2004,Wakayama,June_Pentad3,20.5,26.3,15.1,17
2004,Wakayama,June_Pentad4,23.6,30.7,17.1,4
2004,Wakayama,June_Pentad5,23.9,28.1,20,73
2004,Wakayama,June_Pentad6,25,30.2,21.2,2
2004,Wakayama,July_Pentad1,26.2,31.9,21.2,2
2004,Wakayama,July_Pentad2,26.9,33.8,22,31
2004,Wakayama,July_Pentad3,26.6,32.9,21.4,0
2004,Wakayama,July_Pentad4,27.9,33.9,23.1,0
2004,Wakayama,July_Pentad5,27,35.1,21.8,21
2004,Wakayama,July_Pentad6,26.7,32.6,22.2,14
2004,Wakayama,August_Pentad1,26.1,32.8,21.8,72
2004,Wakayama,August_Pentad2,26.8,33.2,22.5,0
2004,Wakayama,August_Pentad3,25.9,32.3,20.1,19
2004,Wakayama,August_Pentad4,26.2,31,22.1,8
2004,Wakayama,August_Pentad5,24.5,29.5,21.4,47
2004,Wakayama,August_Pentad6,26.4,32.1,22.2,26
2004,Wakayama,September_Pentad1,22.9,29.1,19.8,68
2004,Wakayama,September_Pentad2,24.8,30.2,20.2,3
2004,Wakayama,September_Pentad3,24.8,31.4,20.2,3
2004,Wakayama,September_Pentad4,24.5,30,20.3,0
2004,Wakayama,September_Pentad5,23.2,28.3,19.4,2
2004,Wakayama,September_Pentad6,22.2,26.4,19.3,123
2004,Wakayama,October_Pentad1,19.3,23.1,16.1,22
2004,Wakayama,October_Pentad2,18.7,23,15.3,35
2004,Wakayama,October_Pentad3,17,23.2,12.4,0
2004,Wakayama,October_Pentad4,15.9,22,11.5,142
2004,Wakayama,October_Pentad5,14.8,21.7,9.1,5
2004,Wakayama,October_Pentad6,13.4,17.2,10,83
2004,Wakayama,November_Pentad1,14.4,19.8,10.7,1
2004,Wakayama,November_Pentad2,13.9,22.2,8.1,0
2004,Wakayama,November_Pentad3,13.8,17.8,9.7,70
2004,Wakayama,November_Pentad4,10.2,14.4,7.3,26
2004,Wakayama,November_Pentad5,9.8,16.4,5.2,0
2004,Wakayama,November_Pentad6,10.2,16,5.2,3
2004,Wakayama,December_Pentad1,10.2,18.4,5.1,80
2004,Wakayama,December_Pentad2,8.1,14.5,2.8,0
2004,Wakayama,December_Pentad3,7.9,14.8,3.2,16
2004,Wakayama,December_Pentad4,8.3,13.8,3.1,1
2004,Wakayama,December_Pentad5,5.6,10.6,0.8,0
2004,Wakayama,December_Pentad6,4.1,7.8,1.1,32
2005,Wakayama,January_Pentad1,3.8,8.6,-0.4,0
2005,Wakayama,January_Pentad2,3.4,7.2,0.5,2
2005,Wakayama,January_Pentad3,3,6.6,-0.7,12
2005,Wakayama,January_Pentad4,3.8,8.3,0.1,26
2005,Wakayama,January_Pentad5,3.2,8,-0.6,1
2005,Wakayama,January_Pentad6,4.5,9.7,-0.1,1
2005,Wakayama,February_Pentad1,1.8,5.5,-1.1,6
2005,Wakayama,February_Pentad2,4.9,8.8,0.7,9
2005,Wakayama,February_Pentad3,3.6,8.3,-0.8,2
2005,Wakayama,February_Pentad4,6.8,10.3,3.1,20
2005,Wakayama,February_Pentad5,3.9,9.7,-0.8,27
2005,Wakayama,February_Pentad6,2.1,8,-1.7,0
2005,Wakayama,March_Pentad1,3.7,8.9,-0.2,14
2005,Wakayama,March_Pentad2,7.3,14.4,0.6,0
2005,Wakayama,March_Pentad3,4.9,9.7,1.1,14
2005,Wakayama,March_Pentad4,8.1,14.4,2.3,23
2005,Wakayama,March_Pentad5,7.5,13.2,2.6,25
2005,Wakayama,March_Pentad6,9.5,15.3,3.5,10
2005,Wakayama,April_Pentad1,9.5,17,2.7,9
2005,Wakayama,April_Pentad2,15.8,23.2,8.7,3
2005,Wakayama,April_Pentad3,11.4,16.7,6.7,42
2005,Wakayama,April_Pentad4,14.7,21.7,8,12
2005,Wakayama,April_Pentad5,13.5,20.3,6.4,4
2005,Wakayama,April_Pentad6,18.6,26.6,10.4,1
2005,Wakayama,May_Pentad1,17.8,25.3,11,17
2005,Wakayama,May_Pentad2,16,21.2,10.7,45
2005,Wakayama,May_Pentad3,15.4,22.1,8.9,12
2005,Wakayama,May_Pentad4,17.4,23.8,10.1,1
2005,Wakayama,May_Pentad5,17.9,23.5,13,1
2005,Wakayama,May_Pentad6,19.2,27,12.4,0
2005,Wakayama,June_Pentad1,19.9,25.9,15.1,16
2005,Wakayama,June_Pentad2,21.7,29.3,14.9,0
2005,Wakayama,June_Pentad3,22.1,27.7,17.6,28
2005,Wakayama,June_Pentad4,23.2,29.1,19,13
2005,Wakayama,June_Pentad5,23.3,28.7,19.4,12
2005,Wakayama,June_Pentad6,27,32.6,22.3,0
2005,Wakayama,July_Pentad1,23.5,26.4,21.2,146
2005,Wakayama,July_Pentad2,23.3,27.9,20.2,46
2005,Wakayama,July_Pentad3,26.4,31.2,21.6,5
2005,Wakayama,July_Pentad4,26.7,32.1,21.9,0
2005,Wakayama,July_Pentad5,27.2,33.3,22.7,1
2005,Wakayama,July_Pentad6,25.8,31.3,21.7,22
2005,Wakayama,August_Pentad1,27.8,34.9,22.6,0
2005,Wakayama,August_Pentad2,26.9,34.4,21.6,35
2005,Wakayama,August_Pentad3,26.3,31.1,23.1,7
2005,Wakayama,August_Pentad4,25.9,32.6,21.8,32
2005,Wakayama,August_Pentad5,24.8,29.7,21.8,23
2005,Wakayama,August_Pentad6,24.3,29.7,20.2,45
2005,Wakayama,September_Pentad1,25.1,30.6,21.4,42
2005,Wakayama,September_Pentad2,25.5,30.8,22,36
2005,Wakayama,September_Pentad3,24.8,30,20.8,0
2005,Wakayama,September_Pentad4,23.5,30,18.4,0
2005,Wakayama,September_Pentad5,23.4,27.3,20.8,0
2005,Wakayama,September_Pentad6,19.8,24.8,16.2,19
2005,Wakayama,October_Pentad1,21.1,26.6,17.5,48
2005,Wakayama,October_Pentad2,18.9,23.3,16.1,73
2005,Wakayama,October_Pentad3,19.2,24,15.8,82
2005,Wakayama,October_Pentad4,16.4,21.3,12.1,6
2005,Wakayama,October_Pentad5,13.3,19.1,8.9,30
2005,Wakayama,October_Pentad6,14,19.6,9.7,20
2005,Wakayama,November_Pentad1,13.7,21.2,8.8,0
2005,Wakayama,November_Pentad2,13.4,19.7,8.4,17
2005,Wakayama,November_Pentad3,11,16.1,6.8,25
2005,Wakayama,November_Pentad4,7,12.7,1.8,0
2005,Wakayama,November_Pentad5,7.8,15.2,2.4,0
2005,Wakayama,November_Pentad6,9.4,15.3,4.6,0
2005,Wakayama,December_Pentad1,6.1,10.7,2.6,7
2005,Wakayama,December_Pentad2,4.2,8.7,0.4,11
2005,Wakayama,December_Pentad3,3.2,6.5,0.7,1
2005,Wakayama,December_Pentad4,1.7,5.8,-1.7,2
2005,Wakayama,December_Pentad5,2.2,6.2,-1.6,4
2005,Wakayama,December_Pentad6,3.2,7.1,0.1,2
2006,Wakayama,January_Pentad1,3.1,7.3,-0.2,1
2006,Wakayama,January_Pentad2,0.8,6.3,-3.7,1
2006,Wakayama,January_Pentad3,5.5,10.7,0.6,21
2006,Wakayama,January_Pentad4,3,7.7,-1,6
2006,Wakayama,January_Pentad5,1.6,6,-2.3,0
2006,Wakayama,January_Pentad6,4.4,9.7,-0.6,12
2006,Wakayama,February_Pentad1,3.2,7.3,0.1,27
2006,Wakayama,February_Pentad2,2.5,7,-1,8
2006,Wakayama,February_Pentad3,6.5,12.8,0.5,14
2006,Wakayama,February_Pentad4,4.7,7.6,1.1,28
2006,Wakayama,February_Pentad5,6.9,12.4,1,6
2006,Wakayama,February_Pentad6,6.2,10.7,2,45
2006,Wakayama,March_Pentad1,4.1,10.3,-0.6,21
2006,Wakayama,March_Pentad2,9.1,14.9,4.4,8
2006,Wakayama,March_Pentad3,5.7,11.2,0.5,7
2006,Wakayama,March_Pentad4,5.9,10.8,0.8,45
2006,Wakayama,March_Pentad5,7.5,14.2,1.7,6
2006,Wakayama,March_Pentad6,7.1,14,2.1,13
2006,Wakayama,April_Pentad1,11,17,5.1,65
2006,Wakayama,April_Pentad2,10.5,16.3,4.9,11
2006,Wakayama,April_Pentad3,12.8,16,10.1,15
2006,Wakayama,April_Pentad4,12.3,19.6,6,25
2006,Wakayama,April_Pentad5,11.2,16.8,6.4,7
2006,Wakayama,April_Pentad6,12.7,19.3,6.6,8
2006,Wakayama,May_Pentad1,16.8,23.7,9.7,2
2006,Wakayama,May_Pentad2,19.6,24.7,15.6,46
2006,Wakayama,May_Pentad3,15.6,20.7,9.5,46
2006,Wakayama,May_Pentad4,18.1,22.6,13.7,43
2006,Wakayama,May_Pentad5,19,25.4,13.4,8
2006,Wakayama,May_Pentad6,19.1,24.9,14.3,4
2006,Wakayama,June_Pentad1,20.7,27.5,15.2,0
2006,Wakayama,June_Pentad2,20.3,26.5,15.8,4
2006,Wakayama,June_Pentad3,21.7,27.4,17.2,59
2006,Wakayama,June_Pentad4,22.5,28.2,18.3,47
2006,Wakayama,June_Pentad5,21.9,26.2,18.6,42
2006,Wakayama,June_Pentad6,24.3,29.3,20.7,36
2006,Wakayama,July_Pentad1,24.1,27.9,21.2,26
2006,Wakayama,July_Pentad2,24.5,28.9,21.4,11
2006,Wakayama,July_Pentad3,27.5,33.3,23.4,0
2006,Wakayama,July_Pentad4,24.4,27.9,22.1,127
2006,Wakayama,July_Pentad5,25.3,30,21.8,69
2006,Wakayama,July_Pentad6,27.3,33.3,23,1
2006,Wakayama,August_Pentad1,27.5,34.6,22.5,0
2006,Wakayama,August_Pentad2,28,34.7,22.9,0
2006,Wakayama,August_Pentad3,28.2,36.2,22.3,0
2006,Wakayama,August_Pentad4,28.2,33.3,24.5,2
2006,Wakayama,August_Pentad5,27.7,35.1,22.4,0
2006,Wakayama,August_Pentad6,25.4,32.4,21.7,78
2006,Wakayama,September_Pentad1,23.4,29.6,18.8,50
2006,Wakayama,September_Pentad2,24.9,30.7,21.5,35
2006,Wakayama,September_Pentad3,20.9,24.5,18.3,39
2006,Wakayama,September_Pentad4,23,28.6,18.1,1
2006,Wakayama,September_Pentad5,20.2,26.9,14.8,0
2006,Wakayama,September_Pentad6,19.8,26.4,15.4,0
2006,Wakayama,October_Pentad1,19.4,22.3,17.1,43
2006,Wakayama,October_Pentad2,17.9,22.9,13.3,19
2006,Wakayama,October_Pentad3,17.8,23.5,13.8,11
2006,Wakayama,October_Pentad4,17.3,24.5,11.9,0
2006,Wakayama,October_Pentad5,17.2,22.4,13.1,3
2006,Wakayama,October_Pentad6,15.5,22.5,10.5,2
2006,Wakayama,November_Pentad1,14,21.9,8.6,0
2006,Wakayama,November_Pentad2,13.5,21.1,6.7,0
2006,Wakayama,November_Pentad3,10.9,16.8,5.9,23
2006,Wakayama,November_Pentad4,9.8,14.5,5.7,27
2006,Wakayama,November_Pentad5,9.9,14.6,5.4,11
2006,Wakayama,November_Pentad6,11.9,16.2,8.4,10
2006,Wakayama,December_Pentad1,5.7,10.9,1.8,0
2006,Wakayama,December_Pentad2,7.5,10.9,4.1,20
2006,Wakayama,December_Pentad3,6.8,10.5,3.7,27
2006,Wakayama,December_Pentad4,5.6,11.1,1.6,2
2006,Wakayama,December_Pentad5,5.8,11.8,0.8,0
2006,Wakayama,December_Pentad6,5.5,9.3,1.9,55
2007,Wakayama,January_Pentad1,5.5,10.1,1.4,4
2007,Wakayama,January_Pentad2,4.4,9.2,1.2,16
2007,Wakayama,January_Pentad3,3.6,9.8,-0.7,0
2007,Wakayama,January_Pentad4,5.3,10.4,1.3,7
2007,Wakayama,January_Pentad5,4.1,9.5,0.4,6
2007,Wakayama,January_Pentad6,5.1,11.2,0.3,0
2007,Wakayama,February_Pentad1,3.3,9.4,-2.2,3
2007,Wakayama,February_Pentad2,8.2,13.4,2.9,5
2007,Wakayama,February_Pentad3,7,13.3,1.3,49
2007,Wakayama,February_Pentad4,4.9,10.3,-0.1,14
2007,Wakayama,February_Pentad5,6.2,12.2,0.1,1
2007,Wakayama,February_Pentad6,7.3,14.1,1.8,14
2007,Wakayama,March_Pentad1,10.4,18.2,3.4,2
2007,Wakayama,March_Pentad2,5.1,11.2,-1.1,0
2007,Wakayama,March_Pentad3,4.7,9.5,0.6,15
2007,Wakayama,March_Pentad4,4,9.6,-1.1,0
2007,Wakayama,March_Pentad5,10,17.1,2.6,33
2007,Wakayama,March_Pentad6,12.4,18.9,5.3,13
2007,Wakayama,April_Pentad1,10.3,15.8,5.4,12
2007,Wakayama,April_Pentad2,10.5,17.4,4.6,5
2007,Wakayama,April_Pentad3,13.3,20.4,6.7,7
2007,Wakayama,April_Pentad4,10.4,15.6,6,22
2007,Wakayama,April_Pentad5,15.1,20,10.1,15
2007,Wakayama,April_Pentad6,14.8,22.5,6.4,0
2007,Wakayama,May_Pentad1,17.4,23.8,11.7,8
2007,Wakayama,May_Pentad2,17.4,23.7,11.7,41
2007,Wakayama,May_Pentad3,16.6,23.6,8.9,0
2007,Wakayama,May_Pentad4,16.4,22.1,10.1,11
2007,Wakayama,May_Pentad5,18.9,26.6,11.8,56
2007,Wakayama,May_Pentad6,18.3,24.8,13.5,16
2007,Wakayama,June_Pentad1,19.2,25.4,13.4,0
2007,Wakayama,June_Pentad2,19.9,26.4,15,47
2007,Wakayama,June_Pentad3,21.4,26.8,16.1,7
2007,Wakayama,June_Pentad4,21.3,27.9,16.9,57
2007,Wakayama,June_Pentad5,22.9,27.6,18.9,50
2007,Wakayama,June_Pentad6,25.3,31.1,20.8,2
2007,Wakayama,July_Pentad1,24.1,28.4,20.8,12
2007,Wakayama,July_Pentad2,22.7,26.7,20.2,57
2007,Wakayama,July_Pentad3,23.1,25.6,21.3,143
2007,Wakayama,July_Pentad4,23.7,29.1,20.6,56
2007,Wakayama,July_Pentad5,24.6,30.2,19.9,41
2007,Wakayama,July_Pentad6,25.5,31.5,20,3
2007,Wakayama,August_Pentad1,26.2,32.1,21.5,8
2007,Wakayama,August_Pentad2,26.7,33.8,21.2,0
2007,Wakayama,August_Pentad3,27.8,34.7,21.7,0
2007,Wakayama,August_Pentad4,28.9,36.3,23,0
2007,Wakayama,August_Pentad5,27.1,33.8,22.1,57
2007,Wakayama,August_Pentad6,26.5,32.6,22.1,40
2007,Wakayama,September_Pentad1,26.3,33.2,21.7,7
2007,Wakayama,September_Pentad2,25.6,30.8,21.8,2
2007,Wakayama,September_Pentad3,24,30.6,20,8
2007,Wakayama,September_Pentad4,26.4,33.4,21.6,13
2007,Wakayama,September_Pentad5,24.5,30.6,19.9,12
2007,Wakayama,September_Pentad6,21,25.8,17.1,7
2007,Wakayama,October_Pentad1,21.1,26.7,16.9,1
2007,Wakayama,October_Pentad2,19.5,25,15,16
2007,Wakayama,October_Pentad3,16.9,23,13,1
2007,Wakayama,October_Pentad4,15.1,20.7,10.3,26
2007,Wakayama,October_Pentad5,14.2,21.8,8.6,1
2007,Wakayama,October_Pentad6,16.7,22.4,12.9,33
2007,Wakayama,November_Pentad1,12.5,17.7,8.2,16
2007,Wakayama,November_Pentad2,14.2,18.5,10.5,5
2007,Wakayama,November_Pentad3,11.9,17.6,7.5,3
2007,Wakayama,November_Pentad4,8.6,14.6,3.6,1
2007,Wakayama,November_Pentad5,7.4,14.3,2.4,0
2007,Wakayama,November_Pentad6,10.3,14.7,6.9,3
2007,Wakayama,December_Pentad1,7.4,12.2,3.8,16
2007,Wakayama,December_Pentad2,6.7,12.9,1.5,0
2007,Wakayama,December_Pentad3,8.2,11.5,5.2,4
2007,Wakayama,December_Pentad4,5.3,11.2,1,0
2007,Wakayama,December_Pentad5,6.9,10.5,3.8,24
2007,Wakayama,December_Pentad6,6,10.3,2.1,37
2008,Wakayama,January_Pentad1,4.2,9,0.9,0
2008,Wakayama,January_Pentad2,5.3,11.8,0.9,6
2008,Wakayama,January_Pentad3,4.9,9.1,0.8,31
2008,Wakayama,January_Pentad4,2.7,7.4,-0.8,7
2008,Wakayama,January_Pentad5,2.4,5.4,0,16
2008,Wakayama,January_Pentad6,2.4,6.3,-0.5,10
2008,Wakayama,February_Pentad1,2.4,6.5,-0.3,15
2008,Wakayama,February_Pentad2,1.8,5.7,-1.1,18
2008,Wakayama,February_Pentad3,2.9,7.7,-1.4,8
2008,Wakayama,February_Pentad4,2.5,7,-1.5,1
2008,Wakayama,February_Pentad5,3.9,9.5,-1.1,1
2008,Wakayama,February_Pentad6,4.5,10.5,-0.5,25
2008,Wakayama,March_Pentad1,4.9,10.6,-0.4,1
2008,Wakayama,March_Pentad2,6.1,13,-0.2,5
2008,Wakayama,March_Pentad3,11,17.9,4.6,12
2008,Wakayama,March_Pentad4,11,17.3,5.8,12
2008,Wakayama,March_Pentad5,11.1,18.4,4.7,18
2008,Wakayama,March_Pentad6,8.5,13.4,4.7,27.5
2008,Wakayama,April_Pentad1,9.8,16.9,3,0.5
2008,Wakayama,April_Pentad2,12.2,18.5,6.9,64.5
2008,Wakayama,April_Pentad3,12.6,19.2,6.6,17
2008,Wakayama,April_Pentad4,13.6,18.1,10.4,30.5
2008,Wakayama,April_Pentad5,14.6,21.7,7.9,35.5
2008,Wakayama,April_Pentad6,15.5,23.1,8.2,0
2008,Wakayama,May_Pentad1,18.8,24.8,12.4,0.5
2008,Wakayama,May_Pentad2,16.5,23.4,10.2,31
2008,Wakayama,May_Pentad3,14.3,20.6,9.1,10
2008,Wakayama,May_Pentad4,17.4,24.4,10.9,22.5
2008,Wakayama,May_Pentad5,19,25.2,13.5,156
2008,Wakayama,May_Pentad6,19.9,25.8,15.3,36.5
2008,Wakayama,June_Pentad1,18.2,23.5,15.1,47
2008,Wakayama,June_Pentad2,20.7,26.9,15.5,6
2008,Wakayama,June_Pentad3,19.9,26.3,14.2,31
2008,Wakayama,June_Pentad4,22.5,28.4,18,12
2008,Wakayama,June_Pentad5,21.9,26.2,18.7,49.5
2008,Wakayama,June_Pentad6,22.7,27,19.6,31.5
2008,Wakayama,July_Pentad1,24.6,30.6,20,4.5
2008,Wakayama,July_Pentad2,24.9,30.1,21.4,13.5
2008,Wakayama,July_Pentad3,26.1,33.2,20.9,0
2008,Wakayama,July_Pentad4,27.3,33.8,22.4,15.5
2008,Wakayama,July_Pentad5,28,34.8,22.6,0
2008,Wakayama,July_Pentad6,27.2,34.2,22.1,3
2008,Wakayama,August_Pentad1,28.4,35.7,23,2.5
2008,Wakayama,August_Pentad2,26.6,34.1,22,14.5
2008,Wakayama,August_Pentad3,27.9,35.7,22.1,3.5
2008,Wakayama,August_Pentad4,27,33.7,22.3,0
2008,Wakayama,August_Pentad5,23.6,29.3,18.7,14
2008,Wakayama,August_Pentad6,24,30.1,20.9,55
2008,Wakayama,September_Pentad1,24.8,31.3,21.6,43.5
2008,Wakayama,September_Pentad2,23.3,30.3,18.2,0
2008,Wakayama,September_Pentad3,23.5,30,19,4
2008,Wakayama,September_Pentad4,22.7,27,20.1,36.5
2008,Wakayama,September_Pentad5,21.8,28.4,16.6,12.5
2008,Wakayama,September_Pentad6,17.1,20.1,13.7,43
2008,Wakayama,October_Pentad1,17.9,24.2,13.5,13.5
2008,Wakayama,October_Pentad2,19,25.5,15.1,3.5
2008,Wakayama,October_Pentad3,16.3,22,11.6,38.5
2008,Wakayama,October_Pentad4,16.9,24.7,11.6,0.5
2008,Wakayama,October_Pentad5,17,21.9,13.7,20.5
2008,Wakayama,October_Pentad6,13.5,18.4,9.8,4
2008,Wakayama,November_Pentad1,13.8,20.8,9,0
2008,Wakayama,November_Pentad2,12.1,16.7,9.1,54
2008,Wakayama,November_Pentad3,12.3,18.8,7.8,4
2008,Wakayama,November_Pentad4,8.9,13.6,5.5,17
2008,Wakayama,November_Pentad5,7.7,13.6,2.8,9
2008,Wakayama,November_Pentad6,8.9,13.9,4.9,14
2008,Wakayama,December_Pentad1,8.4,17.1,2.7,22.5
2008,Wakayama,December_Pentad2,5.6,11.5,0.4,2
2008,Wakayama,December_Pentad3,7.5,14.2,2.1,5.5
2008,Wakayama,December_Pentad4,6.8,13.5,1.6,3
2008,Wakayama,December_Pentad5,7.2,14.3,1.8,5
2008,Wakayama,December_Pentad6,4.2,9.5,0.4,1.5
2009,Wakayama,January_Pentad1,4.4,8.6,1.5,7.5
2009,Wakayama,January_Pentad2,4.1,8.1,-0.1,15.5
2009,Wakayama,January_Pentad3,1.5,6.1,-1.9,5
2009,Wakayama,January_Pentad4,4.1,10,-1,15.5
2009,Wakayama,January_Pentad5,3.1,7.2,-0.7,45
2009,Wakayama,January_Pentad6,6.2,12.9,0.6,43
2009,Wakayama,February_Pentad1,4.5,9.6,0.4,9
2009,Wakayama,February_Pentad2,4.6,11.4,-1.6,6
2009,Wakayama,February_Pentad3,10.1,16.7,2.7,14.5
2009,Wakayama,February_Pentad4,4.3,8.9,-0.2,7
2009,Wakayama,February_Pentad5,6.9,11.9,2.2,35
2009,Wakayama,February_Pentad6,6.7,10,3.5,6.5
2009,Wakayama,March_Pentad1,5.5,10.1,1.8,8.5
2009,Wakayama,March_Pentad2,8.4,13.5,4.3,36
2009,Wakayama,March_Pentad3,6.5,13.1,0.4,52
2009,Wakayama,March_Pentad4,11.8,19.7,3.6,29
2009,Wakayama,March_Pentad5,9.5,16.8,3,9
2009,Wakayama,March_Pentad6,6.3,12.4,0.3,1
2009,Wakayama,April_Pentad1,8.5,15.7,3.3,38
2009,Wakayama,April_Pentad2,12.9,22.2,4.5,0
2009,Wakayama,April_Pentad3,15.9,22.8,9.7,41.5
2009,Wakayama,April_Pentad4,16.1,24.2,9.4,0
2009,Wakayama,April_Pentad5,14.4,19.7,8.9,23
2009,Wakayama,April_Pentad6,11.3,19,4.6,0.5
2009,Wakayama,May_Pentad1,15.8,22,10.2,2.5
2009,Wakayama,May_Pentad2,16.6,22.8,11.9,31.5
2009,Wakayama,May_Pentad3,17.7,26,9.3,8.5
2009,Wakayama,May_Pentad4,18,24.2,11.6,6
2009,Wakayama,May_Pentad5,19.6,25.3,15.6,0
2009,Wakayama,May_Pentad6,19.3,25.5,13.9,36.5
2009,Wakayama,June_Pentad1,19,24.7,13.8,1
2009,Wakayama,June_Pentad2,20.1,26.3,15.7,6.5
2009,Wakayama,June_Pentad3,21.6,28.4,15.3,4.5
2009,Wakayama,June_Pentad4,22.3,30.6,16.4,12.5
2009,Wakayama,June_Pentad5,23.9,29.9,20,51.5
2009,Wakayama,June_Pentad6,23.7,29.3,19.2,22
2009,Wakayama,July_Pentad1,22.8,28.3,18.7,41.5
2009,Wakayama,July_Pentad2,25.8,30.7,22.4,27
2009,Wakayama,July_Pentad3,26.8,32,22.3,0
2009,Wakayama,July_Pentad4,26.4,31.4,22.5,47.5
2009,Wakayama,July_Pentad5,25.1,30.4,22.1,12.5
2009,Wakayama,July_Pentad6,25.1,30,21.8,58.5
2009,Wakayama,August_Pentad1,25.7,31.8,22,18
2009,Wakayama,August_Pentad2,26.2,30.6,23.6,23
2009,Wakayama,August_Pentad3,26.4,32.7,21.9,29.5
2009,Wakayama,August_Pentad4,25.6,33.9,19.7,0
2009,Wakayama,August_Pentad5,24.5,32.2,19.3,1
2009,Wakayama,August_Pentad6,24.5,30.6,20,0
2009,Wakayama,September_Pentad1,25.1,32.8,19.6,0
2009,Wakayama,September_Pentad2,23.4,32.2,16.5,0
2009,Wakayama,September_Pentad3,20.5,27.1,15.7,17
2009,Wakayama,September_Pentad4,20.2,27.4,14.9,0
2009,Wakayama,September_Pentad5,22.2,30.1,16.7,0.5
2009,Wakayama,September_Pentad6,22.3,28,18.5,42.5
2009,Wakayama,October_Pentad1,19.5,24.8,16.1,52.5
2009,Wakayama,October_Pentad2,16.3,20.2,13.3,160.5
2009,Wakayama,October_Pentad3,14.9,22.6,9.5,0.5
2009,Wakayama,October_Pentad4,15.6,22.2,10.4,3
2009,Wakayama,October_Pentad5,14.6,20.6,10.2,0
2009,Wakayama,October_Pentad6,15.5,21.9,10.8,28.5
2009,Wakayama,November_Pentad1,11.8,18.7,6.5,23
2009,Wakayama,November_Pentad2,14.8,22.1,9.5,3
2009,Wakayama,November_Pentad3,13.9,17.3,10.9,132
2009,Wakayama,November_Pentad4,8.1,12.3,5.1,22
2009,Wakayama,November_Pentad5,8.7,14,4.6,16.5
2009,Wakayama,November_Pentad6,9.3,15.1,4.5,0
2009,Wakayama,December_Pentad1,8.7,13.9,4,10
2009,Wakayama,December_Pentad2,6.8,11.9,2,2
2009,Wakayama,December_Pentad3,9.4,13.1,5.8,23
2009,Wakayama,December_Pentad4,3.4,6.8,1.2,5
2009,Wakayama,December_Pentad5,4.7,10.9,-0.2,0.5
2009,Wakayama,December_Pentad6,4.3,9.5,0,7
2010,Wakayama,January_Pentad1,4.5,9.5,0.1,0.5
2010,Wakayama,January_Pentad2,3,7.5,-0.2,6
2010,Wakayama,January_Pentad3,2.1,5.7,-0.5,8.5
2010,Wakayama,January_Pentad4,4.3,11.8,-2.3,0
2010,Wakayama,January_Pentad5,4.9,9.7,0.6,17
2010,Wakayama,January_Pentad6,5.3,10.2,0.6,29
2010,Wakayama,February_Pentad1,3.1,7,-0.5,13
2010,Wakayama,February_Pentad2,7.9,14,2.8,0.5
2010,Wakayama,February_Pentad3,4.5,8.1,0.9,24.5
2010,Wakayama,February_Pentad4,3.3,8.6,-1,0
2010,Wakayama,February_Pentad5,9.7,18.2,2.7,0
2010,Wakayama,February_Pentad6,11.3,14.6,8.2,66.5
2010,Wakayama,March_Pentad1,11.3,16.8,6.3,18
2010,Wakayama,March_Pentad2,6.3,9.1,4.2,66.5
2010,Wakayama,March_Pentad3,9.2,16.1,2.9,27
2010,Wakayama,March_Pentad4,9.4,16.9,1.9,24.5
2010,Wakayama,March_Pentad5,7.8,11.5,4.2,88
2010,Wakayama,March_Pentad6,6.1,12.5,0.2,4.5
2010,Wakayama,April_Pentad1,10.9,18.4,3.9,27
2010,Wakayama,April_Pentad2,12.3,19.1,5.9,0
2010,Wakayama,April_Pentad3,12.6,17.1,9.1,18.5
2010,Wakayama,April_Pentad4,10.9,16.7,6.1,23.5
2010,Wakayama,April_Pentad5,10.4,15.4,5.7,38.5
2010,Wakayama,April_Pentad6,13.1,19.3,6.7,12.5
2010,Wakayama,May_Pentad1,16.6,25.1,8.7,0
2010,Wakayama,May_Pentad2,17.1,23.4,11.1,28.5
2010,Wakayama,May_Pentad3,13.2,18.8,8,5
2010,Wakayama,May_Pentad4,18.9,24.8,12.7,64
2010,Wakayama,May_Pentad5,19.3,25.6,14.6,64
2010,Wakayama,May_Pentad6,15.7,21.3,11.2,0
2010,Wakayama,June_Pentad1,19,26.9,12.6,0.5
2010,Wakayama,June_Pentad2,19.3,25.7,13.7,3.5
2010,Wakayama,June_Pentad3,21,26.8,16.5,32.5
2010,Wakayama,June_Pentad4,23.2,27.1,20.3,92
2010,Wakayama,June_Pentad5,22.6,27.4,19.3,20.5
2010,Wakayama,June_Pentad6,25.4,30.1,22,65
2010,Wakayama,July_Pentad1,25.1,29.7,21.7,34.5
2010,Wakayama,July_Pentad2,23.6,28.6,19.7,53.5
2010,Wakayama,July_Pentad3,24.6,27.8,22.1,207
2010,Wakayama,July_Pentad4,25.9,33,21.1,5
2010,Wakayama,July_Pentad5,27.4,34.8,21.7,0
2010,Wakayama,July_Pentad6,26.4,32,22.5,50
2010,Wakayama,August_Pentad1,28.1,34.4,23.7,0
2010,Wakayama,August_Pentad2,26.2,32.7,22,37.5
2010,Wakayama,August_Pentad3,27.6,32.5,23.6,16
2010,Wakayama,August_Pentad4,28.5,35.5,23.5,0
2010,Wakayama,August_Pentad5,28.1,35.2,23.4,0
2010,Wakayama,August_Pentad6,27.3,35.1,21.9,13.5
2010,Wakayama,September_Pentad1,27.9,36.2,22.9,3
2010,Wakayama,September_Pentad2,26.8,34,21.7,0.5
2010,Wakayama,September_Pentad3,25.6,33,20.7,11.5
2010,Wakayama,September_Pentad4,22.7,30,17.4,9
2010,Wakayama,September_Pentad5,21.9,27.6,17.6,23
2010,Wakayama,September_Pentad6,18.8,24,14.9,35
2010,Wakayama,October_Pentad1,19.2,25.3,15.3,51
2010,Wakayama,October_Pentad2,18.6,24.9,14.1,52.5
2010,Wakayama,October_Pentad3,19.6,26.3,15.2,0.5
2010,Wakayama,October_Pentad4,16.6,22.3,12.4,0.5
2010,Wakayama,October_Pentad5,17.5,21.8,14.7,17
2010,Wakayama,October_Pentad6,12.9,16.2,10,54.5
2010,Wakayama,November_Pentad1,11.2,17.3,6.6,3.5
2010,Wakayama,November_Pentad2,11.7,16.8,7.2,0
2010,Wakayama,November_Pentad3,11.3,17.4,6.5,0.5
2010,Wakayama,November_Pentad4,8.3,15,3.9,0
2010,Wakayama,November_Pentad5,10.5,15.1,6.3,21
2010,Wakayama,November_Pentad6,8.1,14.7,2.9,0.5
2010,Wakayama,December_Pentad1,9.6,17.1,3.6,19
2010,Wakayama,December_Pentad2,7.4,12.6,3.7,0.5
2010,Wakayama,December_Pentad3,8.7,13.5,4.6,22.5
2010,Wakayama,December_Pentad4,4.9,11,1,0.5
2010,Wakayama,December_Pentad5,6.4,9.9,2.7,8
2010,Wakayama,December_Pentad6,3,7.4,-0.5,10.5
2011,Wakayama,January_Pentad1,2.8,7.6,-1.3,0.5
2011,Wakayama,January_Pentad2,2,6.9,-2.4,2.5
2011,Wakayama,January_Pentad3,2,6.6,-1.6,3.5
2011,Wakayama,January_Pentad4,1.3,6,-1.9,0.5
2011,Wakayama,January_Pentad5,2.8,8.3,-0.9,0
2011,Wakayama,January_Pentad6,1.1,5.8,-1.9,0.5
2011,Wakayama,February_Pentad1,4,12.2,-1.7,0
2011,Wakayama,February_Pentad2,5.3,11.9,0.2,14.5
2011,Wakayama,February_Pentad3,0.9,4.5,-1.7,24
2011,Wakayama,February_Pentad4,5.1,12.3,-0.7,23
2011,Wakayama,February_Pentad5,8.3,15.9,2.4,2
2011,Wakayama,February_Pentad6,9.2,15.7,3.5,16.5
2011,Wakayama,March_Pentad1,4.1,8.8,0.4,11
2011,Wakayama,March_Pentad2,4.8,10.8,0.2,29
2011,Wakayama,March_Pentad3,8.3,16.1,1.9,0
2011,Wakayama,March_Pentad4,6.8,12.8,1.2,7
2011,Wakayama,March_Pentad5,6.6,12.6,1.7,30
2011,Wakayama,March_Pentad6,6.2,13.8,-0.5,0
2011,Wakayama,April_Pentad1,6.7,16.1,-1.6,0.5
2011,Wakayama,April_Pentad2,12.9,19.7,6.1,18
2011,Wakayama,April_Pentad3,11.9,20.8,4.4,5.5
2011,Wakayama,April_Pentad4,10.7,17.4,5,11.5
2011,Wakayama,April_Pentad5,11.5,17.7,5.8,14
2011,Wakayama,April_Pentad6,15.1,22.2,7.6,50.5
2011,Wakayama,May_Pentad1,15.8,22.6,10.2,2
2011,Wakayama,May_Pentad2,20,26.8,14.3,9.5
2011,Wakayama,May_Pentad3,19.1,24.6,14,64.5
2011,Wakayama,May_Pentad4,17.7,25.7,10,2.5
2011,Wakayama,May_Pentad5,17.3,22.7,12.4,49.5
2011,Wakayama,May_Pentad6,17.4,21.5,14.3,172.5
2011,Wakayama,June_Pentad1,19,24,15.7,30
2011,Wakayama,June_Pentad2,20.7,26.4,16.4,18.5
2011,Wakayama,June_Pentad3,20.3,25,17.2,120.5
2011,Wakayama,June_Pentad4,20.2,23.5,18.3,81.5
2011,Wakayama,June_Pentad5,26.6,31.3,22.7,16
2011,Wakayama,June_Pentad6,27.4,33.3,22.3,0
2011,Wakayama,July_Pentad1,24.8,29,21.7,81.5
2011,Wakayama,July_Pentad2,25.8,32,22,61.5
2011,Wakayama,July_Pentad3,25.5,31.6,20.7,6
2011,Wakayama,July_Pentad4,25.7,30,22.3,83.5
2011,Wakayama,July_Pentad5,24.1,28.7,21,6.5
2011,Wakayama,July_Pentad6,26.2,31.5,22.2,0
2011,Wakayama,August_Pentad1,25.6,32,21.3,26
2011,Wakayama,August_Pentad2,27.5,34.2,22.5,0
2011,Wakayama,August_Pentad3,28,34.2,23.6,8.5
2011,Wakayama,August_Pentad4,26.4,31.6,23.2,8
2011,Wakayama,August_Pentad5,24.6,30,21.4,50.5
2011,Wakayama,August_Pentad6,25.9,33,21.6,12
2011,Wakayama,September_Pentad1,24,26.6,22,342.5
2011,Wakayama,September_Pentad2,23.3,30.4,17.5,0
2011,Wakayama,September_Pentad3,25.4,33.1,20.3,0
2011,Wakayama,September_Pentad4,24.2,30,21,48
2011,Wakayama,September_Pentad5,18.3,24.2,13.6,68.5
2011,Wakayama,September_Pentad6,19.8,26.2,15.4,6.5
2011,Wakayama,October_Pentad1,15.3,20.6,10.5,8
2011,Wakayama,October_Pentad2,16.8,24.1,11.5,2.5
2011,Wakayama,October_Pentad3,17.9,22.7,14.6,55
2011,Wakayama,October_Pentad4,16.7,23.4,11.4,8
2011,Wakayama,October_Pentad5,18.6,23.9,14.4,9
2011,Wakayama,October_Pentad6,14.2,20.5,9.2,37
2011,Wakayama,November_Pentad1,15.9,21.3,11.7,9.5
2011,Wakayama,November_Pentad2,14.1,18.6,10.2,2
2011,Wakayama,November_Pentad3,13.7,19.1,9.9,7
2011,Wakayama,November_Pentad4,12.4,17.3,7.5,99
2011,Wakayama,November_Pentad5,7.6,12.8,2.7,2.5
2011,Wakayama,November_Pentad6,10.5,16.8,5.7,0
2011,Wakayama,December_Pentad1,9.8,14,6.4,7.5
2011,Wakayama,December_Pentad2,6.5,10.7,2.4,19.5
2011,Wakayama,December_Pentad3,6.6,13,1.9,0
2011,Wakayama,December_Pentad4,5,9.5,2,0
2011,Wakayama,December_Pentad5,3.6,8.1,0.2,7
2011,Wakayama,December_Pentad6,2.7,8.3,-1.7,0
2012,Wakayama,January_Pentad1,3.5,8,0.2,6
2012,Wakayama,January_Pentad2,3.3,9.7,-1.3,0
2012,Wakayama,January_Pentad3,3.6,8.2,-0.1,2
2012,Wakayama,January_Pentad4,3.6,7.8,-0.1,26
2012,Wakayama,January_Pentad5,3.9,7.6,1.5,17.5
2012,Wakayama,January_Pentad6,1.5,6.6,-2.1,2.5
2012,Wakayama,February_Pentad1,0.6,5.7,-3.8,3.5
2012,Wakayama,February_Pentad2,3.3,7.3,-0.5,60
2012,Wakayama,February_Pentad3,3.2,7,-0.3,20
2012,Wakayama,February_Pentad4,1.3,7.4,-2.8,3
2012,Wakayama,February_Pentad5,6.5,10.4,3.1,37.5
2012,Wakayama,February_Pentad6,2.6,7.6,-2.5,19
2012,Wakayama,March_Pentad1,8.1,12,4.6,48
2012,Wakayama,March_Pentad2,8.3,11.9,4.9,33
2012,Wakayama,March_Pentad3,2.8,9.3,-1.7,3
2012,Wakayama,March_Pentad4,8.2,14,2.4,13
2012,Wakayama,March_Pentad5,8.1,13.5,2.8,47.5
2012,Wakayama,March_Pentad6,8.4,16.2,0.8,28.5
2012,Wakayama,April_Pentad1,9.2,17,2.6,9.5
2012,Wakayama,April_Pentad2,9.8,17,2.5,0.5
2012,Wakayama,April_Pentad3,12.9,18.5,8.4,37.5
2012,Wakayama,April_Pentad4,13.6,20.8,8.2,14.5
2012,Wakayama,April_Pentad5,16.6,23.5,11.3,16
2012,Wakayama,April_Pentad6,17,25,10.9,7.5
2012,Wakayama,May_Pentad1,17.7,23.4,12.9,4.5
2012,Wakayama,May_Pentad2,16.8,24,11.5,4
2012,Wakayama,May_Pentad3,14.2,20,8.2,6.5
2012,Wakayama,May_Pentad4,17.2,24.4,11,4
2012,Wakayama,May_Pentad5,17.8,24.4,11.8,0.5
2012,Wakayama,May_Pentad6,19.1,27.1,12.7,17
2012,Wakayama,June_Pentad1,19.3,25,15.2,0
2012,Wakayama,June_Pentad2,20.9,26.5,16.5,8.5
2012,Wakayama,June_Pentad3,20.4,26.4,15.6,6
2012,Wakayama,June_Pentad4,22.3,25.8,19.4,126.5
2012,Wakayama,June_Pentad5,19.7,24.1,16.6,152.5
2012,Wakayama,June_Pentad6,21.4,27.3,17,16
2012,Wakayama,July_Pentad1,23.5,27.5,20.6,37.5
2012,Wakayama,July_Pentad2,23.5,29.1,18.8,81.5
2012,Wakayama,July_Pentad3,25.5,30.1,22,49.5
2012,Wakayama,July_Pentad4,26.8,32.2,22.1,30.5
2012,Wakayama,July_Pentad5,25.9,31.8,21.8,0
2012,Wakayama,July_Pentad6,27.9,34.8,22.7,0
2012,Wakayama,August_Pentad1,26.8,33.3,22.1,1
2012,Wakayama,August_Pentad2,26.8,34.2,21.1,0
2012,Wakayama,August_Pentad3,26.1,31.7,22.6,42.5
2012,Wakayama,August_Pentad4,26.2,34.1,21.2,30
2012,Wakayama,August_Pentad5,26.6,33.9,21.6,0.5
2012,Wakayama,August_Pentad6,26.4,33.6,21.8,18.5
2012,Wakayama,September_Pentad1,24.7,31.5,21.2,23
2012,Wakayama,September_Pentad2,24.4,31.1,20.8,59
2012,Wakayama,September_Pentad3,24.2,30.7,20.4,6.5
2012,Wakayama,September_Pentad4,24,28.9,20.3,25.5
2012,Wakayama,September_Pentad5,20.4,26.2,16.5,11
2012,Wakayama,September_Pentad6,20.1,26.1,15.5,58
2012,Wakayama,October_Pentad1,19.4,24.3,16.1,3
2012,Wakayama,October_Pentad2,18.2,25.3,13.2,5.5
2012,Wakayama,October_Pentad3,16.3,22.6,11.1,7.5
2012,Wakayama,October_Pentad4,15.8,21.5,10.8,118
2012,Wakayama,October_Pentad5,14.1,21.3,9,49
2012,Wakayama,October_Pentad6,13.8,19.9,8.8,11.5
2012,Wakayama,November_Pentad1,11,16.7,6.3,0
2012,Wakayama,November_Pentad2,11.6,17.6,7.3,2.5
2012,Wakayama,November_Pentad3,9.5,13.5,5.8,27.5
2012,Wakayama,November_Pentad4,9.4,15.4,4.5,37.5
2012,Wakayama,November_Pentad5,8.4,12.8,4.9,14.5
2012,Wakayama,November_Pentad6,7.7,13.4,2.9,31
2012,Wakayama,December_Pentad1,5.5,10.3,1.1,6
2012,Wakayama,December_Pentad2,3.5,7.5,0.1,7
2012,Wakayama,December_Pentad3,5.2,11.8,0.6,11
2012,Wakayama,December_Pentad4,5.4,10.5,0.9,2.5
2012,Wakayama,December_Pentad5,3.9,7.7,0.4,24.5
2012,Wakayama,December_Pentad6,3.9,8,0.1,32.5
2013,Wakayama,January_Pentad1,2.2,7.3,-2,0
2013,Wakayama,January_Pentad2,3.1,9.6,-1.5,0
2013,Wakayama,January_Pentad3,3.1,8.3,-1.7,30.5
2013,Wakayama,January_Pentad4,2.6,7.5,-2,0
2013,Wakayama,January_Pentad5,4.7,9.5,0.4,12
2013,Wakayama,January_Pentad6,2.7,8.5,-1.8,0
2013,Wakayama,February_Pentad1,8.3,13.4,3.7,12
2013,Wakayama,February_Pentad2,2.4,7.2,-1,10.5
2013,Wakayama,February_Pentad3,3.2,8.7,-1.5,32
2013,Wakayama,February_Pentad4,2.1,7.8,-1.7,48.5
2013,Wakayama,February_Pentad5,2.5,7.7,-1.2,1.5
2013,Wakayama,February_Pentad6,5.1,12.2,-0.1,18
2013,Wakayama,March_Pentad1,5.2,11.8,-0.5,27
2013,Wakayama,March_Pentad2,11.4,21.2,2.6,5.5
2013,Wakayama,March_Pentad3,6.8,14.9,-0.7,21
2013,Wakayama,March_Pentad4,13.1,19.8,6.9,44
2013,Wakayama,March_Pentad5,8.7,15.7,2.3,1.5
2013,Wakayama,March_Pentad6,10.4,15.7,5.7,6
2013,Wakayama,April_Pentad1,11.8,19.1,5.1,29
2013,Wakayama,April_Pentad2,11.3,17,6.1,22.5
2013,Wakayama,April_Pentad3,10.1,17,3.5,2
2013,Wakayama,April_Pentad4,14.2,21.5,6.6,7.5
2013,Wakayama,April_Pentad5,11.4,17.5,4.9,23.5
2013,Wakayama,April_Pentad6,13.9,20.8,7.4,10
2013,Wakayama,May_Pentad1,11.8,19.6,5.3,0
2013,Wakayama,May_Pentad2,15.1,23.5,7.1,1.5
2013,Wakayama,May_Pentad3,18.3,25.8,12,33
2013,Wakayama,May_Pentad4,18,25.9,12.9,9.5
2013,Wakayama,May_Pentad5,20.6,29.1,12.7,0
2013,Wakayama,May_Pentad6,21,27.1,15.7,3
2013,Wakayama,June_Pentad1,20.1,27,14.4,0
2013,Wakayama,June_Pentad2,21.1,28,15.1,1
2013,Wakayama,June_Pentad3,25.5,33.1,20,25.5
2013,Wakayama,June_Pentad4,24,28.8,19.7,132.5
2013,Wakayama,June_Pentad5,20.8,25.1,17.9,28
2013,Wakayama,June_Pentad6,22,26.4,18.8,101.5
2013,Wakayama,July_Pentad1,24.4,29.5,20.4,22
2013,Wakayama,July_Pentad2,27.9,32.9,22.5,0
2013,Wakayama,July_Pentad3,26.5,32.6,22.2,6.5
2013,Wakayama,July_Pentad4,25.6,31.8,20.5,0
2013,Wakayama,July_Pentad5,27.2,34.3,21.8,0.5
2013,Wakayama,July_Pentad6,26.3,32,22.9,6.5
2013,Wakayama,August_Pentad1,27.2,34.4,22.3,0
2013,Wakayama,August_Pentad2,28.8,36.2,23.4,0.5
2013,Wakayama,August_Pentad3,29.3,37.9,22.5,8
2013,Wakayama,August_Pentad4,28.5,36.2,22.2,0
2013,Wakayama,August_Pentad5,27.4,32.8,23.3,61
2013,Wakayama,August_Pentad6,24.7,30.7,19.9,20
2013,Wakayama,September_Pentad1,22.7,26.7,20.4,101
2013,Wakayama,September_Pentad2,23.4,28.9,19.1,1.5
2013,Wakayama,September_Pentad3,24.9,30.8,20.9,100
2013,Wakayama,September_Pentad4,20.7,28.3,14.1,107.5
2013,Wakayama,September_Pentad5,23.1,31.2,17,0
2013,Wakayama,September_Pentad6,19.6,27.2,13.3,0
2013,Wakayama,October_Pentad1,20.9,26.1,16.4,0
2013,Wakayama,October_Pentad2,23.7,30,19.1,7.5
2013,Wakayama,October_Pentad3,19.5,25,14,46
2013,Wakayama,October_Pentad4,14.7,18.4,11.8,90
2013,Wakayama,October_Pentad5,17.4,20.8,14.8,48.5
2013,Wakayama,October_Pentad6,13.8,19.3,9.5,12.5
2013,Wakayama,November_Pentad1,13.8,19.7,9.5,24.5
2013,Wakayama,November_Pentad2,13.6,20.3,8.1,12
2013,Wakayama,November_Pentad3,8.7,13.9,4.1,26.5
2013,Wakayama,November_Pentad4,8.6,14.6,3.7,3
2013,Wakayama,November_Pentad5,8.7,15.3,3.7,17.5
2013,Wakayama,November_Pentad6,6.6,12,1.5,2
2013,Wakayama,December_Pentad1,6.6,13.9,2,0.5
2013,Wakayama,December_Pentad2,7.4,12.9,2,22.5
2013,Wakayama,December_Pentad3,4.2,8.6,0.1,8.5
2013,Wakayama,December_Pentad4,5.2,7.6,2.9,22.5
2013,Wakayama,December_Pentad5,4.5,8.2,2,12
2013,Wakayama,December_Pentad6,2.9,7.9,-0.6,27
2014,Wakayama,January_Pentad1,4.7,10.9,-0.1,0
2014,Wakayama,January_Pentad2,3.2,8.6,-1.1,42
2014,Wakayama,January_Pentad3,1.9,7.8,-2.1,0
2014,Wakayama,January_Pentad4,2.4,8.7,-2.8,8
2014,Wakayama,January_Pentad5,4,10.5,-1.7,7.5
2014,Wakayama,January_Pentad6,5.6,11.5,-0.1,13.5
2014,Wakayama,February_Pentad1,7.1,13.4,1.7,9
2014,Wakayama,February_Pentad2,1.2,4.3,-1.6,15
2014,Wakayama,February_Pentad3,1.8,5.8,-1.2,27.5
2014,Wakayama,February_Pentad4,2.8,7.9,-1.3,0
2014,Wakayama,February_Pentad5,2.7,10.4,-3,0
2014,Wakayama,February_Pentad6,9.2,14.5,3.9,5
2014,Wakayama,March_Pentad1,6.7,11.1,1.5,30
2014,Wakayama,March_Pentad2,3.1,8.4,-1,5.5
2014,Wakayama,March_Pentad3,6.5,13,0.7,38
2014,Wakayama,March_Pentad4,10.4,16.1,4.2,18.5
2014,Wakayama,March_Pentad5,8.6,15.5,2.2,3.5
2014,Wakayama,March_Pentad6,12.9,18,7.7,100.5
2014,Wakayama,April_Pentad1,10.7,18,4.1,32
2014,Wakayama,April_Pentad2,10,18.3,2.8,4.5
2014,Wakayama,April_Pentad3,10.9,19.1,3.7,0
2014,Wakayama,April_Pentad4,13.2,18.9,7.6,15
2014,Wakayama,April_Pentad5,13.6,20.6,7,1.5
2014,Wakayama,April_Pentad6,15.3,21.9,10.4,26
2014,Wakayama,May_Pentad1,16.1,23.3,9.7,2
2014,Wakayama,May_Pentad2,15.3,22.9,8,0
2014,Wakayama,May_Pentad3,17,24,11.1,43
2014,Wakayama,May_Pentad4,17.7,25.1,10.7,13
2014,Wakayama,May_Pentad5,17.9,24.1,12,19.5
2014,Wakayama,May_Pentad6,20.2,27.7,13.7,19
2014,Wakayama,June_Pentad1,21.7,28.7,16.4,13.5
2014,Wakayama,June_Pentad2,22.1,28.1,18.4,2.5
2014,Wakayama,June_Pentad3,21.3,27.2,17.4,0.5
2014,Wakayama,June_Pentad4,20.7,26.4,16,2.5
2014,Wakayama,June_Pentad5,22,28.2,18.2,20.5
2014,Wakayama,June_Pentad6,22.7,28.3,19.2,22.5
2014,Wakayama,July_Pentad1,22.8,28.6,18.5,21
2014,Wakayama,July_Pentad2,24.2,28.8,21.3,39.5
2014,Wakayama,July_Pentad3,25.3,30.9,21.3,37
2014,Wakayama,July_Pentad4,26.2,32.6,21.3,0.5
2014,Wakayama,July_Pentad5,27.3,33.7,22.1,0
2014,Wakayama,July_Pentad6,26.8,34.5,20.9,1.5
2014,Wakayama,August_Pentad1,25.3,29.5,22.4,62.5
2014,Wakayama,August_Pentad2,25.2,29.8,21.9,242
2014,Wakayama,August_Pentad3,26,31.4,22.8,71.5
2014,Wakayama,August_Pentad4,27.2,32.8,23.1,8.5
2014,Wakayama,August_Pentad5,25.8,31.7,22.3,9
2014,Wakayama,August_Pentad6,23.5,28.8,20.4,22
2014,Wakayama,September_Pentad1,23.7,28.1,20.6,14
2014,Wakayama,September_Pentad2,23.2,30.1,18.4,14
2014,Wakayama,September_Pentad3,20.7,27.5,15.1,3.5
2014,Wakayama,September_Pentad4,19.1,24.5,14.9,0
2014,Wakayama,September_Pentad5,20.8,27.8,15.2,27
2014,Wakayama,September_Pentad6,20.5,27.7,14.7,0
2014,Wakayama,October_Pentad1,21.3,26.9,17.4,0.5
2014,Wakayama,October_Pentad2,18.3,24.6,13.4,39.5
2014,Wakayama,October_Pentad3,18.1,22.9,14.3,26.5
2014,Wakayama,October_Pentad4,14.7,21.9,9.4,0.5
2014,Wakayama,October_Pentad5,15.8,22,11.3,5
2014,Wakayama,October_Pentad6,14.1,21.3,8.4,17
2014,Wakayama,November_Pentad1,13.6,18.7,8.8,24.5
2014,Wakayama,November_Pentad2,13.5,18.3,8.7,4.5
2014,Wakayama,November_Pentad3,10,14.9,6.1,2.5
2014,Wakayama,November_Pentad4,7.6,14,2.8,0
2014,Wakayama,November_Pentad5,10.8,18.4,5.3,48.5
2014,Wakayama,November_Pentad6,11.9,17.3,7,30
2014,Wakayama,December_Pentad1,6.2,9.3,3.6,31
2014,Wakayama,December_Pentad2,4.9,10.5,0.8,6
2014,Wakayama,December_Pentad3,4.5,8.1,1.5,13
2014,Wakayama,December_Pentad4,3.1,7.8,0,36.5
2014,Wakayama,December_Pentad5,4.1,8.1,0.3,2
2014,Wakayama,December_Pentad6,4.5,9.9,0.2,11.5
2015,Wakayama,January_Pentad1,2.9,8.2,-0.8,4
2015,Wakayama,January_Pentad2,4.7,7.8,2.3,19
2015,Wakayama,January_Pentad3,3.9,8,-0.1,26
2015,Wakayama,January_Pentad4,4.4,9.2,0.4,3
2015,Wakayama,January_Pentad5,5,10.6,0.5,22
2015,Wakayama,January_Pentad6,4.2,8,0.6,39.5
2015,Wakayama,February_Pentad1,3.3,7.2,0.2,2
2015,Wakayama,February_Pentad2,2.6,8.1,-1.4,14
2015,Wakayama,February_Pentad3,4.2,10.2,-0.7,0
2015,Wakayama,February_Pentad4,5,10,1.2,4
2015,Wakayama,February_Pentad5,8.1,14.8,1.9,19
2015,Wakayama,February_Pentad6,6.1,10.4,2.6,15.5
2015,Wakayama,March_Pentad1,5.7,10.6,1.3,35
2015,Wakayama,March_Pentad2,6.1,10.2,2.7,45
2015,Wakayama,March_Pentad3,4.7,10.4,-0.6,6.5
2015,Wakayama,March_Pentad4,13.1,18.6,8.3,74
2015,Wakayama,March_Pentad5,8,14.8,2.8,0
2015,Wakayama,March_Pentad6,10.6,18.6,3.5,5.5
2015,Wakayama,April_Pentad1,16.6,22.1,12.4,44
2015,Wakayama,April_Pentad2,10,13.8,6.6,32
2015,Wakayama,April_Pentad3,12.1,16.8,8.5,19
2015,Wakayama,April_Pentad4,15.2,22.2,8.1,21.5
2015,Wakayama,April_Pentad5,14.9,22.6,7.7,2.5
2015,Wakayama,April_Pentad6,17.1,24.1,10.3,0
2015,Wakayama,May_Pentad1,18,25.7,12.1,5
2015,Wakayama,May_Pentad2,17.2,23.4,12,3
2015,Wakayama,May_Pentad3,18.4,26.1,10.7,20
2015,Wakayama,May_Pentad4,19.1,26,12.7,47
2015,Wakayama,May_Pentad5,18.3,25.6,12.2,1.5
2015,Wakayama,May_Pentad6,22.2,30.1,15.1,0
2015,Wakayama,June_Pentad1,19.4,24.8,13.6,50.5
2015,Wakayama,June_Pentad2,19.2,25.2,15,44
2015,Wakayama,June_Pentad3,21.9,27.3,18,36
2015,Wakayama,June_Pentad4,20.8,25,18.2,23.5
2015,Wakayama,June_Pentad5,22.7,28.7,18.3,5
2015,Wakayama,June_Pentad6,21.1,25.3,17.4,17.5
2015,Wakayama,July_Pentad1,21.2,24.9,18.7,144
2015,Wakayama,July_Pentad2,23.2,27,21,36
2015,Wakayama,July_Pentad3,26.9,33.1,22,0
2015,Wakayama,July_Pentad4,25,29.2,21.9,128.5
2015,Wakayama,July_Pentad5,25.1,29.9,21.5,49.5
2015,Wakayama,July_Pentad6,27.5,33.6,22.9,0
2015,Wakayama,August_Pentad1,28.5,35.1,23.4,0
2015,Wakayama,August_Pentad2,27.7,35.5,23,0
2015,Wakayama,August_Pentad3,26.4,32.3,21.8,21.5
2015,Wakayama,August_Pentad4,24.2,29.3,21.2,128
2015,Wakayama,August_Pentad5,25.5,31.4,21.3,14
2015,Wakayama,August_Pentad6,24.3,29.7,21.1,18.5
2015,Wakayama,September_Pentad1,23.1,28.2,20.3,51.5
2015,Wakayama,September_Pentad2,21,23.5,19,92
2015,Wakayama,September_Pentad3,20.4,27,15.3,0
2015,Wakayama,September_Pentad4,19.7,24,16.6,12.5
2015,Wakayama,September_Pentad5,20.7,26.6,17,24
2015,Wakayama,September_Pentad6,19.5,26,15.1,0
2015,Wakayama,October_Pentad1,18,24.8,12.7,24
2015,Wakayama,October_Pentad2,15.8,22.6,10.8,2
2015,Wakayama,October_Pentad3,15.6,22,10.4,1
2015,Wakayama,October_Pentad4,16.6,24.6,10.5,0
2015,Wakayama,October_Pentad5,15.8,23.4,10.3,1.5
2015,Wakayama,October_Pentad6,13.3,20.3,7,11
2015,Wakayama,November_Pentad1,12.2,18.6,7.3,22.5
2015,Wakayama,November_Pentad2,16.4,20.6,12.9,21.5
2015,Wakayama,November_Pentad3,14.2,19.1,9.9,34.5
2015,Wakayama,November_Pentad4,14.3,18.2,11,45.5
2015,Wakayama,November_Pentad5,11.9,15.8,8.7,13.5
2015,Wakayama,November_Pentad6,7.2,12.4,3.3,4.5
2015,Wakayama,December_Pentad1,8.2,13.6,4,9
2015,Wakayama,December_Pentad2,8,14.3,2.9,2.5
2015,Wakayama,December_Pentad3,11.4,17,7.6,28.5
2015,Wakayama,December_Pentad4,6.1,10.5,2.2,0.5
2015,Wakayama,December_Pentad5,7.9,11.7,4.3,33.5
2015,Wakayama,December_Pentad6,5,10.8,0,0
2016,Wakayama,January_Pentad1,7.2,13.6,2.1,0
2016,Wakayama,January_Pentad2,5.7,10.9,2.3,0
2016,Wakayama,January_Pentad3,3.9,9.7,-0.8,2
2016,Wakayama,January_Pentad4,3.2,7.6,-1,9.5
2016,Wakayama,January_Pentad5,1,5.5,-2.4,1.5
2016,Wakayama,January_Pentad6,5.4,10.2,1.4,60
2016,Wakayama,February_Pentad1,3.5,9.8,-1.2,0
2016,Wakayama,February_Pentad2,3.4,9.2,-1.7,1.5
2016,Wakayama,February_Pentad3,8.9,15.8,2.8,75.5
2016,Wakayama,February_Pentad4,4.7,10.6,0.2,27
2016,Wakayama,February_Pentad5,4.5,9.6,0,2.5
2016,Wakayama,February_Pentad6,5.6,13.5,-0.7,3.5
2016,Wakayama,March_Pentad1,7,15.1,0.8,0
2016,Wakayama,March_Pentad2,11.5,16.8,7,38
2016,Wakayama,March_Pentad3,5.6,11.7,0.3,27.5
2016,Wakayama,March_Pentad4,10.4,17.9,4,12
2016,Wakayama,March_Pentad5,8.1,15.2,1.4,0
2016,Wakayama,March_Pentad6,9.2,16.9,2.3,5
2016,Wakayama,April_Pentad1,14.1,19.3,9.8,38
2016,Wakayama,April_Pentad2,14.8,21.3,8.7,35.5
2016,Wakayama,April_Pentad3,13.3,19.3,6.9,13.5
2016,Wakayama,April_Pentad4,15,22.3,7.6,0.5
2016,Wakayama,April_Pentad5,16.3,22.8,11.6,45.5
2016,Wakayama,April_Pentad6,14.7,20.8,8.8,12.5
2016,Wakayama,May_Pentad1,18.4,25.7,11,1
2016,Wakayama,May_Pentad2,16.6,22.2,12.6,61
2016,Wakayama,May_Pentad3,18.8,26,11.9,21
2016,Wakayama,May_Pentad4,18.1,26.2,11.2,36
2016,Wakayama,May_Pentad5,20.5,28.3,13.5,0
2016,Wakayama,May_Pentad6,20.4,25.3,16.3,20
2016,Wakayama,June_Pentad1,18.1,24.5,11.9,2.5
2016,Wakayama,June_Pentad2,21.1,27.1,16.5,6.5
2016,Wakayama,June_Pentad3,22.4,27.3,18.3,10
2016,Wakayama,June_Pentad4,22,26.7,18.6,51
2016,Wakayama,June_Pentad5,22.7,27.6,18.4,130.5
2016,Wakayama,June_Pentad6,21.3,26.6,17.6,40.5
2016,Wakayama,July_Pentad1,27.3,33.3,22.2,0
2016,Wakayama,July_Pentad2,25.3,30.7,21.1,63
2016,Wakayama,July_Pentad3,25.7,30.7,22.8,12
2016,Wakayama,July_Pentad4,26.2,32.4,21.3,0
2016,Wakayama,July_Pentad5,25.3,31.6,20.6,0
2016,Wakayama,July_Pentad6,25.8,32.5,21.9,29.5
2016,Wakayama,August_Pentad1,27,33.9,22.2,4
2016,Wakayama,August_Pentad2,26.5,34,21.7,22.5
2016,Wakayama,August_Pentad3,27.1,34.4,21.2,0
2016,Wakayama,August_Pentad4,27.7,34.6,23.6,17
2016,Wakayama,August_Pentad5,27.5,35,22.8,2.5
2016,Wakayama,August_Pentad6,24.3,29.8,20.2,100
2016,Wakayama,September_Pentad1,24.4,31.5,19.7,11.5
2016,Wakayama,September_Pentad2,23.8,30.2,19.8,24.5
2016,Wakayama,September_Pentad3,23.4,28.1,20.5,27.5
2016,Wakayama,September_Pentad4,23.2,27.6,20.5,115
2016,Wakayama,September_Pentad5,21.7,25.8,18.9,21
2016,Wakayama,September_Pentad6,23.3,29.1,19.6,28
2016,Wakayama,October_Pentad1,22.8,28,19.3,33.5
2016,Wakayama,October_Pentad2,19.8,25.6,14.4,13.5
2016,Wakayama,October_Pentad3,15.3,21.6,10.7,0
2016,Wakayama,October_Pentad4,20,25.7,15.8,21
2016,Wakayama,October_Pentad5,15,19.1,11.2,11.5
2016,Wakayama,October_Pentad6,14.6,20,9.4,20.5
2016,Wakayama,November_Pentad1,10.8,18,6.1,15
2016,Wakayama,November_Pentad2,9.4,14.2,4.7,20.5
2016,Wakayama,November_Pentad3,13,19.1,8.3,5.5
2016,Wakayama,November_Pentad4,12.7,18.6,7.4,3
2016,Wakayama,November_Pentad5,10.4,14.9,7.2,12.5
2016,Wakayama,November_Pentad6,8.9,12.9,5.1,30
2016,Wakayama,December_Pentad1,9.9,15.6,5.1,10.5
2016,Wakayama,December_Pentad2,6.6,12.7,1.5,3.5
2016,Wakayama,December_Pentad3,5,9.5,0.5,30.5
2016,Wakayama,December_Pentad4,5.4,12.4,0.4,2
2016,Wakayama,December_Pentad5,8.8,14.3,4.3,32
2016,Wakayama,December_Pentad6,5.5,10.8,0.3,34.5
2017,Wakayama,January_Pentad1,5.7,12.3,0.9,0
2017,Wakayama,January_Pentad2,5.4,9.9,1.6,25
2017,Wakayama,January_Pentad3,3.3,6.8,-0.4,1.5
2017,Wakayama,January_Pentad4,3,8.6,-1.5,2.5
2017,Wakayama,January_Pentad5,1.3,5.7,-1.7,7
2017,Wakayama,January_Pentad6,4.9,11.7,-0.7,5.5
2017,Wakayama,February_Pentad1,4.3,9.3,-0.3,16.5
2017,Wakayama,February_Pentad2,2.7,6.4,0.1,32
2017,Wakayama,February_Pentad3,1.7,7.3,-2,8
2017,Wakayama,February_Pentad4,7.6,14.4,1.4,12
2017,Wakayama,February_Pentad5,5.1,11.2,0,21
2017,Wakayama,February_Pentad6,4.6,12,-1.2,0
2017,Wakayama,March_Pentad1,6.7,14.2,0.8,5
2017,Wakayama,March_Pentad2,5.5,10.6,1.1,0.5
2017,Wakayama,March_Pentad3,6.1,11.9,1.6,4.5
2017,Wakayama,March_Pentad4,7.2,14.7,0.2,0
2017,Wakayama,March_Pentad5,6.8,11.6,2.8,17
2017,Wakayama,March_Pentad6,8.3,14.8,2.9,21
2017,Wakayama,April_Pentad1,8.9,16.7,1.7,1.5
2017,Wakayama,April_Pentad2,15,19.6,10.4,47
2017,Wakayama,April_Pentad3,13,19.4,6.4,10.5
2017,Wakayama,April_Pentad4,15.4,20.8,9.3,40
2017,Wakayama,April_Pentad5,13.7,21.2,7.2,1
2017,Wakayama,April_Pentad6,14.3,21.3,7.8,8
2017,Wakayama,May_Pentad1,16.9,24.8,9.5,0
2017,Wakayama,May_Pentad2,17.6,23.8,12.8,16
2017,Wakayama,May_Pentad3,18.4,24.6,13.7,48
2017,Wakayama,May_Pentad4,17.7,25.3,10.3,0
2017,Wakayama,May_Pentad5,19.9,26.2,14.7,22.5
2017,Wakayama,May_Pentad6,20.4,28,14.3,0
2017,Wakayama,June_Pentad1,18.5,26,11.4,10
2017,Wakayama,June_Pentad2,19.4,25.3,13.7,30
2017,Wakayama,June_Pentad3,18.7,26.2,11.5,0
2017,Wakayama,June_Pentad4,21.5,29.2,14.6,0
2017,Wakayama,June_Pentad5,21.6,27,17.9,43
2017,Wakayama,June_Pentad6,22.7,27.2,20.1,27.5
2017,Wakayama,July_Pentad1,25.6,30.5,22.2,56.5
2017,Wakayama,July_Pentad2,24.8,30.5,21.1,10.5
2017,Wakayama,July_Pentad3,26.4,32.3,21.9,5
2017,Wakayama,July_Pentad4,26.2,32.2,22,4
2017,Wakayama,July_Pentad5,27.2,33.7,22.5,0
2017,Wakayama,July_Pentad6,27.5,33.5,23.8,43
2017,Wakayama,August_Pentad1,27.4,34.4,22.6,0.5
2017,Wakayama,August_Pentad2,27.1,32.7,23,100
2017,Wakayama,August_Pentad3,26.3,32.7,21.9,1
2017,Wakayama,August_Pentad4,26.8,32.9,22.9,0.5
2017,Wakayama,August_Pentad5,28,34.1,23.2,0
2017,Wakayama,August_Pentad6,25.5,32.9,20.7,2.5
2017,Wakayama,September_Pentad1,22.2,28.5,16.9,0
2017,Wakayama,September_Pentad2,24,30.2,18.9,6
2017,Wakayama,September_Pentad3,22.6,27.5,18.7,27
2017,Wakayama,September_Pentad4,21.1,26.3,17.3,43.5
2017,Wakayama,September_Pentad5,20.2,25.4,16.1,3.5
2017,Wakayama,September_Pentad6,19.4,26.1,13.6,5.5
2017,Wakayama,October_Pentad1,17.8,23,12.7,16
2017,Wakayama,October_Pentad2,20.4,26.3,16.5,12.5
2017,Wakayama,October_Pentad3,18.4,22.5,15.6,26
2017,Wakayama,October_Pentad4,14.2,16.5,12.3,95
2017,Wakayama,October_Pentad5,14.2,16.9,11.8,314.5
2017,Wakayama,October_Pentad6,13.5,18.9,9.1,57.5
2017,Wakayama,November_Pentad1,12.2,19.7,6.7,0
2017,Wakayama,November_Pentad2,12.7,19.3,7.1,9
2017,Wakayama,November_Pentad3,10.1,15.6,5.8,20
2017,Wakayama,November_Pentad4,7,11,3.4,21.5
2017,Wakayama,November_Pentad5,6.6,12.4,1.9,13
2017,Wakayama,November_Pentad6,10.4,15.9,6.2,5.5
2017,Wakayama,December_Pentad1,5.9,10.9,1.9,2.5
2017,Wakayama,December_Pentad2,4.2,9.7,-0.2,11.5
2017,Wakayama,December_Pentad3,3.8,8,0.8,0.5
2017,Wakayama,December_Pentad4,3.3,8.3,-0.3,0
2017,Wakayama,December_Pentad5,5.1,12.1,-0.3,24
2017,Wakayama,December_Pentad6,4.3,8.2,0.8,1
2018,Wakayama,January_Pentad1,2.9,6.6,-0.5,4
2018,Wakayama,January_Pentad2,4.4,8.5,0.4,42.5
2018,Wakayama,January_Pentad3,0.9,6.3,-3.5,3
2018,Wakayama,January_Pentad4,7.6,13.9,2.8,62.5
2018,Wakayama,January_Pentad5,1.4,5.6,-1.3,15
2018,Wakayama,January_Pentad6,0.6,5.2,-2.8,0.5
2018,Wakayama,February_Pentad1,1.2,5.4,-1.1,4
2018,Wakayama,February_Pentad2,1,6.8,-3.3,14
2018,Wakayama,February_Pentad3,2.7,8.3,-2,1.5
2018,Wakayama,February_Pentad4,4.2,10.1,-0.9,0
2018,Wakayama,February_Pentad5,4.5,11,-0.4,3.5
2018,Wakayama,February_Pentad6,7.2,15.1,0.1,5.5
2018,Wakayama,March_Pentad1,10.2,17.6,3.5,82
2018,Wakayama,March_Pentad2,6.4,11.9,1.7,26
2018,Wakayama,March_Pentad3,10.3,18.9,2.5,0
2018,Wakayama,March_Pentad4,9.1,15.7,3.8,45.5
2018,Wakayama,March_Pentad5,8.1,14.7,2.7,31
2018,Wakayama,March_Pentad6,13.1,21.6,5.3,0
2018,Wakayama,April_Pentad1,16,24.4,9.3,0
2018,Wakayama,April_Pentad2,10.9,17.9,4.8,14.5
2018,Wakayama,April_Pentad3,14.9,22,7.4,70
2018,Wakayama,April_Pentad4,13.6,20.7,7.8,14.5
2018,Wakayama,April_Pentad5,16.7,22.6,10.5,79
2018,Wakayama,April_Pentad6,15.8,23.1,9.3,0
2018,Wakayama,May_Pentad1,16.2,22.2,10,34.5
2018,Wakayama,May_Pentad2,15.2,20.9,10.5,90.5
2018,Wakayama,May_Pentad3,17.2,24.4,10.3,101
2018,Wakayama,May_Pentad4,19.6,25.9,14,34
2018,Wakayama,May_Pentad5,18.1,26.3,12.3,6
2018,Wakayama,May_Pentad6,19.4,24.4,15.5,38.5
2018,Wakayama,June_Pentad1,19.6,27.5,13.5,6
2018,Wakayama,June_Pentad2,21,24.8,17.8,34
2018,Wakayama,June_Pentad3,19.5,24.1,15.5,6
2018,Wakayama,June_Pentad4,20.8,26,16.8,147
2018,Wakayama,June_Pentad5,21.2,26.8,17,22.5
2018,Wakayama,June_Pentad6,26.1,31.4,22,5
2018,Wakayama,July_Pentad1,25.7,30.3,21.6,58
2018,Wakayama,July_Pentad2,24.2,28.8,20.9,108
2018,Wakayama,July_Pentad3,27.4,34.1,22.4,0
2018,Wakayama,July_Pentad4,28.7,35.9,23.8,0
2018,Wakayama,July_Pentad5,28.5,35.6,22.7,0
2018,Wakayama,July_Pentad6,26.2,32.1,22.6,109.5
2018,Wakayama,August_Pentad1,27.8,34.4,22,0
2018,Wakayama,August_Pentad2,27,32.4,22.6,0
2018,Wakayama,August_Pentad3,27.3,34,22.8,3
2018,Wakayama,August_Pentad4,24.1,31.1,18.1,8
2018,Wakayama,August_Pentad5,27.9,33.6,23.6,58.5
2018,Wakayama,August_Pentad6,27.1,33.5,22.1,0
2018,Wakayama,September_Pentad1,24.2,28.7,20.5,155
2018,Wakayama,September_Pentad2,22.8,26.5,20.2,100.5
2018,Wakayama,September_Pentad3,21.9,26.7,19.3,9.5
2018,Wakayama,September_Pentad4,22.6,27.9,19,17.5
2018,Wakayama,September_Pentad5,21.5,26.2,18,39.5
2018,Wakayama,September_Pentad6,18.2,22.3,15.1,144
2018,Wakayama,October_Pentad1,18.9,24.6,14.6,14.5
2018,Wakayama,October_Pentad2,21,26.3,16.8,14.5
2018,Wakayama,October_Pentad3,16.3,21.1,12.6,3.5
2018,Wakayama,October_Pentad4,15.4,21.7,11,0
2018,Wakayama,October_Pentad5,14.1,20.9,8.8,3.5
2018,Wakayama,October_Pentad6,13.2,19.8,8.4,7.5
2018,Wakayama,November_Pentad1,12.6,19.2,7.2,0
2018,Wakayama,November_Pentad2,15.4,21.2,10.6,46
2018,Wakayama,November_Pentad3,11.4,15.9,7.3,1
2018,Wakayama,November_Pentad4,10.9,16.7,6,4.5
2018,Wakayama,November_Pentad5,7.9,14.2,3.2,1
2018,Wakayama,November_Pentad6,10.1,16.1,6,10.5
2018,Wakayama,December_Pentad1,13,19.1,7.9,10
2018,Wakayama,December_Pentad2,6.7,10.1,3.7,2.5
2018,Wakayama,December_Pentad3,5.1,10.1,0.5,19
2018,Wakayama,December_Pentad4,6.5,11.9,2.1,21.5
2018,Wakayama,December_Pentad5,7.8,13.2,3.2,18
2018,Wakayama,December_Pentad6,3.4,7.4,0,11.5
2019,Wakayama,January_Pentad1,4.3,9.8,0,0.5
2019,Wakayama,January_Pentad2,3.5,8.6,-1.7,0
2019,Wakayama,January_Pentad3,3.9,9,-0.7,2
2019,Wakayama,January_Pentad4,4.6,9.8,-0.1,2.5
2019,Wakayama,January_Pentad5,4.5,10.4,-0.7,0
2019,Wakayama,January_Pentad6,3,8,-1.2,22.5
2019,Wakayama,February_Pentad1,5.9,12.1,-0.2,22.5
2019,Wakayama,February_Pentad2,5,9.5,1.2,22.5
2019,Wakayama,February_Pentad3,3.3,7.6,-0.5,0
2019,Wakayama,February_Pentad4,7,12.7,2.2,13.5
2019,Wakayama,February_Pentad5,6.9,13.1,1.5,0
2019,Wakayama,February_Pentad6,6.8,11.7,2.2,25.5
2019,Wakayama,March_Pentad1,8,13,3.6,26
2019,Wakayama,March_Pentad2,7.5,13.4,2.3,25
2019,Wakayama,March_Pentad3,7.2,13.6,1.5,13.5
2019,Wakayama,March_Pentad4,6.6,13,1.2,9.5
2019,Wakayama,March_Pentad5,9.4,15.9,2.8,0
2019,Wakayama,March_Pentad6,11,17.9,5.4,10.5
2019,Wakayama,April_Pentad1,7.4,14.9,1,2.5
2019,Wakayama,April_Pentad2,12.3,18.8,6.1,17.5
2019,Wakayama,April_Pentad3,10.5,16.8,5,20
2019,Wakayama,April_Pentad4,13.8,23,6.8,1
2019,Wakayama,April_Pentad5,18.7,25,13.3,10.5
2019,Wakayama,April_Pentad6,13.3,19,8,22
2019,Wakayama,May_Pentad1,16.5,23.7,10.5,11.5
2019,Wakayama,May_Pentad2,14.9,23,7.3,0.5
2019,Wakayama,May_Pentad3,18.1,26.1,11.4,5
2019,Wakayama,May_Pentad4,19.2,26,13.2,4.5
2019,Wakayama,May_Pentad5,19.4,28.1,10.8,59.5
2019,Wakayama,May_Pentad6,19.9,26.4,13.8,32
2019,Wakayama,June_Pentad1,20.6,26.8,16.2,1.5
2019,Wakayama,June_Pentad2,20.5,26.3,16.8,93
2019,Wakayama,June_Pentad3,20.1,27.5,15.8,44.5
2019,Wakayama,June_Pentad4,20.5,26.5,15,0
2019,Wakayama,June_Pentad5,22.1,28.8,16.9,0.5
2019,Wakayama,June_Pentad6,24.3,29,20.9,74.5
2019,Wakayama,July_Pentad1,22.9,27.1,20.6,91.5
2019,Wakayama,July_Pentad2,22.9,28.6,19.6,15.5
2019,Wakayama,July_Pentad3,22.8,27.5,20.2,42.5
2019,Wakayama,July_Pentad4,24.2,29,21.4,76.5
2019,Wakayama,July_Pentad5,25.9,31.8,22.5,45.5
2019,Wakayama,July_Pentad6,26.7,32.8,22.6,20
2019,Wakayama,August_Pentad1,28,34.4,23.5,0
2019,Wakayama,August_Pentad2,27.8,34.3,23.4,2
2019,Wakayama,August_Pentad3,27.6,33.3,23.6,84
2019,Wakayama,August_Pentad4,26.6,32.2,22.9,68
2019,Wakayama,August_Pentad5,25.3,30.2,21.7,22.5
2019,Wakayama,August_Pentad6,23.8,28.1,20.1,89.5
2019,Wakayama,September_Pentad1,25.3,32,21.2,0.5
2019,Wakayama,September_Pentad2,27.2,34.1,22,0
2019,Wakayama,September_Pentad3,24.4,29.7,19.8,27
2019,Wakayama,September_Pentad4,21.6,27.6,17.1,3.5
2019,Wakayama,September_Pentad5,21.8,27.5,17.7,8.5
2019,Wakayama,September_Pentad6,23.4,29.7,19,0
2019,Wakayama,October_Pentad1,22.2,27.7,19.1,19
2019,Wakayama,October_Pentad2,18.6,24.6,12.7,2
2019,Wakayama,October_Pentad3,18.6,21.7,15.1,97
2019,Wakayama,October_Pentad4,17.6,23.1,13.5,31.5
2019,Wakayama,October_Pentad5,16.7,20.1,14.3,82
2019,Wakayama,October_Pentad6,14.8,20.9,11.6,28
2019,Wakayama,November_Pentad1,12.9,19.7,7.6,0
2019,Wakayama,November_Pentad2,10.7,18.5,4.8,0
2019,Wakayama,November_Pentad3,11.8,18.6,5.4,6
2019,Wakayama,November_Pentad4,11.1,17.7,5.5,16.5
2019,Wakayama,November_Pentad5,11.4,16.8,7.2,0.5
2019,Wakayama,November_Pentad6,7.7,11.9,4.2,5
2019,Wakayama,December_Pentad1,7.6,13.4,2.8,24
2019,Wakayama,December_Pentad2,6,11.8,2.1,0
2019,Wakayama,December_Pentad3,6.6,12.6,1.6,0
2019,Wakayama,December_Pentad4,8.3,13.2,3.2,2
2019,Wakayama,December_Pentad5,6,12.1,1.5,25.5
2019,Wakayama,December_Pentad6,7.1,12,2.6,20.5
2020,Wakayama,January_Pentad1,4.9,10.5,0.4,0
2020,Wakayama,January_Pentad2,7.6,12.6,3.5,18.5
2020,Wakayama,January_Pentad3,5.2,10.2,1.2,6.5
2020,Wakayama,January_Pentad4,4.4,8.9,0.2,9.5
2020,Wakayama,January_Pentad5,6.8,11,2.9,24
2020,Wakayama,January_Pentad6,7.3,11.1,4.2,17.5
2020,Wakayama,February_Pentad1,4.3,10.7,-1,0
2020,Wakayama,February_Pentad2,2.4,7.7,-3,3.5
2020,Wakayama,February_Pentad3,7.9,13.3,3,12.5
2020,Wakayama,February_Pentad4,6,11.9,1.3,32.5
2020,Wakayama,February_Pentad5,7.4,14.6,0.6,26.5
2020,Wakayama,February_Pentad6,6.2,9.1,2.9,25
2020,Wakayama,March_Pentad1,7.9,12.4,4.1,13.5
2020,Wakayama,March_Pentad2,8.8,16,3.6,44
2020,Wakayama,March_Pentad3,7.7,13.4,2.8,11
2020,Wakayama,March_Pentad4,8.7,16.2,1.8,6
2020,Wakayama,March_Pentad5,10.1,17.7,3.3,0
2020,Wakayama,March_Pentad6,11.7,17.1,7,39.5
2020,Wakayama,April_Pentad1,10.5,16.3,5.1,28.5
2020,Wakayama,April_Pentad2,10.4,18,3.3,0
2020,Wakayama,April_Pentad3,9,14.1,4.1,37.5
2020,Wakayama,April_Pentad4,13.7,20,8.7,34.5
2020,Wakayama,April_Pentad5,11,17.3,5,0
2020,Wakayama,April_Pentad6,14.2,22.3,6.6,0
2020,Wakayama,May_Pentad1,18.8,26,12.9,0
2020,Wakayama,May_Pentad2,17.5,24.5,11.1,19.5
2020,Wakayama,May_Pentad3,18.2,26.3,11,3.5
2020,Wakayama,May_Pentad4,18.4,24.5,14.6,83.5
2020,Wakayama,May_Pentad5,19,25.1,13.6,0
2020,Wakayama,May_Pentad6,19.1,25.9,13.9,13
2020,Wakayama,June_Pentad1,22,29.1,16.3,0.5
2020,Wakayama,June_Pentad2,22.5,29.3,16.4,2.5
2020,Wakayama,June_Pentad3,24.1,28.5,21.5,53
2020,Wakayama,June_Pentad4,20.6,24.9,17.1,88.5
2020,Wakayama,June_Pentad5,23.2,29.7,17.5,0
2020,Wakayama,June_Pentad6,24.2,28.8,19.7,59
2020,Wakayama,July_Pentad1,22.9,27.2,19.3,90
2020,Wakayama,July_Pentad2,23.9,27.1,21.9,192.5
2020,Wakayama,July_Pentad3,22.6,25.6,20.2,56
2020,Wakayama,July_Pentad4,24.4,30.1,20.8,16
2020,Wakayama,July_Pentad5,25.2,30.2,22.3,145.5
2020,Wakayama,July_Pentad6,25.6,30.6,22.4,48.5
2020,Wakayama,August_Pentad1,26.5,33.5,21.8,0
2020,Wakayama,August_Pentad2,28,34.3,23.1,0
2020,Wakayama,August_Pentad3,29.1,35.4,24.1,0
2020,Wakayama,August_Pentad4,29,36.6,23.2,0
2020,Wakayama,August_Pentad5,27.5,35.9,22.4,0
2020,Wakayama,August_Pentad6,27.4,35.2,23,41
2020,Wakayama,September_Pentad1,25.8,32.6,23.1,95
2020,Wakayama,September_Pentad2,23.7,28.8,20.6,39.5
2020,Wakayama,September_Pentad3,23.4,29.3,19.3,1
2020,Wakayama,September_Pentad4,22.8,28.2,18.9,5
2020,Wakayama,September_Pentad5,20.4,25.5,16.7,52.5
2020,Wakayama,September_Pentad6,19.4,25,15.3,0.5
2020,Wakayama,October_Pentad1,19.8,26.1,14.4,0
2020,Wakayama,October_Pentad2,16.6,20.2,13.4,163
2020,Wakayama,October_Pentad3,18.3,24.4,14,0
2020,Wakayama,October_Pentad4,13.2,17.8,10.3,35
2020,Wakayama,October_Pentad5,14.3,19.8,9,58.5
2020,Wakayama,October_Pentad6,12.4,20.2,7.3,0
2020,Wakayama,November_Pentad1,12,18.1,7.2,28
2020,Wakayama,November_Pentad2,12.7,18.3,7.9,11
2020,Wakayama,November_Pentad3,10.5,17.5,5.3,0
2020,Wakayama,November_Pentad4,15.9,23.8,10.7,18.5
2020,Wakayama,November_Pentad5,10.6,16.3,5.1,0.5
2020,Wakayama,November_Pentad6,9.2,14.9,4.4,0.5
2020,Wakayama,December_Pentad1,7.4,13.9,2.2,0
2020,Wakayama,December_Pentad2,7.4,15,2,0
2020,Wakayama,December_Pentad3,7.1,12,3.6,3
2020,Wakayama,December_Pentad4,3.3,7,0.3,6
2020,Wakayama,December_Pentad5,4.4,9.7,0.4,6.5
2020,Wakayama,December_Pentad6,4.7,10.3,0.4,26.5
2021,Wakayama,January_Pentad1,2.3,7.5,-1.3,0
2021,Wakayama,January_Pentad2,0.6,5.4,-2.3,0
2021,Wakayama,January_Pentad3,2.8,9.5,-1.3,6
2021,Wakayama,January_Pentad4,3.9,9.7,-0.1,1
2021,Wakayama,January_Pentad5,7,10.7,3.7,41.5
2021,Wakayama,January_Pentad6,5.6,11.4,0.7,13
2021,Wakayama,February_Pentad1,4.9,11.2,-1.3,33
2021,Wakayama,February_Pentad2,5.6,12.1,0.7,2
2021,Wakayama,February_Pentad3,9.5,16.1,3.7,22.5
2021,Wakayama,February_Pentad4,3.8,9.4,-0.9,0
2021,Wakayama,February_Pentad5,8.5,15.9,1.4,0
2021,Wakayama,February_Pentad6,5.5,10.2,1.3,2.5
2021,Wakayama,March_Pentad1,9,16,2.9,29.5
2021,Wakayama,March_Pentad2,7.9,13.9,2.6,11.5
2021,Wakayama,March_Pentad3,8.6,15,2.9,10.5
2021,Wakayama,March_Pentad4,11.3,19.9,3.4,2.5
2021,Wakayama,March_Pentad5,9.9,16.1,5,46
2021,Wakayama,March_Pentad6,13.1,21,6.7,37.5
2021,Wakayama,April_Pentad1,14.1,20.4,8.1,29
2021,Wakayama,April_Pentad2,10.4,17.6,3.8,5.5
2021,Wakayama,April_Pentad3,12.8,20,5.3,7.5
2021,Wakayama,April_Pentad4,11.8,17.6,6.7,48.5
2021,Wakayama,April_Pentad5,15.3,23.7,7.9,0
2021,Wakayama,April_Pentad6,13.9,19.9,8.1,85.5
2021,Wakayama,May_Pentad1,14,20.3,8.5,25.5
2021,Wakayama,May_Pentad2,16.7,23.5,10.1,4
2021,Wakayama,May_Pentad3,18.8,25.3,14.1,12
2021,Wakayama,May_Pentad4,20.9,24,18.3,53
2021,Wakayama,May_Pentad5,18.9,24.2,14.6,40.5
2021,Wakayama,May_Pentad6,18.4,24,12.9,43
2021,Wakayama,June_Pentad1,19.9,26.3,15.1,16
2021,Wakayama,June_Pentad2,21.9,29.9,15.7,2.5
2021,Wakayama,June_Pentad3,22,28.4,17.9,15.5
2021,Wakayama,June_Pentad4,20.3,24.1,17.5,35.5
2021,Wakayama,June_Pentad5,21.9,29,17.1,0
2021,Wakayama,June_Pentad6,22.1,27.5,18.7,14
2021,Wakayama,July_Pentad1,24.5,28.1,21.9,91
2021,Wakayama,July_Pentad2,25.3,29.9,22.8,47
2021,Wakayama,July_Pentad3,24.4,31.4,20.8,18.5
2021,Wakayama,July_Pentad4,25.3,31.4,21.1,10.5
2021,Wakayama,July_Pentad5,26,33.7,20.6,0
2021,Wakayama,July_Pentad6,26.7,33.8,21.4,0
2021,Wakayama,August_Pentad1,26.6,33.7,22.2,24.5
2021,Wakayama,August_Pentad2,26.3,32,22.4,19
2021,Wakayama,August_Pentad3,23.9,27.2,21.6,145
2021,Wakayama,August_Pentad4,22.6,27,20.5,145.5
2021,Wakayama,August_Pentad5,25.6,31.3,22.1,2
2021,Wakayama,August_Pentad6,26.9,33.3,22.3,0
2021,Wakayama,September_Pentad1,23.5,27.9,20.7,33.5
2021,Wakayama,September_Pentad2,23.2,29.3,19,2.5
2021,Wakayama,September_Pentad3,21.8,25.5,19.8,30.5
2021,Wakayama,September_Pentad4,22.3,26.8,19.3,41.5
2021,Wakayama,September_Pentad5,22.1,28.8,17.3,17
2021,Wakayama,September_Pentad6,21,25.8,17.7,2
2021,Wakayama,October_Pentad1,21,28.2,16,1
2021,Wakayama,October_Pentad2,21.7,29.5,16.3,0
2021,Wakayama,October_Pentad3,22.4,28.5,18.2,0
2021,Wakayama,October_Pentad4,15,20.2,10.5,8.5
2021,Wakayama,October_Pentad5,11.7,17.3,7.4,32.5
2021,Wakayama,October_Pentad6,13.6,20.4,9,1.5
2021,Wakayama,November_Pentad1,13.5,21,8.4,0
2021,Wakayama,November_Pentad2,13.4,19.1,8.9,11
2021,Wakayama,November_Pentad3,10.2,17,5.8,2
2021,Wakayama,November_Pentad4,11,18.7,6.1,0
2021,Wakayama,November_Pentad5,9.6,14.6,5.9,28.5
2021,Wakayama,November_Pentad6,8.5,15,3.1,10
2021,Wakayama,December_Pentad1,6.6,12,2.9,27
2021,Wakayama,December_Pentad2,8.9,13.5,5.2,26.5
2021,Wakayama,December_Pentad3,7.6,14.7,2.5,0.5
2021,Wakayama,December_Pentad4,5.5,10.9,1.1,24
2021,Wakayama,December_Pentad5,6.2,12.4,0.9,18
2021,Wakayama,December_Pentad6,3.3,7.1,0.6,5
2022,Wakayama,January_Pentad1,3.3,9.1,-1.2,0.5
2022,Wakayama,January_Pentad2,3.1,9.1,-1.6,0.5
2022,Wakayama,January_Pentad3,2.4,6.3,-0.3,18
2022,Wakayama,January_Pentad4,2.7,7.3,-1.7,2
2022,Wakayama,January_Pentad5,2.5,6.6,-1.5,16.5
2022,Wakayama,January_Pentad6,3.7,10.2,-1,0
2022,Wakayama,February_Pentad1,3.1,8.3,-1.1,0.5
2022,Wakayama,February_Pentad2,2.6,7.6,-0.5,1.5
2022,Wakayama,February_Pentad3,3.6,9.6,-1.2,11
2022,Wakayama,February_Pentad4,2,6.8,-1.5,9.5
2022,Wakayama,February_Pentad5,1.8,7.5,-2.3,0
2022,Wakayama,February_Pentad6,5.4,13.8,-1.5,0
2022,Wakayama,March_Pentad1,7,13.4,1.4,21
2022,Wakayama,March_Pentad2,5.1,12.3,-0.9,0
2022,Wakayama,March_Pentad3,13.9,20.9,7.3,13
2022,Wakayama,March_Pentad4,9.9,16.1,4.8,19.5
2022,Wakayama,March_Pentad5,7.8,14.1,2.5,27
2022,Wakayama,March_Pentad6,12.2,18.2,7.2,13.5
2022,Wakayama,April_Pentad1,9.1,16,3.2,5.5
2022,Wakayama,April_Pentad2,14.4,23.6,6.6,0
2022,Wakayama,April_Pentad3,17.9,24.7,12.9,2.5
2022,Wakayama,April_Pentad4,13.7,21.5,6.4,0
2022,Wakayama,April_Pentad5,16.6,22.8,12.3,26
2022,Wakayama,April_Pentad6,16.8,22.4,11.7,66.5
2022,Wakayama,May_Pentad1,13.9,22.1,6.6,3
2022,Wakayama,May_Pentad2,16.1,23.2,10.2,3
2022,Wakayama,May_Pentad3,17.1,21.2,13.2,77
2022,Wakayama,May_Pentad4,16.7,23.7,10.8,0
2022,Wakayama,May_Pentad5,19.4,26.5,13.1,0
2022,Wakayama,May_Pentad6,20.1,27.3,13.6,53
2022,Wakayama,June_Pentad1,19.7,27.1,12.9,11.5
2022,Wakayama,June_Pentad2,19.1,25.2,13.7,6
2022,Wakayama,June_Pentad3,19.4,25.1,15.7,12
2022,Wakayama,June_Pentad4,22.6,28.2,18.6,0
2022,Wakayama,June_Pentad5,25.3,30.1,21.2,24.5
2022,Wakayama,June_Pentad6,26.7,33.2,21.2,2
2022,Wakayama,July_Pentad1,25.6,30.8,22.1,60.5
2022,Wakayama,July_Pentad2,26,32,22,18.5
2022,Wakayama,July_Pentad3,25.3,30,22.4,5.5
2022,Wakayama,July_Pentad4,25,29.5,21.7,20
2022,Wakayama,July_Pentad5,25.7,32,20.3,0
2022,Wakayama,July_Pentad6,27.5,34.4,22.7,17.5
2022,Wakayama,August_Pentad1,27.9,34.6,23,0.5
2022,Wakayama,August_Pentad2,28.1,35.6,23,0
2022,Wakayama,August_Pentad3,27.5,34.8,23.6,24.5
2022,Wakayama,August_Pentad4,26.6,31.7,22.3,40
2022,Wakayama,August_Pentad5,27,32.9,23.8,44
2022,Wakayama,August_Pentad6,25.2,31.1,21,22
2022,Wakayama,September_Pentad1,25.3,32,21.6,46
2022,Wakayama,September_Pentad2,24.8,29.2,22.1,38
2022,Wakayama,September_Pentad3,25.9,33.4,20.9,0
2022,Wakayama,September_Pentad4,24.2,28.8,20.2,47
2022,Wakayama,September_Pentad5,20.7,25.9,16.6,38
2022,Wakayama,September_Pentad6,21.3,27.4,17.8,20.5
2022,Wakayama,October_Pentad1,20.9,27.4,15.9,18.5
2022,Wakayama,October_Pentad2,15.7,18.9,12.8,54
2022,Wakayama,October_Pentad3,16.9,23.3,12.3,0
2022,Wakayama,October_Pentad4,15.8,22.2,10.8,7
2022,Wakayama,October_Pentad5,15.2,22.5,9.9,0
2022,Wakayama,October_Pentad6,11.9,19.8,6.2,0
2022,Wakayama,November_Pentad1,14,20.1,10,12.5
2022,Wakayama,November_Pentad2,11.6,19.8,6.2,0
2022,Wakayama,November_Pentad3,13,18.9,8,17.5
2022,Wakayama,November_Pentad4,10.3,17.2,5.4,7.5
2022,Wakayama,November_Pentad5,12.3,17.4,8.4,13.5
2022,Wakayama,November_Pentad6,12.2,17.8,7.5,21.5
2022,Wakayama,December_Pentad1,6.9,11.9,3.1,1
2022,Wakayama,December_Pentad2,7.4,14.1,2.5,0
2022,Wakayama,December_Pentad3,6.2,11.3,2.6,8.5
2022,Wakayama,December_Pentad4,2.2,7.3,-1.7,9.5
2022,Wakayama,December_Pentad5,3.4,7.5,-0.3,14
2022,Wakayama,December_Pentad6,4,10.2,-0.2,0
2023,Wakayama,January_Pentad1,3.8,9.4,-0.6,0
2023,Wakayama,January_Pentad2,4.6,10.2,-0.6,2.5
2023,Wakayama,January_Pentad3,8.4,15.2,3.3,45.5
2023,Wakayama,January_Pentad4,5.1,10.4,0.6,1
2023,Wakayama,January_Pentad5,1.5,6.2,-2.5,17
2023,Wakayama,January_Pentad6,0.7,5.8,-2.2,14.5
2023,Wakayama,February_Pentad1,3.5,10,-1.6,0
2023,Wakayama,February_Pentad2,5.3,10.8,0.3,4.5
2023,Wakayama,February_Pentad3,5.9,10.4,2.4,8.5
2023,Wakayama,February_Pentad4,6.6,12.2,0.9,5.5
2023,Wakayama,February_Pentad5,3.8,8.9,0.1,12.5
2023,Wakayama,February_Pentad6,4.4,11.9,-2.2,0
2023,Wakayama,March_Pentad1,6.9,14,0.5,9.5
2023,Wakayama,March_Pentad2,10.9,19.8,3,0
2023,Wakayama,March_Pentad3,10.7,19.9,2.5,15.5
2023,Wakayama,March_Pentad4,10.2,16.5,4.3,32.5
2023,Wakayama,March_Pentad5,13.7,18.5,9.4,16
2023,Wakayama,March_Pentad6,10.1,17.7,4.2,13.5
2023,Wakayama,April_Pentad1,13.4,22,6.8,3.5
2023,Wakayama,April_Pentad2,13,19,6.9,33.5
2023,Wakayama,April_Pentad3,13.9,21.4,7.7,32
2023,Wakayama,April_Pentad4,14.7,20.7,9.3,16
2023,Wakayama,April_Pentad5,13.2,19.9,7.3,2.5
2023,Wakayama,April_Pentad6,14.8,21.2,8.8,51
2023,Wakayama,May_Pentad1,16.4,24.3,8.7,0
2023,Wakayama,May_Pentad2,17.1,23.1,11.4,107
2023,Wakayama,May_Pentad3,16.2,24,10.5,21
2023,Wakayama,May_Pentad4,19.3,26.3,13.8,26
2023,Wakayama,May_Pentad5,18.3,25.8,12.4,1
2023,Wakayama,May_Pentad6,19.8,24.8,15.6,70
2023,Wakayama,June_Pentad1,19.4,26.1,13.7,304.5
2023,Wakayama,June_Pentad2,19.5,24.4,15.8,34.5
2023,Wakayama,June_Pentad3,21.4,24.8,19,26
2023,Wakayama,June_Pentad4,22.4,29.6,16.2,0
2023,Wakayama,June_Pentad5,22.4,28.3,18.3,11
2023,Wakayama,June_Pentad6,25.2,31.3,21.2,24.5
2023,Wakayama,July_Pentad1,24.7,30.2,21.3,27
2023,Wakayama,July_Pentad2,26.6,32.6,22.1,39.5
2023,Wakayama,July_Pentad3,27,32.7,23.3,0.5
2023,Wakayama,July_Pentad4,27.7,34.8,22.2,1
2023,Wakayama,July_Pentad5,27.4,35.2,21.5,0
2023,Wakayama,July_Pentad6,28.2,36.6,23,0
2023,Wakayama,August_Pentad1,27.9,36.5,22.4,11.5
2023,Wakayama,August_Pentad2,27.9,34.3,23.5,7
2023,Wakayama,August_Pentad3,27.6,33.3,23.4,65
2023,Wakayama,August_Pentad4,27.5,34.2,23.3,2.5
2023,Wakayama,August_Pentad5,26.6,34.3,23.7,43
2023,Wakayama,August_Pentad6,25.9,34,22,59
2023,Wakayama,September_Pentad1,26.7,34,21.8,3
2023,Wakayama,September_Pentad2,24.6,30.8,21.1,14.5
2023,Wakayama,September_Pentad3,25,30.9,21.3,51
2023,Wakayama,September_Pentad4,26.2,33.4,21.9,0
2023,Wakayama,September_Pentad5,23,29.3,18.9,37
2023,Wakayama,September_Pentad6,24.1,31.4,18.9,0
2023,Wakayama,October_Pentad1,19.5,25.6,14.6,17.5
2023,Wakayama,October_Pentad2,16.9,22.3,13.1,13.5
2023,Wakayama,October_Pentad3,16.3,23.6,11.5,34
2023,Wakayama,October_Pentad4,17.6,26,12.4,3.5
2023,Wakayama,October_Pentad5,14.4,22.6,9.2,3.5
2023,Wakayama,October_Pentad6,13.9,22,8.9,3.5
2023,Wakayama,November_Pentad1,16.4,25.6,9.9,0
2023,Wakayama,November_Pentad2,16.3,22.1,11.8,47.5
2023,Wakayama,November_Pentad3,8.9,14.3,4.9,19.5
2023,Wakayama,November_Pentad4,9.6,15.2,4.9,33
2023,Wakayama,November_Pentad5,9.9,17.9,4.3,0
2023,Wakayama,November_Pentad6,8,14.2,2.7,2
2023,Wakayama,December_Pentad1,6,11.7,2.2,2
2023,Wakayama,December_Pentad2,9.4,17.6,4.1,1
2023,Wakayama,December_Pentad3,11.9,17,6.8,13
2023,Wakayama,December_Pentad4,6.4,11.7,3.1,12.5
2023,Wakayama,December_Pentad5,2.6,8.2,-1.1,0.5
2023,Wakayama,December_Pentad6,6.3,13.6,1.5,14
2024,Wakayama,January_Pentad1,5.5,12,0.1,6.5
2024,Wakayama,January_Pentad2,4.6,10.4,-0.2,0
2024,Wakayama,January_Pentad3,4.6,11.1,-1.2,2.5
2024,Wakayama,January_Pentad4,6.3,10.7,2.2,7
2024,Wakayama,January_Pentad5,4.7,8.1,2.3,6
2024,Wakayama,January_Pentad6,4.7,10.9,0.1,2
2024,Wakayama,February_Pentad1,4.9,8.6,1.5,22
2024,Wakayama,February_Pentad2,4.2,10.6,-0.8,0
2024,Wakayama,February_Pentad3,8.2,15.5,2.1,4
2024,Wakayama,February_Pentad4,10.9,17.8,5.4,12
2024,Wakayama,February_Pentad5,6.5,8.7,4.2,43.5
2024,Wakayama,February_Pentad6,5.8,10.4,2.2,8
2024,Wakayama,March_Pentad1,5.8,11.3,1.3,12.5
2024,Wakayama,March_Pentad2,4.9,10.3,0.9,3.5
2024,Wakayama,March_Pentad3,7,14,0.9,33
2024,Wakayama,March_Pentad4,7.9,14.7,1.9,14
2024,Wakayama,March_Pentad5,7.6,11.7,4.1,66.5
2024,Wakayama,March_Pentad6,13.1,20,7.1,41
2024,Wakayama,April_Pentad1,14.1,19.8,8.8,28
2024,Wakayama,April_Pentad2,14,21.4,8,63.5
2024,Wakayama,April_Pentad3,15.9,24.8,8.7,0
2024,Wakayama,April_Pentad4,17.2,24.8,10.9,0
2024,Wakayama,April_Pentad5,17.7,22.9,14.6,21
2024,Wakayama,April_Pentad6,18.2,23.9,13.8,10.5
2024,Wakayama,May_Pentad1,16.3,23.8,10.1,10
2024,Wakayama,May_Pentad2,15.5,21.6,10,12.5
2024,Wakayama,May_Pentad3,17.1,23.4,10.7,48
2024,Wakayama,May_Pentad4,17.5,24.2,11.1,25
2024,Wakayama,May_Pentad5,19.6,27.5,14.1,0
2024,Wakayama,May_Pentad6,19,25.7,13.5,104.5
2024,Wakayama,June_Pentad1,19.1,26.2,13.5,0
2024,Wakayama,June_Pentad2,20.3,26.9,15.4,22
2024,Wakayama,June_Pentad3,23.2,30.5,17.8,0
2024,Wakayama,June_Pentad4,22.4,28.6,18,96.5
2024,Wakayama,June_Pentad5,23.6,28.8,20,79
2024,Wakayama,June_Pentad6,23.6,27.2,20.7,85
2024,Wakayama,July_Pentad1,26.8,31.7,23.3,77
2024,Wakayama,July_Pentad2,28,34.3,23,1.5
2024,Wakayama,July_Pentad3,24.5,28.1,22.2,136.5
2024,Wakayama,July_Pentad4,27.8,34,23.2,21
2024,Wakayama,July_Pentad5,29.2,35.4,24.5,0
2024,Wakayama,July_Pentad6,29.4,35.7,24.3,0
2024,Wakayama,August_Pentad1,29.4,37.4,24.7,0
2024,Wakayama,August_Pentad2,29.1,36.5,23.5,0
2024,Wakayama,August_Pentad3,28.8,37.3,22.9,1.5
2024,Wakayama,August_Pentad4,27.3,33.1,23.5,18.5
2024,Wakayama,August_Pentad5,28.6,36.7,23.8,10.5
2024,Wakayama,August_Pentad6,26.6,33.3,22.9,88.5
2024,Wakayama,September_Pentad1,25.9,32.1,21.9,1.5
2024,Wakayama,September_Pentad2,26.9,35.1,21.6,0
2024,Wakayama,September_Pentad3,27.2,34.2,23.2,17.5
2024,Wakayama,September_Pentad4,27.5,34.8,23,46.5
2024,Wakayama,September_Pentad5,23.8,30.1,19.4,11.5
2024,Wakayama,September_Pentad6,23.8,29,20.8,14
2024,Wakayama,October_Pentad1,22,26.8,18.9,40
2024,Wakayama,October_Pentad2,20.4,26.4,16.7,51
2024,Wakayama,October_Pentad3,18.7,27,13.3,0
2024,Wakayama,October_Pentad4,20.5,25.9,16.9,10
2024,Wakayama,October_Pentad5,18.8,25,14.5,8.5
2024,Wakayama,October_Pentad6,17,21.2,13.7,35.5
2024,Wakayama,November_Pentad1,16.9,23.2,12.7,89
2024,Wakayama,November_Pentad2,12.5,19,7.3,0
2024,Wakayama,November_Pentad3,15.1,21.4,10.3,2
2024,Wakayama,November_Pentad4,12.4,16.7,9.3,5
2024,Wakayama,November_Pentad5,9.5,15.4,5,0
2024,Wakayama,November_Pentad6,9.6,14.8,4.9,40
2024,Wakayama,December_Pentad1,9.2,16.2,4.4,0
2024,Wakayama,December_Pentad2,6.4,11.9,2.5,4.5
2024,Wakayama,December_Pentad3,5.3,11,1.4,9
2024,Wakayama,December_Pentad4,4.2,9.9,0.1,2.5
2024,Wakayama,December_Pentad5,5.6,10.7,1.6,0
2024,Wakayama,December_Pentad6,5.2,9.9,1.8,4.5
2025,Wakayama,January_Pentad1,4.6,11.3,-0.4,0
2025,Wakayama,January_Pentad2,2.7,6.9,-0.4,18
2025,Wakayama,January_Pentad3,3.9,9.3,0.5,1
2025,Wakayama,January_Pentad4,4.6,11.6,-0.5,7
2025,Wakayama,January_Pentad5,5.5,13.3,0,0
2025,Wakayama,January_Pentad6,4,9,0.3,2
2025,Wakayama,February_Pentad1,3.5,8.1,0.1,16
2025,Wakayama,February_Pentad2,1.4,6.7,-2.7,3
2025,Wakayama,February_Pentad3,4.3,11.5,-2.6,3.5
2025,Wakayama,February_Pentad4,3.7,9.2,0,9.5
2025,Wakayama,February_Pentad5,2,8,-2.2,6.5
2025,Wakayama,February_Pentad6,6.8,14.1,1.5,0.5
2025,Wakayama,March_Pentad1,9.1,14,5.5,30.5
2025,Wakayama,March_Pentad2,5.4,12.3,0,0
2025,Wakayama,March_Pentad3,9.6,14.3,4.9,9
2025,Wakayama,March_Pentad4,4.5,10.8,0.5,27.5
2025,Wakayama,March_Pentad5,13.3,22.6,5.2,0.5
2025,Wakayama,March_Pentad6,12,17.8,6.3,30.5
2025,Wakayama,April_Pentad1,10.2,16.1,4.5,4
2025,Wakayama,April_Pentad2,13.4,22.3,6.7,11.5
2025,Wakayama,April_Pentad3,12.3,19.5,6.7,24.5
2025,Wakayama,April_Pentad4,17.5,25.5,10.8,0
2025,Wakayama,April_Pentad5,17.6,24.2,11.8,19
2025,Wakayama,April_Pentad6,14,22.4,6,22
2025,Wakayama,May_Pentad1,16.2,23.6,8.3,24
2025,Wakayama,May_Pentad2,15.7,22.5,10.1,48.5
2025,Wakayama,May_Pentad3,17.7,25.4,11.7,11
2025,Wakayama,May_Pentad4,21.5,26.9,17,43.5
2025,Wakayama,May_Pentad5,20.3,25.7,16.5,47.5
2025,Wakayama,May_Pentad6,17.9,23.2,14.1,1.5
2025,Wakayama,June_Pentad1,18.9,25.1,13.5,35
2025,Wakayama,June_Pentad2,20.7,26.4,16.5,58.5
2025,Wakayama,June_Pentad3,22.4,26.9,18.9,65
2025,Wakayama,June_Pentad4,26.6,33.7,20.5,0
2025,Wakayama,June_Pentad5,25.9,31.4,21.9,50
2025,Wakayama,June_Pentad6,25.5,32.5,20.5,50.5
2025,Wakayama,July_Pentad1,27.6,34.9,22.8,0
2025,Wakayama,July_Pentad2,28,35.5,23.3,4.5
2025,Wakayama,July_Pentad3,27.2,35,22.5,17.5
2025,Wakayama,July_Pentad4,26.1,32.7,21.6,59.5
2025,Wakayama,July_Pentad5,28.1,35.3,23.3,10.5
2025,Wakayama,July_Pentad6,28,35.8,22.4,0
2025,Wakayama,August_Pentad1,29.4,36.5,23.8,0
2025,Wakayama,August_Pentad2,28,33.2,24,4
2025,Wakayama,August_Pentad3,28,33.6,24.3,25
2025,Wakayama,August_Pentad4,28,35.5,23.1,3.5
2025,Wakayama,August_Pentad5,28.4,35.8,23.5,18.5
2025,Wakayama,August_Pentad6,28.1,36,22.9,3
2025,Wakayama,September_Pentad1,27,33.3,23.1,88
2025,Wakayama,September_Pentad2,27,34.3,22,0
2025,Wakayama,September_Pentad3,26.5,32.3,23.2,14.5
2025,Wakayama,September_Pentad4,26.6,32.9,21.9,1
2025,Wakayama,September_Pentad5,22.7,29.1,18.5,6.5
2025,Wakayama,September_Pentad6,22.6,29.2,17.4,2.5
2025,Wakayama,October_Pentad1,21.3,27.1,17.9,10.5
2025,Wakayama,October_Pentad2,22.1,28.5,17.5,0
2025,Wakayama,October_Pentad3,22.4,27.6,18.4,21
2025,Wakayama,October_Pentad4,20.7,25.8,16.9,10.5
2025,Wakayama,October_Pentad5,14.3,19.3,10.9,10
2025,Wakayama,October_Pentad6,13.8,19.4,9.5,41
2025,Wakayama,November_Pentad1,12.6,17.8,8.7,7.5
2025,Wakayama,November_Pentad2,13.3,18.9,8.2,17.5
2025,Wakayama,November_Pentad3,11,17.3,6.6,0
2025,Wakayama,November_Pentad4,10,17.4,4.9,2.5
2025,Wakayama,November_Pentad5,9.7,16.9,4.9,10.5
2025,Wakayama,November_Pentad6,9.6,17.2,4,2
2025,Wakayama,December_Pentad1,8.7,14.6,4.3,1
2025,Wakayama,December_Pentad2,7.2,15.3,1.4,0
2025,Wakayama,December_Pentad3,7,12.5,2.4,5.5
2025,Wakayama,December_Pentad4,7.9,15.7,1.8,2.5
2025,Wakayama,December_Pentad5,8.8,12.5,4.5,40.5
2025,Wakayama,December_Pentad6,4.8,10.8,0.3,2
